15:43:24.558 [ INFO] NavSolver — 3-D incompressible Navier-Stokes solver
15:43:24.558 [ INFO] Build: C++17, UNIFAES scheme, fractional-step projection
15:43:24.559 [ INFO] Config loaded from experiments/configs/backsetp.cfg
15:43:24.561 [ INFO] Grid: 240 x 80 x 20  Re=100
15:43:24.561 [ INFO] Domain: 6 x 2 x 1  dx=0.025  dy=0.025  dz=0.05
15:43:24.583 [ INFO] Initialisation complete.  Active cells: 368000  dt0=0.00486111
15:43:24.871 [ INFO] VTK snapshot written → results/backstep_validation/step_re100_t000000.vtk
15:43:26.841 [ INFO] === Steady-state marching ===
15:43:26.893 [ INFO] step=     1  t=0.00416  ResidMax=3.864e+00  DilMax=6.617e-01  dt=4.158e-03
15:43:26.929 [ INFO] step=     2  t=0.00832  ResidMax=3.850e+00  DilMax=6.055e-01  dt=4.159e-03
15:43:26.966 [ INFO] step=     3  t=0.01248  ResidMax=3.634e+00  DilMax=5.848e-01  dt=4.159e-03
15:43:27.003 [ INFO] step=     4  t=0.01664  ResidMax=3.301e+00  DilMax=5.981e-01  dt=4.159e-03
15:43:27.039 [ INFO] step=     5  t=0.02079  ResidMax=3.193e+00  DilMax=6.286e-01  dt=4.159e-03
15:43:27.076 [ INFO] step=     6  t=0.02495  ResidMax=3.228e+00  DilMax=6.665e-01  dt=4.159e-03
15:43:27.116 [ INFO] step=     7  t=0.02911  ResidMax=3.051e+00  DilMax=7.078e-01  dt=4.159e-03
15:43:27.188 [ INFO] step=     8  t=0.03327  ResidMax=2.791e+00  DilMax=7.512e-01  dt=4.159e-03
15:43:27.225 [ INFO] step=     9  t=0.03743  ResidMax=2.842e+00  DilMax=7.960e-01  dt=4.159e-03
15:43:27.261 [ INFO] step=    10  t=0.04159  ResidMax=2.731e+00  DilMax=8.418e-01  dt=4.159e-03
15:43:27.299 [ INFO] step=    11  t=0.04575  ResidMax=2.520e+00  DilMax=8.882e-01  dt=4.159e-03
15:43:27.336 [ INFO] step=    12  t=0.04991  ResidMax=2.554e+00  DilMax=9.351e-01  dt=4.160e-03
15:43:27.373 [ INFO] step=    13  t=0.05407  ResidMax=2.494e+00  DilMax=9.821e-01  dt=4.160e-03
15:43:27.411 [ INFO] step=    14  t=0.05823  ResidMax=2.336e+00  DilMax=1.029e+00  dt=4.160e-03
15:43:27.449 [ INFO] step=    15  t=0.06239  ResidMax=2.331e+00  DilMax=1.076e+00  dt=4.160e-03
15:43:27.487 [ INFO] step=    16  t=0.06655  ResidMax=2.288e+00  DilMax=1.123e+00  dt=4.160e-03
15:43:27.523 [ INFO] step=    17  t=0.07071  ResidMax=2.158e+00  DilMax=1.170e+00  dt=4.160e-03
15:43:27.561 [ INFO] step=    18  t=0.07487  ResidMax=2.129e+00  DilMax=1.216e+00  dt=4.160e-03
15:43:27.598 [ INFO] step=    19  t=0.07903  ResidMax=2.102e+00  DilMax=1.260e+00  dt=4.160e-03
15:43:27.635 [ INFO] step=    20  t=0.08319  ResidMax=1.999e+00  DilMax=1.304e+00  dt=4.160e-03
15:43:27.672 [ INFO] step=    21  t=0.08735  ResidMax=1.959e+00  DilMax=1.346e+00  dt=4.160e-03
15:43:27.710 [ INFO] step=    22  t=0.09151  ResidMax=1.947e+00  DilMax=1.386e+00  dt=4.160e-03
15:43:27.749 [ INFO] step=    23  t=0.09567  ResidMax=1.866e+00  DilMax=1.423e+00  dt=4.160e-03
15:43:27.788 [ INFO] step=    24  t=0.09983  ResidMax=1.816e+00  DilMax=1.457e+00  dt=4.160e-03
15:43:27.828 [ INFO] step=    25  t=0.10399  ResidMax=1.813e+00  DilMax=1.488e+00  dt=4.160e-03
15:43:27.866 [ INFO] step=    26  t=0.10815  ResidMax=1.749e+00  DilMax=1.515e+00  dt=4.159e-03
15:43:27.903 [ INFO] step=    27  t=0.11231  ResidMax=1.691e+00  DilMax=1.540e+00  dt=4.159e-03
15:43:27.941 [ INFO] step=    28  t=0.11647  ResidMax=1.696e+00  DilMax=1.561e+00  dt=4.159e-03
15:43:27.977 [ INFO] step=    29  t=0.12063  ResidMax=1.646e+00  DilMax=1.580e+00  dt=4.159e-03
15:43:28.014 [ INFO] step=    30  t=0.12479  ResidMax=1.583e+00  DilMax=1.596e+00  dt=4.159e-03
15:43:28.052 [ INFO] step=    31  t=0.12895  ResidMax=1.597e+00  DilMax=1.610e+00  dt=4.160e-03
15:43:28.088 [ INFO] step=    32  t=0.13311  ResidMax=1.561e+00  DilMax=1.622e+00  dt=4.160e-03
15:43:28.125 [ INFO] step=    33  t=0.13727  ResidMax=1.500e+00  DilMax=1.632e+00  dt=4.160e-03
15:43:28.164 [ INFO] step=    34  t=0.14143  ResidMax=1.517e+00  DilMax=1.642e+00  dt=4.160e-03
15:43:28.203 [ INFO] step=    35  t=0.14559  ResidMax=1.494e+00  DilMax=1.650e+00  dt=4.160e-03
15:43:28.241 [ INFO] step=    36  t=0.14974  ResidMax=1.444e+00  DilMax=1.657e+00  dt=4.160e-03
15:43:28.279 [ INFO] step=    37  t=0.15390  ResidMax=1.456e+00  DilMax=1.664e+00  dt=4.160e-03
15:43:28.317 [ INFO] step=    38  t=0.15806  ResidMax=1.443e+00  DilMax=1.670e+00  dt=4.160e-03
15:43:28.354 [ INFO] step=    39  t=0.16222  ResidMax=1.402e+00  DilMax=1.676e+00  dt=4.160e-03
15:43:28.392 [ INFO] step=    40  t=0.16638  ResidMax=1.410e+00  DilMax=1.681e+00  dt=4.160e-03
15:43:28.430 [ INFO] step=    41  t=0.17054  ResidMax=1.406e+00  DilMax=1.686e+00  dt=4.160e-03
15:43:28.468 [ INFO] step=    42  t=0.17470  ResidMax=1.371e+00  DilMax=1.690e+00  dt=4.160e-03
15:43:28.506 [ INFO] step=    43  t=0.17886  ResidMax=1.375e+00  DilMax=1.694e+00  dt=4.159e-03
15:43:28.544 [ INFO] step=    44  t=0.18302  ResidMax=1.377e+00  DilMax=1.697e+00  dt=4.159e-03
15:43:28.581 [ INFO] step=    45  t=0.18718  ResidMax=1.349e+00  DilMax=1.700e+00  dt=4.159e-03
15:43:28.618 [ INFO] step=    46  t=0.19134  ResidMax=1.346e+00  DilMax=1.702e+00  dt=4.159e-03
15:43:28.655 [ INFO] step=    47  t=0.19550  ResidMax=1.351e+00  DilMax=1.703e+00  dt=4.159e-03
15:43:28.693 [ INFO] step=    48  t=0.19966  ResidMax=1.328e+00  DilMax=1.704e+00  dt=4.159e-03
15:43:28.730 [ INFO] step=    49  t=0.20382  ResidMax=1.317e+00  DilMax=1.704e+00  dt=4.159e-03
15:43:28.768 [ INFO] step=    50  t=0.20798  ResidMax=1.325e+00  DilMax=1.715e+00  dt=4.159e-03
15:43:28.806 [ INFO] step=    51  t=0.21214  ResidMax=1.305e+00  DilMax=1.756e+00  dt=4.159e-03
15:43:28.845 [ INFO] step=    52  t=0.21630  ResidMax=1.285e+00  DilMax=1.795e+00  dt=4.159e-03
15:43:28.883 [ INFO] step=    53  t=0.22045  ResidMax=1.294e+00  DilMax=1.833e+00  dt=4.159e-03
15:43:28.922 [ INFO] step=    54  t=0.22461  ResidMax=1.276e+00  DilMax=1.870e+00  dt=4.159e-03
15:43:28.960 [ INFO] step=    55  t=0.22877  ResidMax=1.247e+00  DilMax=1.907e+00  dt=4.159e-03
15:43:28.998 [ INFO] step=    56  t=0.23293  ResidMax=1.257e+00  DilMax=1.942e+00  dt=4.159e-03
15:43:29.035 [ INFO] step=    57  t=0.23709  ResidMax=1.241e+00  DilMax=1.976e+00  dt=4.159e-03
15:43:29.073 [ INFO] step=    58  t=0.24125  ResidMax=1.209e+00  DilMax=2.010e+00  dt=4.159e-03
15:43:29.111 [ INFO] step=    59  t=0.24541  ResidMax=1.214e+00  DilMax=2.042e+00  dt=4.159e-03
15:43:29.148 [ INFO] step=    60  t=0.24957  ResidMax=1.200e+00  DilMax=2.074e+00  dt=4.159e-03
15:43:29.186 [ INFO] step=    61  t=0.25373  ResidMax=1.168e+00  DilMax=2.106e+00  dt=4.159e-03
15:43:29.224 [ INFO] step=    62  t=0.25789  ResidMax=1.165e+00  DilMax=2.137e+00  dt=4.159e-03
15:43:29.263 [ INFO] step=    63  t=0.26204  ResidMax=1.153e+00  DilMax=2.167e+00  dt=4.159e-03
15:43:29.301 [ INFO] step=    64  t=0.26620  ResidMax=1.123e+00  DilMax=2.197e+00  dt=4.159e-03
15:43:29.339 [ INFO] step=    65  t=0.27036  ResidMax=1.111e+00  DilMax=2.227e+00  dt=4.159e-03
15:43:29.377 [ INFO] step=    66  t=0.27452  ResidMax=1.102e+00  DilMax=2.257e+00  dt=4.159e-03
15:43:29.416 [ INFO] step=    67  t=0.27868  ResidMax=1.075e+00  DilMax=2.286e+00  dt=4.159e-03
15:43:29.455 [ INFO] step=    68  t=0.28284  ResidMax=1.055e+00  DilMax=2.315e+00  dt=4.159e-03
15:43:29.494 [ INFO] step=    69  t=0.28700  ResidMax=1.049e+00  DilMax=2.345e+00  dt=4.159e-03
15:43:29.531 [ INFO] step=    70  t=0.29116  ResidMax=1.025e+00  DilMax=2.374e+00  dt=4.159e-03
15:43:29.572 [ INFO] step=    71  t=0.29531  ResidMax=9.989e-01  DilMax=2.403e+00  dt=4.159e-03
15:43:29.609 [ INFO] step=    72  t=0.29947  ResidMax=9.949e-01  DilMax=2.433e+00  dt=4.159e-03
15:43:29.646 [ INFO] step=    73  t=0.30363  ResidMax=9.757e-01  DilMax=2.462e+00  dt=4.159e-03
15:43:29.682 [ INFO] step=    74  t=0.30779  ResidMax=9.455e-01  DilMax=2.491e+00  dt=4.159e-03
15:43:29.717 [ INFO] step=    75  t=0.31195  ResidMax=9.426e-01  DilMax=2.521e+00  dt=4.159e-03
15:43:29.754 [ INFO] step=    76  t=0.31611  ResidMax=9.274e-01  DilMax=2.550e+00  dt=4.159e-03
15:43:29.790 [ INFO] step=    77  t=0.32027  ResidMax=9.277e-01  DilMax=2.580e+00  dt=4.159e-03
15:43:29.826 [ INFO] step=    78  t=0.32443  ResidMax=9.287e-01  DilMax=2.609e+00  dt=4.159e-03
15:43:29.863 [ INFO] step=    79  t=0.32858  ResidMax=9.162e-01  DilMax=2.639e+00  dt=4.159e-03
15:43:29.899 [ INFO] step=    80  t=0.33274  ResidMax=9.339e-01  DilMax=2.669e+00  dt=4.159e-03
15:43:29.935 [ INFO] step=    81  t=0.33690  ResidMax=9.324e-01  DilMax=2.699e+00  dt=4.159e-03
15:43:29.972 [ INFO] step=    82  t=0.34106  ResidMax=9.211e-01  DilMax=2.729e+00  dt=4.159e-03
15:43:30.008 [ INFO] step=    83  t=0.34522  ResidMax=9.358e-01  DilMax=2.759e+00  dt=4.159e-03
15:43:30.045 [ INFO] step=    84  t=0.34938  ResidMax=9.318e-01  DilMax=2.789e+00  dt=4.158e-03
15:43:30.081 [ INFO] step=    85  t=0.35353  ResidMax=9.210e-01  DilMax=2.819e+00  dt=4.158e-03
15:43:30.117 [ INFO] step=    86  t=0.35769  ResidMax=9.329e-01  DilMax=2.849e+00  dt=4.158e-03
15:43:30.154 [ INFO] step=    87  t=0.36185  ResidMax=9.265e-01  DilMax=2.879e+00  dt=4.158e-03
15:43:30.190 [ INFO] step=    88  t=0.36601  ResidMax=9.160e-01  DilMax=2.909e+00  dt=4.158e-03
15:43:30.228 [ INFO] step=    89  t=0.37017  ResidMax=9.253e-01  DilMax=2.940e+00  dt=4.158e-03
15:43:30.265 [ INFO] step=    90  t=0.37433  ResidMax=9.170e-01  DilMax=2.970e+00  dt=4.158e-03
15:43:30.303 [ INFO] step=    91  t=0.37849  ResidMax=9.066e-01  DilMax=3.000e+00  dt=4.158e-03
15:43:30.371 [ INFO] step=    92  t=0.38264  ResidMax=9.137e-01  DilMax=3.029e+00  dt=4.158e-03
15:43:30.408 [ INFO] step=    93  t=0.38680  ResidMax=9.040e-01  DilMax=3.059e+00  dt=4.158e-03
15:43:30.445 [ INFO] step=    94  t=0.39096  ResidMax=8.936e-01  DilMax=3.088e+00  dt=4.158e-03
15:43:30.483 [ INFO] step=    95  t=0.39512  ResidMax=8.992e-01  DilMax=3.118e+00  dt=4.158e-03
15:43:30.521 [ INFO] step=    96  t=0.39928  ResidMax=8.888e-01  DilMax=3.147e+00  dt=4.158e-03
15:43:30.559 [ INFO] step=    97  t=0.40344  ResidMax=8.784e-01  DilMax=3.175e+00  dt=4.159e-03
15:43:30.596 [ INFO] step=    98  t=0.40760  ResidMax=8.831e-01  DilMax=3.204e+00  dt=4.159e-03
15:43:30.634 [ INFO] step=    99  t=0.41175  ResidMax=8.728e-01  DilMax=3.232e+00  dt=4.159e-03
15:43:30.671 [ INFO] step=   100  t=0.41591  ResidMax=8.626e-01  DilMax=3.259e+00  dt=4.159e-03
15:43:30.714 [ INFO] step=   101  t=0.42007  ResidMax=8.670e-01  DilMax=3.287e+00  dt=4.159e-03
15:43:30.760 [ INFO] step=   102  t=0.42423  ResidMax=8.573e-01  DilMax=3.313e+00  dt=4.159e-03
15:43:30.811 [ INFO] step=   103  t=0.42839  ResidMax=8.474e-01  DilMax=3.340e+00  dt=4.159e-03
15:43:30.863 [ INFO] step=   104  t=0.43255  ResidMax=8.522e-01  DilMax=3.366e+00  dt=4.159e-03
15:43:30.900 [ INFO] step=   105  t=0.43671  ResidMax=8.447e-01  DilMax=3.391e+00  dt=4.159e-03
15:43:30.938 [ INFO] step=   106  t=0.44086  ResidMax=8.341e-01  DilMax=3.416e+00  dt=4.159e-03
15:43:30.976 [ INFO] step=   107  t=0.44502  ResidMax=8.396e-01  DilMax=3.441e+00  dt=4.159e-03
15:43:31.014 [ INFO] step=   108  t=0.44918  ResidMax=8.350e-01  DilMax=3.465e+00  dt=4.159e-03
15:43:31.051 [ INFO] step=   109  t=0.45334  ResidMax=8.257e-01  DilMax=3.488e+00  dt=4.159e-03
15:43:31.088 [ INFO] step=   110  t=0.45750  ResidMax=8.298e-01  DilMax=3.511e+00  dt=4.159e-03
15:43:31.123 [ INFO] step=   111  t=0.46166  ResidMax=8.279e-01  DilMax=3.534e+00  dt=4.159e-03
15:43:31.160 [ INFO] step=   112  t=0.46582  ResidMax=8.204e-01  DilMax=3.556e+00  dt=4.159e-03
15:43:31.197 [ INFO] step=   113  t=0.46997  ResidMax=8.229e-01  DilMax=3.578e+00  dt=4.159e-03
15:43:31.233 [ INFO] step=   114  t=0.47413  ResidMax=8.234e-01  DilMax=3.600e+00  dt=4.159e-03
15:43:31.270 [ INFO] step=   115  t=0.47829  ResidMax=8.175e-01  DilMax=3.621e+00  dt=4.159e-03
15:43:31.307 [ INFO] step=   116  t=0.48245  ResidMax=8.186e-01  DilMax=3.642e+00  dt=4.159e-03
15:43:31.350 [ INFO] step=   117  t=0.48661  ResidMax=8.209e-01  DilMax=3.662e+00  dt=4.159e-03
15:43:31.392 [ INFO] step=   118  t=0.49077  ResidMax=8.165e-01  DilMax=3.682e+00  dt=4.159e-03
15:43:31.432 [ INFO] step=   119  t=0.49493  ResidMax=8.161e-01  DilMax=3.702e+00  dt=4.159e-03
15:43:31.473 [ INFO] step=   120  t=0.49909  ResidMax=8.197e-01  DilMax=3.722e+00  dt=4.159e-03
15:43:31.513 [ INFO] step=   121  t=0.50324  ResidMax=8.165e-01  DilMax=3.742e+00  dt=4.159e-03
15:43:31.553 [ INFO] step=   122  t=0.50740  ResidMax=8.147e-01  DilMax=3.762e+00  dt=4.159e-03
15:43:31.591 [ INFO] step=   123  t=0.51156  ResidMax=8.190e-01  DilMax=3.781e+00  dt=4.159e-03
15:43:31.628 [ INFO] step=   124  t=0.51572  ResidMax=8.167e-01  DilMax=3.800e+00  dt=4.159e-03
15:43:31.664 [ INFO] step=   125  t=0.51988  ResidMax=8.133e-01  DilMax=3.820e+00  dt=4.159e-03
15:43:31.700 [ INFO] step=   126  t=0.52404  ResidMax=8.178e-01  DilMax=3.839e+00  dt=4.159e-03
15:43:31.738 [ INFO] step=   127  t=0.52820  ResidMax=8.161e-01  DilMax=3.858e+00  dt=4.159e-03
15:43:31.775 [ INFO] step=   128  t=0.53236  ResidMax=8.112e-01  DilMax=3.877e+00  dt=4.159e-03
15:43:31.815 [ INFO] step=   129  t=0.53651  ResidMax=8.152e-01  DilMax=3.896e+00  dt=4.159e-03
15:43:31.854 [ INFO] step=   130  t=0.54067  ResidMax=8.139e-01  DilMax=3.915e+00  dt=4.159e-03
15:43:31.893 [ INFO] step=   131  t=0.54483  ResidMax=8.076e-01  DilMax=3.934e+00  dt=4.159e-03
15:43:31.931 [ INFO] step=   132  t=0.54899  ResidMax=8.108e-01  DilMax=3.952e+00  dt=4.159e-03
15:43:31.968 [ INFO] step=   133  t=0.55315  ResidMax=8.098e-01  DilMax=3.971e+00  dt=4.159e-03
15:43:32.007 [ INFO] step=   134  t=0.55731  ResidMax=8.021e-01  DilMax=3.989e+00  dt=4.159e-03
15:43:32.048 [ INFO] step=   135  t=0.56147  ResidMax=8.042e-01  DilMax=4.007e+00  dt=4.159e-03
15:43:32.089 [ INFO] step=   136  t=0.56563  ResidMax=8.035e-01  DilMax=4.025e+00  dt=4.159e-03
15:43:32.128 [ INFO] step=   137  t=0.56979  ResidMax=7.948e-01  DilMax=4.043e+00  dt=4.159e-03
15:43:32.165 [ INFO] step=   138  t=0.57395  ResidMax=7.960e-01  DilMax=4.060e+00  dt=4.159e-03
15:43:32.202 [ INFO] step=   139  t=0.57810  ResidMax=7.951e-01  DilMax=4.077e+00  dt=4.159e-03
15:43:32.239 [ INFO] step=   140  t=0.58226  ResidMax=7.866e-01  DilMax=4.093e+00  dt=4.159e-03
15:43:32.275 [ INFO] step=   141  t=0.58642  ResidMax=7.867e-01  DilMax=4.109e+00  dt=4.159e-03
15:43:32.313 [ INFO] step=   142  t=0.59058  ResidMax=7.860e-01  DilMax=4.124e+00  dt=4.159e-03
15:43:32.354 [ INFO] step=   143  t=0.59474  ResidMax=7.872e-01  DilMax=4.139e+00  dt=4.159e-03
15:43:32.429 [ INFO] step=   144  t=0.59890  ResidMax=7.892e-01  DilMax=4.152e+00  dt=4.159e-03
15:43:32.469 [ INFO] step=   145  t=0.60306  ResidMax=7.906e-01  DilMax=4.165e+00  dt=4.159e-03
15:43:32.506 [ INFO] step=   146  t=0.60722  ResidMax=7.917e-01  DilMax=4.177e+00  dt=4.159e-03
15:43:32.542 [ INFO] step=   147  t=0.61138  ResidMax=7.934e-01  DilMax=4.188e+00  dt=4.159e-03
15:43:32.579 [ INFO] step=   148  t=0.61554  ResidMax=7.949e-01  DilMax=4.198e+00  dt=4.159e-03
15:43:32.615 [ INFO] step=   149  t=0.61970  ResidMax=7.964e-01  DilMax=4.207e+00  dt=4.159e-03
15:43:32.657 [ INFO] step=   150  t=0.62385  ResidMax=7.973e-01  DilMax=4.215e+00  dt=4.159e-03
15:43:32.699 [ INFO] step=   151  t=0.62801  ResidMax=7.978e-01  DilMax=4.221e+00  dt=4.159e-03
15:43:32.740 [ INFO] step=   152  t=0.63217  ResidMax=7.993e-01  DilMax=4.226e+00  dt=4.159e-03
15:43:32.780 [ INFO] step=   153  t=0.63633  ResidMax=8.006e-01  DilMax=4.229e+00  dt=4.159e-03
15:43:32.816 [ INFO] step=   154  t=0.64049  ResidMax=8.018e-01  DilMax=4.231e+00  dt=4.159e-03
15:43:32.853 [ INFO] step=   155  t=0.64465  ResidMax=8.023e-01  DilMax=4.232e+00  dt=4.159e-03
15:43:32.889 [ INFO] step=   156  t=0.64881  ResidMax=8.022e-01  DilMax=4.230e+00  dt=4.159e-03
15:43:32.925 [ INFO] step=   157  t=0.65297  ResidMax=8.036e-01  DilMax=4.227e+00  dt=4.159e-03
15:43:32.961 [ INFO] step=   158  t=0.65713  ResidMax=8.048e-01  DilMax=4.223e+00  dt=4.159e-03
15:43:33.000 [ INFO] step=   159  t=0.66129  ResidMax=8.057e-01  DilMax=4.216e+00  dt=4.159e-03
15:43:33.039 [ INFO] step=   160  t=0.66545  ResidMax=8.059e-01  DilMax=4.208e+00  dt=4.159e-03
15:43:33.080 [ INFO] step=   161  t=0.66960  ResidMax=8.070e-01  DilMax=4.198e+00  dt=4.159e-03
15:43:33.121 [ INFO] step=   162  t=0.67376  ResidMax=8.075e-01  DilMax=4.185e+00  dt=4.159e-03
15:43:33.162 [ INFO] step=   163  t=0.67792  ResidMax=8.081e-01  DilMax=4.171e+00  dt=4.159e-03
15:43:33.201 [ INFO] step=   164  t=0.68208  ResidMax=8.098e-01  DilMax=4.155e+00  dt=4.159e-03
15:43:33.237 [ INFO] step=   165  t=0.68624  ResidMax=8.112e-01  DilMax=4.137e+00  dt=4.159e-03
15:43:33.274 [ INFO] step=   166  t=0.69040  ResidMax=8.121e-01  DilMax=4.118e+00  dt=4.159e-03
15:43:33.310 [ INFO] step=   167  t=0.69456  ResidMax=8.126e-01  DilMax=4.096e+00  dt=4.159e-03
15:43:33.347 [ INFO] step=   168  t=0.69872  ResidMax=8.126e-01  DilMax=4.072e+00  dt=4.159e-03
15:43:33.383 [ INFO] step=   169  t=0.70288  ResidMax=8.143e-01  DilMax=4.047e+00  dt=4.159e-03
15:43:33.419 [ INFO] step=   170  t=0.70704  ResidMax=8.155e-01  DilMax=4.020e+00  dt=4.159e-03
15:43:33.477 [ INFO] step=   171  t=0.71119  ResidMax=8.163e-01  DilMax=3.990e+00  dt=4.159e-03
15:43:33.513 [ INFO] step=   172  t=0.71535  ResidMax=8.166e-01  DilMax=3.959e+00  dt=4.159e-03
15:43:33.549 [ INFO] step=   173  t=0.71951  ResidMax=8.164e-01  DilMax=3.927e+00  dt=4.159e-03
15:43:33.584 [ INFO] step=   174  t=0.72367  ResidMax=8.176e-01  DilMax=3.892e+00  dt=4.159e-03
15:43:33.620 [ INFO] step=   175  t=0.72783  ResidMax=8.185e-01  DilMax=3.857e+00  dt=4.159e-03
15:43:33.656 [ INFO] step=   176  t=0.73199  ResidMax=8.190e-01  DilMax=3.819e+00  dt=4.159e-03
15:43:33.692 [ INFO] step=   177  t=0.73615  ResidMax=8.189e-01  DilMax=3.780e+00  dt=4.159e-03
15:43:33.727 [ INFO] step=   178  t=0.74031  ResidMax=8.184e-01  DilMax=3.739e+00  dt=4.159e-03
15:43:33.763 [ INFO] step=   179  t=0.74446  ResidMax=8.190e-01  DilMax=3.697e+00  dt=4.159e-03
15:43:33.799 [ INFO] step=   180  t=0.74862  ResidMax=8.194e-01  DilMax=3.654e+00  dt=4.159e-03
15:43:33.835 [ INFO] step=   181  t=0.75278  ResidMax=8.194e-01  DilMax=3.610e+00  dt=4.159e-03
15:43:33.870 [ INFO] step=   182  t=0.75694  ResidMax=8.188e-01  DilMax=3.564e+00  dt=4.159e-03
15:43:33.907 [ INFO] step=   183  t=0.76110  ResidMax=8.264e-01  DilMax=3.517e+00  dt=4.159e-03
15:43:33.942 [ INFO] step=   184  t=0.76526  ResidMax=8.441e-01  DilMax=3.469e+00  dt=4.158e-03
15:43:33.979 [ INFO] step=   185  t=0.76942  ResidMax=8.610e-01  DilMax=3.420e+00  dt=4.158e-03
15:43:34.019 [ INFO] step=   186  t=0.77357  ResidMax=8.770e-01  DilMax=3.369e+00  dt=4.158e-03
15:43:34.055 [ INFO] step=   187  t=0.77773  ResidMax=8.921e-01  DilMax=3.318e+00  dt=4.158e-03
15:43:34.092 [ INFO] step=   188  t=0.78189  ResidMax=9.064e-01  DilMax=3.267e+00  dt=4.158e-03
15:43:34.129 [ INFO] step=   189  t=0.78605  ResidMax=9.195e-01  DilMax=3.214e+00  dt=4.158e-03
15:43:34.165 [ INFO] step=   190  t=0.79021  ResidMax=9.316e-01  DilMax=3.160e+00  dt=4.158e-03
15:43:34.201 [ INFO] step=   191  t=0.79437  ResidMax=9.425e-01  DilMax=3.106e+00  dt=4.158e-03
15:43:34.237 [ INFO] step=   192  t=0.79852  ResidMax=9.521e-01  DilMax=3.051e+00  dt=4.158e-03
15:43:34.273 [ INFO] step=   193  t=0.80268  ResidMax=9.607e-01  DilMax=2.996e+00  dt=4.158e-03
15:43:34.309 [ INFO] step=   194  t=0.80684  ResidMax=9.679e-01  DilMax=2.940e+00  dt=4.158e-03
15:43:34.345 [ INFO] step=   195  t=0.81100  ResidMax=9.738e-01  DilMax=2.884e+00  dt=4.158e-03
15:43:34.382 [ INFO] step=   196  t=0.81515  ResidMax=9.783e-01  DilMax=2.827e+00  dt=4.157e-03
15:43:34.418 [ INFO] step=   197  t=0.81931  ResidMax=9.814e-01  DilMax=2.769e+00  dt=4.157e-03
15:43:34.454 [ INFO] step=   198  t=0.82347  ResidMax=9.830e-01  DilMax=2.712e+00  dt=4.157e-03
15:43:34.490 [ INFO] step=   199  t=0.82763  ResidMax=9.833e-01  DilMax=2.654e+00  dt=4.157e-03
15:43:34.526 [ INFO] step=   200  t=0.83178  ResidMax=9.821e-01  DilMax=2.596e+00  dt=4.157e-03
15:43:34.562 [ INFO] step=   201  t=0.83594  ResidMax=9.794e-01  DilMax=2.537e+00  dt=4.157e-03
15:43:34.597 [ INFO] step=   202  t=0.84010  ResidMax=9.754e-01  DilMax=2.479e+00  dt=4.157e-03
15:43:34.634 [ INFO] step=   203  t=0.84425  ResidMax=9.700e-01  DilMax=2.420e+00  dt=4.157e-03
15:43:34.670 [ INFO] step=   204  t=0.84841  ResidMax=9.632e-01  DilMax=2.361e+00  dt=4.157e-03
15:43:34.715 [ INFO] step=   205  t=0.85257  ResidMax=9.550e-01  DilMax=2.302e+00  dt=4.157e-03
15:43:34.753 [ INFO] step=   206  t=0.85672  ResidMax=9.455e-01  DilMax=2.243e+00  dt=4.157e-03
15:43:34.788 [ INFO] step=   207  t=0.86088  ResidMax=9.346e-01  DilMax=2.184e+00  dt=4.156e-03
15:43:34.824 [ INFO] step=   208  t=0.86504  ResidMax=9.227e-01  DilMax=2.126e+00  dt=4.156e-03
15:43:34.860 [ INFO] step=   209  t=0.86919  ResidMax=9.102e-01  DilMax=2.067e+00  dt=4.156e-03
15:43:34.895 [ INFO] step=   210  t=0.87335  ResidMax=9.003e-01  DilMax=2.008e+00  dt=4.156e-03
15:43:34.931 [ INFO] step=   211  t=0.87751  ResidMax=8.894e-01  DilMax=1.950e+00  dt=4.156e-03
15:43:34.967 [ INFO] step=   212  t=0.88166  ResidMax=8.775e-01  DilMax=1.892e+00  dt=4.156e-03
15:43:35.002 [ INFO] step=   213  t=0.88582  ResidMax=8.665e-01  DilMax=1.834e+00  dt=4.156e-03
15:43:35.037 [ INFO] step=   214  t=0.88997  ResidMax=8.572e-01  DilMax=1.776e+00  dt=4.156e-03
15:43:35.073 [ INFO] step=   215  t=0.89413  ResidMax=8.467e-01  DilMax=1.719e+00  dt=4.156e-03
15:43:35.108 [ INFO] step=   216  t=0.89829  ResidMax=8.351e-01  DilMax=1.662e+00  dt=4.156e-03
15:43:35.144 [ INFO] step=   217  t=0.90244  ResidMax=8.251e-01  DilMax=1.606e+00  dt=4.156e-03
15:43:35.180 [ INFO] step=   218  t=0.90660  ResidMax=8.167e-01  DilMax=1.549e+00  dt=4.156e-03
15:43:35.219 [ INFO] step=   219  t=0.91076  ResidMax=8.072e-01  DilMax=1.494e+00  dt=4.156e-03
15:43:35.255 [ INFO] step=   220  t=0.91491  ResidMax=7.967e-01  DilMax=1.438e+00  dt=4.156e-03
15:43:35.292 [ INFO] step=   221  t=0.91907  ResidMax=7.884e-01  DilMax=1.384e+00  dt=4.156e-03
15:43:35.328 [ INFO] step=   222  t=0.92322  ResidMax=7.805e-01  DilMax=1.329e+00  dt=4.157e-03
15:43:35.365 [ INFO] step=   223  t=0.92738  ResidMax=7.720e-01  DilMax=1.275e+00  dt=4.157e-03
15:43:35.401 [ INFO] step=   224  t=0.93154  ResidMax=7.628e-01  DilMax=1.222e+00  dt=4.157e-03
15:43:35.436 [ INFO] step=   225  t=0.93569  ResidMax=7.570e-01  DilMax=1.170e+00  dt=4.157e-03
15:43:35.472 [ INFO] step=   226  t=0.93985  ResidMax=7.503e-01  DilMax=1.118e+00  dt=4.157e-03
15:43:35.511 [ INFO] step=   227  t=0.94401  ResidMax=7.426e-01  DilMax=1.066e+00  dt=4.157e-03
15:43:35.546 [ INFO] step=   228  t=0.94817  ResidMax=7.354e-01  DilMax=1.015e+00  dt=4.157e-03
15:43:35.582 [ INFO] step=   229  t=0.95232  ResidMax=7.309e-01  DilMax=9.654e-01  dt=4.157e-03
15:43:35.618 [ INFO] step=   230  t=0.95648  ResidMax=7.254e-01  DilMax=9.159e-01  dt=4.158e-03
15:43:35.654 [ INFO] step=   231  t=0.96064  ResidMax=7.234e-01  DilMax=8.672e-01  dt=4.158e-03
15:43:35.690 [ INFO] step=   232  t=0.96480  ResidMax=7.214e-01  DilMax=8.401e-01  dt=4.158e-03
15:43:35.725 [ INFO] step=   233  t=0.96895  ResidMax=7.198e-01  DilMax=8.373e-01  dt=4.158e-03
15:43:35.761 [ INFO] step=   234  t=0.97311  ResidMax=7.186e-01  DilMax=8.345e-01  dt=4.158e-03
15:43:35.798 [ INFO] step=   235  t=0.97727  ResidMax=7.172e-01  DilMax=8.318e-01  dt=4.158e-03
15:43:35.834 [ INFO] step=   236  t=0.98143  ResidMax=7.163e-01  DilMax=8.290e-01  dt=4.158e-03
15:43:35.869 [ INFO] step=   237  t=0.98559  ResidMax=7.152e-01  DilMax=8.263e-01  dt=4.158e-03
15:43:35.905 [ INFO] step=   238  t=0.98975  ResidMax=7.163e-01  DilMax=8.237e-01  dt=4.158e-03
15:43:35.942 [ INFO] step=   239  t=0.99390  ResidMax=7.166e-01  DilMax=8.210e-01  dt=4.158e-03
15:43:35.978 [ INFO] step=   240  t=0.99806  ResidMax=7.159e-01  DilMax=8.185e-01  dt=4.158e-03
15:43:36.014 [ INFO] step=   241  t=1.00222  ResidMax=7.146e-01  DilMax=8.159e-01  dt=4.158e-03
15:43:36.050 [ INFO] step=   242  t=1.00638  ResidMax=7.154e-01  DilMax=8.134e-01  dt=4.158e-03
15:43:36.086 [ INFO] step=   243  t=1.01054  ResidMax=7.154e-01  DilMax=8.110e-01  dt=4.158e-03
15:43:36.122 [ INFO] step=   244  t=1.01470  ResidMax=7.144e-01  DilMax=8.086e-01  dt=4.158e-03
15:43:36.158 [ INFO] step=   245  t=1.01885  ResidMax=7.133e-01  DilMax=8.063e-01  dt=4.158e-03
15:43:36.194 [ INFO] step=   246  t=1.02301  ResidMax=7.140e-01  DilMax=8.040e-01  dt=4.158e-03
15:43:36.230 [ INFO] step=   247  t=1.02717  ResidMax=7.137e-01  DilMax=8.018e-01  dt=4.158e-03
15:43:36.265 [ INFO] step=   248  t=1.03133  ResidMax=7.126e-01  DilMax=7.997e-01  dt=4.158e-03
15:43:36.301 [ INFO] step=   249  t=1.03549  ResidMax=7.121e-01  DilMax=7.976e-01  dt=4.158e-03
15:43:36.338 [ INFO] step=   250  t=1.03965  ResidMax=7.127e-01  DilMax=7.956e-01  dt=4.159e-03
15:43:36.432 [ INFO] step=   251  t=1.04381  ResidMax=7.125e-01  DilMax=7.936e-01  dt=4.159e-03
15:43:36.472 [ INFO] step=   252  t=1.04796  ResidMax=7.114e-01  DilMax=7.917e-01  dt=4.159e-03
15:43:36.513 [ INFO] step=   253  t=1.05212  ResidMax=7.116e-01  DilMax=7.899e-01  dt=4.159e-03
15:43:36.555 [ INFO] step=   254  t=1.05628  ResidMax=7.123e-01  DilMax=7.881e-01  dt=4.159e-03
15:43:36.596 [ INFO] step=   255  t=1.06044  ResidMax=7.121e-01  DilMax=7.863e-01  dt=4.159e-03
15:43:36.638 [ INFO] step=   256  t=1.06460  ResidMax=7.112e-01  DilMax=7.846e-01  dt=4.159e-03
15:43:36.680 [ INFO] step=   257  t=1.06876  ResidMax=7.122e-01  DilMax=7.830e-01  dt=4.159e-03
15:43:36.717 [ INFO] step=   258  t=1.07292  ResidMax=7.130e-01  DilMax=7.814e-01  dt=4.159e-03
15:43:36.752 [ INFO] step=   259  t=1.07707  ResidMax=7.130e-01  DilMax=7.798e-01  dt=4.159e-03
15:43:36.790 [ INFO] step=   260  t=1.08123  ResidMax=7.126e-01  DilMax=7.783e-01  dt=4.159e-03
15:43:36.826 [ INFO] step=   261  t=1.08539  ResidMax=7.140e-01  DilMax=7.768e-01  dt=4.159e-03
15:43:36.862 [ INFO] step=   262  t=1.08955  ResidMax=7.149e-01  DilMax=7.753e-01  dt=4.159e-03
15:43:36.898 [ INFO] step=   263  t=1.09371  ResidMax=7.151e-01  DilMax=7.739e-01  dt=4.159e-03
15:43:36.933 [ INFO] step=   264  t=1.09787  ResidMax=7.155e-01  DilMax=7.725e-01  dt=4.159e-03
15:43:36.969 [ INFO] step=   265  t=1.10203  ResidMax=7.168e-01  DilMax=7.711e-01  dt=4.159e-03
15:43:37.005 [ INFO] step=   266  t=1.10619  ResidMax=7.178e-01  DilMax=7.697e-01  dt=4.159e-03
15:43:37.040 [ INFO] step=   267  t=1.11034  ResidMax=7.185e-01  DilMax=7.684e-01  dt=4.159e-03
15:43:37.076 [ INFO] step=   268  t=1.11450  ResidMax=7.193e-01  DilMax=7.671e-01  dt=4.159e-03
15:43:37.112 [ INFO] step=   269  t=1.11866  ResidMax=7.203e-01  DilMax=7.657e-01  dt=4.159e-03
15:43:37.147 [ INFO] step=   270  t=1.12282  ResidMax=7.214e-01  DilMax=7.644e-01  dt=4.159e-03
15:43:37.183 [ INFO] step=   271  t=1.12698  ResidMax=7.229e-01  DilMax=7.631e-01  dt=4.159e-03
15:43:37.219 [ INFO] step=   272  t=1.13114  ResidMax=7.236e-01  DilMax=7.618e-01  dt=4.159e-03
15:43:37.254 [ INFO] step=   273  t=1.13530  ResidMax=7.241e-01  DilMax=7.605e-01  dt=4.159e-03
15:43:37.290 [ INFO] step=   274  t=1.13946  ResidMax=7.260e-01  DilMax=7.592e-01  dt=4.159e-03
15:43:37.326 [ INFO] step=   275  t=1.14361  ResidMax=7.274e-01  DilMax=7.578e-01  dt=4.159e-03
15:43:37.362 [ INFO] step=   276  t=1.14777  ResidMax=7.280e-01  DilMax=7.565e-01  dt=4.159e-03
15:43:37.398 [ INFO] step=   277  t=1.15193  ResidMax=7.285e-01  DilMax=7.551e-01  dt=4.159e-03
15:43:37.434 [ INFO] step=   278  t=1.15609  ResidMax=7.304e-01  DilMax=7.538e-01  dt=4.159e-03
15:43:37.470 [ INFO] step=   279  t=1.16025  ResidMax=7.316e-01  DilMax=7.524e-01  dt=4.159e-03
15:43:37.507 [ INFO] step=   280  t=1.16441  ResidMax=7.321e-01  DilMax=7.649e-01  dt=4.159e-03
15:43:37.544 [ INFO] step=   281  t=1.16857  ResidMax=7.326e-01  DilMax=7.891e-01  dt=4.159e-03
15:43:37.581 [ INFO] step=   282  t=1.17273  ResidMax=7.343e-01  DilMax=8.133e-01  dt=4.159e-03
15:43:37.617 [ INFO] step=   283  t=1.17689  ResidMax=7.352e-01  DilMax=8.374e-01  dt=4.159e-03
15:43:37.655 [ INFO] step=   284  t=1.18104  ResidMax=7.355e-01  DilMax=8.614e-01  dt=4.159e-03
15:43:37.692 [ INFO] step=   285  t=1.18520  ResidMax=7.360e-01  DilMax=8.854e-01  dt=4.159e-03
15:43:37.729 [ INFO] step=   286  t=1.18936  ResidMax=7.374e-01  DilMax=9.093e-01  dt=4.159e-03
15:43:37.765 [ INFO] step=   287  t=1.19352  ResidMax=7.381e-01  DilMax=9.332e-01  dt=4.159e-03
15:43:37.802 [ INFO] step=   288  t=1.19768  ResidMax=7.381e-01  DilMax=9.569e-01  dt=4.159e-03
15:43:37.838 [ INFO] step=   289  t=1.20184  ResidMax=7.386e-01  DilMax=9.807e-01  dt=4.159e-03
15:43:37.874 [ INFO] step=   290  t=1.20600  ResidMax=7.397e-01  DilMax=1.004e+00  dt=4.159e-03
15:43:37.910 [ INFO] step=   291  t=1.21015  ResidMax=7.402e-01  DilMax=1.028e+00  dt=4.159e-03
15:43:37.946 [ INFO] step=   292  t=1.21431  ResidMax=7.399e-01  DilMax=1.051e+00  dt=4.159e-03
15:43:37.982 [ INFO] step=   293  t=1.21847  ResidMax=7.404e-01  DilMax=1.075e+00  dt=4.159e-03
15:43:38.017 [ INFO] step=   294  t=1.22263  ResidMax=7.413e-01  DilMax=1.098e+00  dt=4.159e-03
15:43:38.053 [ INFO] step=   295  t=1.22679  ResidMax=7.416e-01  DilMax=1.121e+00  dt=4.159e-03
15:43:38.090 [ INFO] step=   296  t=1.23095  ResidMax=7.412e-01  DilMax=1.145e+00  dt=4.159e-03
15:43:38.126 [ INFO] step=   297  t=1.23511  ResidMax=7.416e-01  DilMax=1.168e+00  dt=4.159e-03
15:43:38.161 [ INFO] step=   298  t=1.23927  ResidMax=7.424e-01  DilMax=1.191e+00  dt=4.159e-03
15:43:38.198 [ INFO] step=   299  t=1.24342  ResidMax=7.424e-01  DilMax=1.214e+00  dt=4.159e-03
15:43:38.234 [ INFO] step=   300  t=1.24758  ResidMax=7.419e-01  DilMax=1.236e+00  dt=4.159e-03
15:43:38.270 [ INFO] step=   301  t=1.25174  ResidMax=7.423e-01  DilMax=1.259e+00  dt=4.159e-03
15:43:38.305 [ INFO] step=   302  t=1.25590  ResidMax=7.429e-01  DilMax=1.281e+00  dt=4.159e-03
15:43:38.341 [ INFO] step=   303  t=1.26006  ResidMax=7.429e-01  DilMax=1.303e+00  dt=4.159e-03
15:43:38.377 [ INFO] step=   304  t=1.26422  ResidMax=7.435e-01  DilMax=1.326e+00  dt=4.159e-03
15:43:38.412 [ INFO] step=   305  t=1.26838  ResidMax=7.437e-01  DilMax=1.347e+00  dt=4.159e-03
15:43:38.448 [ INFO] step=   306  t=1.27253  ResidMax=7.432e-01  DilMax=1.369e+00  dt=4.159e-03
15:43:38.485 [ INFO] step=   307  t=1.27669  ResidMax=7.440e-01  DilMax=1.391e+00  dt=4.159e-03
15:43:38.523 [ INFO] step=   308  t=1.28085  ResidMax=7.448e-01  DilMax=1.412e+00  dt=4.159e-03
15:43:38.559 [ INFO] step=   309  t=1.28501  ResidMax=7.449e-01  DilMax=1.433e+00  dt=4.159e-03
15:43:38.595 [ INFO] step=   310  t=1.28917  ResidMax=7.444e-01  DilMax=1.454e+00  dt=4.159e-03
15:43:38.631 [ INFO] step=   311  t=1.29333  ResidMax=7.452e-01  DilMax=1.475e+00  dt=4.159e-03
15:43:38.667 [ INFO] step=   312  t=1.29749  ResidMax=7.458e-01  DilMax=1.495e+00  dt=4.159e-03
15:43:38.704 [ INFO] step=   313  t=1.30165  ResidMax=7.458e-01  DilMax=1.516e+00  dt=4.159e-03
15:43:38.740 [ INFO] step=   314  t=1.30580  ResidMax=7.452e-01  DilMax=1.536e+00  dt=4.159e-03
15:43:38.775 [ INFO] step=   315  t=1.30996  ResidMax=7.460e-01  DilMax=1.556e+00  dt=4.159e-03
15:43:38.811 [ INFO] step=   316  t=1.31412  ResidMax=7.466e-01  DilMax=1.575e+00  dt=4.159e-03
15:43:38.848 [ INFO] step=   317  t=1.31828  ResidMax=7.465e-01  DilMax=1.594e+00  dt=4.159e-03
15:43:38.888 [ INFO] step=   318  t=1.32244  ResidMax=7.457e-01  DilMax=1.613e+00  dt=4.159e-03
15:43:38.925 [ INFO] step=   319  t=1.32660  ResidMax=7.466e-01  DilMax=1.632e+00  dt=4.159e-03
15:43:38.962 [ INFO] step=   320  t=1.33076  ResidMax=7.470e-01  DilMax=1.651e+00  dt=4.159e-03
15:43:38.999 [ INFO] step=   321  t=1.33491  ResidMax=7.467e-01  DilMax=1.669e+00  dt=4.159e-03
15:43:39.035 [ INFO] step=   322  t=1.33907  ResidMax=7.458e-01  DilMax=1.687e+00  dt=4.159e-03
15:43:39.070 [ INFO] step=   323  t=1.34323  ResidMax=7.466e-01  DilMax=1.705e+00  dt=4.159e-03
15:43:39.106 [ INFO] step=   324  t=1.34739  ResidMax=7.469e-01  DilMax=1.722e+00  dt=4.159e-03
15:43:39.143 [ INFO] step=   325  t=1.35155  ResidMax=7.474e-01  DilMax=1.739e+00  dt=4.159e-03
15:43:39.179 [ INFO] step=   326  t=1.35571  ResidMax=7.480e-01  DilMax=1.756e+00  dt=4.159e-03
15:43:39.214 [ INFO] step=   327  t=1.35987  ResidMax=7.485e-01  DilMax=1.773e+00  dt=4.159e-03
15:43:39.250 [ INFO] step=   328  t=1.36402  ResidMax=7.491e-01  DilMax=1.789e+00  dt=4.159e-03
15:43:39.286 [ INFO] step=   329  t=1.36818  ResidMax=7.500e-01  DilMax=1.805e+00  dt=4.159e-03
15:43:39.322 [ INFO] step=   330  t=1.37234  ResidMax=7.508e-01  DilMax=1.821e+00  dt=4.159e-03
15:43:39.359 [ INFO] step=   331  t=1.37650  ResidMax=7.515e-01  DilMax=1.836e+00  dt=4.159e-03
15:43:39.395 [ INFO] step=   332  t=1.38066  ResidMax=7.521e-01  DilMax=1.851e+00  dt=4.159e-03
15:43:39.432 [ INFO] step=   333  t=1.38482  ResidMax=7.526e-01  DilMax=1.866e+00  dt=4.159e-03
15:43:39.467 [ INFO] step=   334  t=1.38898  ResidMax=7.530e-01  DilMax=1.880e+00  dt=4.159e-03
15:43:39.504 [ INFO] step=   335  t=1.39313  ResidMax=7.539e-01  DilMax=1.894e+00  dt=4.159e-03
15:43:39.540 [ INFO] step=   336  t=1.39729  ResidMax=7.546e-01  DilMax=1.908e+00  dt=4.159e-03
15:43:39.577 [ INFO] step=   337  t=1.40145  ResidMax=7.553e-01  DilMax=1.921e+00  dt=4.159e-03
15:43:39.617 [ INFO] step=   338  t=1.40561  ResidMax=7.559e-01  DilMax=1.934e+00  dt=4.159e-03
15:43:39.661 [ INFO] step=   339  t=1.40977  ResidMax=7.563e-01  DilMax=1.947e+00  dt=4.159e-03
15:43:39.704 [ INFO] step=   340  t=1.41393  ResidMax=7.566e-01  DilMax=1.959e+00  dt=4.159e-03
15:43:39.746 [ INFO] step=   341  t=1.41809  ResidMax=7.575e-01  DilMax=1.971e+00  dt=4.159e-03
15:43:39.788 [ INFO] step=   342  t=1.42224  ResidMax=7.582e-01  DilMax=1.982e+00  dt=4.159e-03
15:43:39.828 [ INFO] step=   343  t=1.42640  ResidMax=7.588e-01  DilMax=1.993e+00  dt=4.159e-03
15:43:39.867 [ INFO] step=   344  t=1.43056  ResidMax=7.594e-01  DilMax=2.004e+00  dt=4.159e-03
15:43:39.905 [ INFO] step=   345  t=1.43472  ResidMax=7.598e-01  DilMax=2.014e+00  dt=4.159e-03
15:43:39.942 [ INFO] step=   346  t=1.43888  ResidMax=7.600e-01  DilMax=2.024e+00  dt=4.159e-03
15:43:39.979 [ INFO] step=   347  t=1.44304  ResidMax=7.609e-01  DilMax=2.033e+00  dt=4.159e-03
15:43:40.016 [ INFO] step=   348  t=1.44720  ResidMax=7.616e-01  DilMax=2.042e+00  dt=4.159e-03
15:43:40.054 [ INFO] step=   349  t=1.45136  ResidMax=7.622e-01  DilMax=2.050e+00  dt=4.159e-03
15:43:40.091 [ INFO] step=   350  t=1.45551  ResidMax=7.627e-01  DilMax=2.058e+00  dt=4.159e-03
15:43:40.128 [ INFO] step=   351  t=1.45967  ResidMax=7.631e-01  DilMax=2.065e+00  dt=4.159e-03
15:43:40.164 [ INFO] step=   352  t=1.46383  ResidMax=7.634e-01  DilMax=2.072e+00  dt=4.159e-03
15:43:40.201 [ INFO] step=   353  t=1.46799  ResidMax=7.642e-01  DilMax=2.078e+00  dt=4.159e-03
15:43:40.236 [ INFO] step=   354  t=1.47215  ResidMax=7.649e-01  DilMax=2.084e+00  dt=4.159e-03
15:43:40.273 [ INFO] step=   355  t=1.47631  ResidMax=7.655e-01  DilMax=2.090e+00  dt=4.159e-03
15:43:40.308 [ INFO] step=   356  t=1.48047  ResidMax=7.660e-01  DilMax=2.095e+00  dt=4.159e-03
15:43:40.344 [ INFO] step=   357  t=1.48463  ResidMax=7.663e-01  DilMax=2.099e+00  dt=4.159e-03
15:43:40.429 [ INFO] step=   358  t=1.48879  ResidMax=7.668e-01  DilMax=2.103e+00  dt=4.159e-03
15:43:40.465 [ INFO] step=   359  t=1.49294  ResidMax=7.676e-01  DilMax=2.107e+00  dt=4.159e-03
15:43:40.501 [ INFO] step=   360  t=1.49710  ResidMax=7.683e-01  DilMax=2.110e+00  dt=4.159e-03
15:43:40.537 [ INFO] step=   361  t=1.50126  ResidMax=7.689e-01  DilMax=2.112e+00  dt=4.159e-03
15:43:40.573 [ INFO] step=   362  t=1.50542  ResidMax=7.693e-01  DilMax=2.114e+00  dt=4.159e-03
15:43:40.608 [ INFO] step=   363  t=1.50958  ResidMax=7.696e-01  DilMax=2.116e+00  dt=4.159e-03
15:43:40.644 [ INFO] step=   364  t=1.51374  ResidMax=7.702e-01  DilMax=2.117e+00  dt=4.159e-03
15:43:40.680 [ INFO] step=   365  t=1.51790  ResidMax=7.711e-01  DilMax=2.117e+00  dt=4.159e-03
15:43:40.715 [ INFO] step=   366  t=1.52206  ResidMax=7.718e-01  DilMax=2.117e+00  dt=4.159e-03
15:43:40.750 [ INFO] step=   367  t=1.52621  ResidMax=7.723e-01  DilMax=2.117e+00  dt=4.159e-03
15:43:40.787 [ INFO] step=   368  t=1.53037  ResidMax=7.728e-01  DilMax=2.116e+00  dt=4.159e-03
15:43:40.822 [ INFO] step=   369  t=1.53453  ResidMax=7.730e-01  DilMax=2.115e+00  dt=4.159e-03
15:43:40.858 [ INFO] step=   370  t=1.53869  ResidMax=7.739e-01  DilMax=2.114e+00  dt=4.159e-03
15:43:40.894 [ INFO] step=   371  t=1.54285  ResidMax=7.748e-01  DilMax=2.112e+00  dt=4.159e-03
15:43:40.930 [ INFO] step=   372  t=1.54701  ResidMax=7.754e-01  DilMax=2.109e+00  dt=4.159e-03
15:43:40.965 [ INFO] step=   373  t=1.55117  ResidMax=7.760e-01  DilMax=2.106e+00  dt=4.159e-03
15:43:41.001 [ INFO] step=   374  t=1.55533  ResidMax=7.764e-01  DilMax=2.103e+00  dt=4.159e-03
15:43:41.037 [ INFO] step=   375  t=1.55949  ResidMax=7.769e-01  DilMax=2.100e+00  dt=4.159e-03
15:43:41.072 [ INFO] step=   376  t=1.56364  ResidMax=7.779e-01  DilMax=2.096e+00  dt=4.159e-03
15:43:41.108 [ INFO] step=   377  t=1.56780  ResidMax=7.787e-01  DilMax=2.092e+00  dt=4.159e-03
15:43:41.144 [ INFO] step=   378  t=1.57196  ResidMax=7.793e-01  DilMax=2.087e+00  dt=4.159e-03
15:43:41.180 [ INFO] step=   379  t=1.57612  ResidMax=7.799e-01  DilMax=2.083e+00  dt=4.159e-03
15:43:41.216 [ INFO] step=   380  t=1.58028  ResidMax=7.802e-01  DilMax=2.078e+00  dt=4.159e-03
15:43:41.254 [ INFO] step=   381  t=1.58444  ResidMax=7.811e-01  DilMax=2.073e+00  dt=4.159e-03
15:43:41.291 [ INFO] step=   382  t=1.58860  ResidMax=7.821e-01  DilMax=2.067e+00  dt=4.159e-03
15:43:41.327 [ INFO] step=   383  t=1.59276  ResidMax=7.828e-01  DilMax=2.062e+00  dt=4.159e-03
15:43:41.365 [ INFO] step=   384  t=1.59692  ResidMax=7.835e-01  DilMax=2.056e+00  dt=4.159e-03
15:43:41.402 [ INFO] step=   385  t=1.60107  ResidMax=7.839e-01  DilMax=2.050e+00  dt=4.159e-03
15:43:41.438 [ INFO] step=   386  t=1.60523  ResidMax=7.845e-01  DilMax=2.044e+00  dt=4.159e-03
15:43:41.475 [ INFO] step=   387  t=1.60939  ResidMax=7.856e-01  DilMax=2.038e+00  dt=4.159e-03
15:43:41.513 [ INFO] step=   388  t=1.61355  ResidMax=7.864e-01  DilMax=2.031e+00  dt=4.159e-03
15:43:41.549 [ INFO] step=   389  t=1.61771  ResidMax=7.872e-01  DilMax=2.025e+00  dt=4.159e-03
15:43:41.586 [ INFO] step=   390  t=1.62187  ResidMax=7.877e-01  DilMax=2.019e+00  dt=4.159e-03
15:43:41.622 [ INFO] step=   391  t=1.62603  ResidMax=7.881e-01  DilMax=2.012e+00  dt=4.159e-03
15:43:41.659 [ INFO] step=   392  t=1.63019  ResidMax=7.891e-01  DilMax=2.006e+00  dt=4.159e-03
15:43:41.696 [ INFO] step=   393  t=1.63434  ResidMax=7.900e-01  DilMax=1.999e+00  dt=4.159e-03
15:43:41.732 [ INFO] step=   394  t=1.63850  ResidMax=7.908e-01  DilMax=1.993e+00  dt=4.159e-03
15:43:41.768 [ INFO] step=   395  t=1.64266  ResidMax=7.914e-01  DilMax=1.986e+00  dt=4.159e-03
15:43:41.805 [ INFO] step=   396  t=1.64682  ResidMax=7.918e-01  DilMax=1.980e+00  dt=4.159e-03
15:43:41.841 [ INFO] step=   397  t=1.65098  ResidMax=7.925e-01  DilMax=1.974e+00  dt=4.159e-03
15:43:41.877 [ INFO] step=   398  t=1.65514  ResidMax=7.935e-01  DilMax=1.968e+00  dt=4.159e-03
15:43:41.914 [ INFO] step=   399  t=1.65930  ResidMax=7.943e-01  DilMax=1.961e+00  dt=4.159e-03
15:43:41.950 [ INFO] step=   400  t=1.66346  ResidMax=7.950e-01  DilMax=1.956e+00  dt=4.159e-03
15:43:41.990 [ INFO] step=   401  t=1.66761  ResidMax=7.954e-01  DilMax=1.950e+00  dt=4.159e-03
15:43:42.030 [ INFO] step=   402  t=1.67177  ResidMax=7.958e-01  DilMax=1.944e+00  dt=4.159e-03
15:43:42.073 [ INFO] step=   403  t=1.67593  ResidMax=7.968e-01  DilMax=1.939e+00  dt=4.159e-03
15:43:42.114 [ INFO] step=   404  t=1.68009  ResidMax=7.976e-01  DilMax=1.933e+00  dt=4.159e-03
15:43:42.155 [ INFO] step=   405  t=1.68425  ResidMax=7.982e-01  DilMax=1.928e+00  dt=4.159e-03
15:43:42.195 [ INFO] step=   406  t=1.68841  ResidMax=7.985e-01  DilMax=1.924e+00  dt=4.159e-03
15:43:42.234 [ INFO] step=   407  t=1.69257  ResidMax=7.987e-01  DilMax=1.919e+00  dt=4.159e-03
15:43:42.271 [ INFO] step=   408  t=1.69673  ResidMax=7.996e-01  DilMax=1.915e+00  dt=4.159e-03
15:43:42.308 [ INFO] step=   409  t=1.70088  ResidMax=8.004e-01  DilMax=1.911e+00  dt=4.159e-03
15:43:42.344 [ INFO] step=   410  t=1.70504  ResidMax=8.009e-01  DilMax=1.907e+00  dt=4.159e-03
15:43:42.381 [ INFO] step=   411  t=1.70920  ResidMax=8.012e-01  DilMax=1.903e+00  dt=4.159e-03
15:43:42.416 [ INFO] step=   412  t=1.71336  ResidMax=8.013e-01  DilMax=1.900e+00  dt=4.159e-03
15:43:42.454 [ INFO] step=   413  t=1.71752  ResidMax=8.019e-01  DilMax=1.897e+00  dt=4.159e-03
15:43:42.491 [ INFO] step=   414  t=1.72168  ResidMax=8.026e-01  DilMax=1.894e+00  dt=4.159e-03
15:43:42.527 [ INFO] step=   415  t=1.72584  ResidMax=8.031e-01  DilMax=1.892e+00  dt=4.159e-03
15:43:42.564 [ INFO] step=   416  t=1.73000  ResidMax=8.033e-01  DilMax=1.890e+00  dt=4.159e-03
15:43:42.601 [ INFO] step=   417  t=1.73415  ResidMax=8.033e-01  DilMax=1.889e+00  dt=4.159e-03
15:43:42.637 [ INFO] step=   418  t=1.73831  ResidMax=8.036e-01  DilMax=1.887e+00  dt=4.159e-03
15:43:42.673 [ INFO] step=   419  t=1.74247  ResidMax=8.042e-01  DilMax=1.886e+00  dt=4.159e-03
15:43:42.709 [ INFO] step=   420  t=1.74663  ResidMax=8.045e-01  DilMax=1.886e+00  dt=4.159e-03
15:43:42.744 [ INFO] step=   421  t=1.75079  ResidMax=8.047e-01  DilMax=1.885e+00  dt=4.159e-03
15:43:42.780 [ INFO] step=   422  t=1.75495  ResidMax=8.046e-01  DilMax=1.885e+00  dt=4.159e-03
15:43:42.816 [ INFO] step=   423  t=1.75911  ResidMax=8.046e-01  DilMax=1.886e+00  dt=4.159e-03
15:43:42.853 [ INFO] step=   424  t=1.76326  ResidMax=8.051e-01  DilMax=1.886e+00  dt=4.159e-03
15:43:42.890 [ INFO] step=   425  t=1.76742  ResidMax=8.053e-01  DilMax=1.887e+00  dt=4.159e-03
15:43:42.925 [ INFO] step=   426  t=1.77158  ResidMax=8.054e-01  DilMax=1.889e+00  dt=4.159e-03
15:43:42.961 [ INFO] step=   427  t=1.77574  ResidMax=8.051e-01  DilMax=1.891e+00  dt=4.159e-03
15:43:42.997 [ INFO] step=   428  t=1.77990  ResidMax=8.049e-01  DilMax=1.893e+00  dt=4.159e-03
15:43:43.033 [ INFO] step=   429  t=1.78406  ResidMax=8.053e-01  DilMax=1.895e+00  dt=4.159e-03
15:43:43.069 [ INFO] step=   430  t=1.78822  ResidMax=8.055e-01  DilMax=1.898e+00  dt=4.159e-03
15:43:43.105 [ INFO] step=   431  t=1.79237  ResidMax=8.054e-01  DilMax=1.901e+00  dt=4.159e-03
15:43:43.141 [ INFO] step=   432  t=1.79653  ResidMax=8.051e-01  DilMax=1.904e+00  dt=4.159e-03
15:43:43.177 [ INFO] step=   433  t=1.80069  ResidMax=8.046e-01  DilMax=1.908e+00  dt=4.159e-03
15:43:43.213 [ INFO] step=   434  t=1.80485  ResidMax=8.049e-01  DilMax=1.912e+00  dt=4.159e-03
15:43:43.249 [ INFO] step=   435  t=1.80901  ResidMax=8.050e-01  DilMax=1.916e+00  dt=4.159e-03
15:43:43.286 [ INFO] step=   436  t=1.81317  ResidMax=8.049e-01  DilMax=1.920e+00  dt=4.159e-03
15:43:43.321 [ INFO] step=   437  t=1.81733  ResidMax=8.045e-01  DilMax=1.925e+00  dt=4.159e-03
15:43:43.357 [ INFO] step=   438  t=1.82148  ResidMax=8.039e-01  DilMax=1.930e+00  dt=4.159e-03
15:43:43.395 [ INFO] step=   439  t=1.82564  ResidMax=8.040e-01  DilMax=1.935e+00  dt=4.159e-03
15:43:43.431 [ INFO] step=   440  t=1.82980  ResidMax=8.040e-01  DilMax=1.941e+00  dt=4.158e-03
15:43:43.467 [ INFO] step=   441  t=1.83396  ResidMax=8.038e-01  DilMax=1.946e+00  dt=4.158e-03
15:43:43.504 [ INFO] step=   442  t=1.83812  ResidMax=8.033e-01  DilMax=1.952e+00  dt=4.158e-03
15:43:43.541 [ INFO] step=   443  t=1.84228  ResidMax=8.027e-01  DilMax=1.958e+00  dt=4.158e-03
15:43:43.577 [ INFO] step=   444  t=1.84643  ResidMax=8.026e-01  DilMax=1.965e+00  dt=4.158e-03
15:43:43.614 [ INFO] step=   445  t=1.85059  ResidMax=8.025e-01  DilMax=1.971e+00  dt=4.158e-03
15:43:43.650 [ INFO] step=   446  t=1.85475  ResidMax=8.023e-01  DilMax=1.978e+00  dt=4.158e-03
15:43:43.688 [ INFO] step=   447  t=1.85891  ResidMax=8.018e-01  DilMax=1.984e+00  dt=4.158e-03
15:43:43.725 [ INFO] step=   448  t=1.86307  ResidMax=8.011e-01  DilMax=1.991e+00  dt=4.158e-03
15:43:43.762 [ INFO] step=   449  t=1.86723  ResidMax=8.007e-01  DilMax=1.998e+00  dt=4.158e-03
15:43:43.800 [ INFO] step=   450  t=1.87139  ResidMax=8.006e-01  DilMax=2.005e+00  dt=4.158e-03
15:43:43.840 [ INFO] step=   451  t=1.87554  ResidMax=8.003e-01  DilMax=2.013e+00  dt=4.158e-03
15:43:43.881 [ INFO] step=   452  t=1.87970  ResidMax=7.998e-01  DilMax=2.020e+00  dt=4.158e-03
15:43:43.922 [ INFO] step=   453  t=1.88386  ResidMax=7.990e-01  DilMax=2.027e+00  dt=4.158e-03
15:43:43.964 [ INFO] step=   454  t=1.88802  ResidMax=7.984e-01  DilMax=2.034e+00  dt=4.158e-03
15:43:44.006 [ INFO] step=   455  t=1.89218  ResidMax=7.983e-01  DilMax=2.042e+00  dt=4.158e-03
15:43:44.047 [ INFO] step=   456  t=1.89634  ResidMax=7.980e-01  DilMax=2.049e+00  dt=4.158e-03
15:43:44.089 [ INFO] step=   457  t=1.90049  ResidMax=7.974e-01  DilMax=2.057e+00  dt=4.158e-03
15:43:44.131 [ INFO] step=   458  t=1.90465  ResidMax=7.966e-01  DilMax=2.064e+00  dt=4.158e-03
15:43:44.170 [ INFO] step=   459  t=1.90881  ResidMax=7.958e-01  DilMax=2.072e+00  dt=4.158e-03
15:43:44.207 [ INFO] step=   460  t=1.91297  ResidMax=7.956e-01  DilMax=2.079e+00  dt=4.158e-03
15:43:44.243 [ INFO] step=   461  t=1.91713  ResidMax=7.952e-01  DilMax=2.087e+00  dt=4.158e-03
15:43:44.280 [ INFO] step=   462  t=1.92129  ResidMax=7.946e-01  DilMax=2.094e+00  dt=4.158e-03
15:43:44.317 [ INFO] step=   463  t=1.92545  ResidMax=7.938e-01  DilMax=2.101e+00  dt=4.158e-03
15:43:44.353 [ INFO] step=   464  t=1.92960  ResidMax=7.927e-01  DilMax=2.109e+00  dt=4.158e-03
15:43:44.391 [ INFO] step=   465  t=1.93376  ResidMax=7.925e-01  DilMax=2.116e+00  dt=4.158e-03
15:43:44.464 [ INFO] step=   466  t=1.93792  ResidMax=7.921e-01  DilMax=2.123e+00  dt=4.158e-03
15:43:44.500 [ INFO] step=   467  t=1.94208  ResidMax=7.914e-01  DilMax=2.131e+00  dt=4.158e-03
15:43:44.536 [ INFO] step=   468  t=1.94624  ResidMax=7.906e-01  DilMax=2.138e+00  dt=4.158e-03
15:43:44.572 [ INFO] step=   469  t=1.95040  ResidMax=7.898e-01  DilMax=2.145e+00  dt=4.158e-03
15:43:44.608 [ INFO] step=   470  t=1.95455  ResidMax=7.890e-01  DilMax=2.152e+00  dt=4.158e-03
15:43:44.645 [ INFO] step=   471  t=1.95871  ResidMax=7.885e-01  DilMax=2.159e+00  dt=4.158e-03
15:43:44.681 [ INFO] step=   472  t=1.96287  ResidMax=7.883e-01  DilMax=2.166e+00  dt=4.158e-03
15:43:44.717 [ INFO] step=   473  t=1.96703  ResidMax=7.879e-01  DilMax=2.173e+00  dt=4.158e-03
15:43:44.753 [ INFO] step=   474  t=1.97119  ResidMax=7.873e-01  DilMax=2.180e+00  dt=4.158e-03
15:43:44.789 [ INFO] step=   475  t=1.97535  ResidMax=7.865e-01  DilMax=2.187e+00  dt=4.158e-03
15:43:44.825 [ INFO] step=   476  t=1.97951  ResidMax=7.857e-01  DilMax=2.194e+00  dt=4.158e-03
15:43:44.861 [ INFO] step=   477  t=1.98366  ResidMax=7.855e-01  DilMax=2.201e+00  dt=4.158e-03
15:43:44.897 [ INFO] step=   478  t=1.98782  ResidMax=7.851e-01  DilMax=2.207e+00  dt=4.158e-03
15:43:44.933 [ INFO] step=   479  t=1.99198  ResidMax=7.845e-01  DilMax=2.214e+00  dt=4.158e-03
15:43:44.969 [ INFO] step=   480  t=1.99614  ResidMax=7.837e-01  DilMax=2.220e+00  dt=4.158e-03
15:43:45.005 [ INFO] step=   481  t=2.00030  ResidMax=7.827e-01  DilMax=2.227e+00  dt=4.158e-03
15:43:45.041 [ INFO] step=   482  t=2.00446  ResidMax=7.823e-01  DilMax=2.233e+00  dt=4.158e-03
15:43:45.076 [ INFO] step=   483  t=2.00861  ResidMax=7.819e-01  DilMax=2.240e+00  dt=4.158e-03
15:43:45.113 [ INFO] step=   484  t=2.01277  ResidMax=7.813e-01  DilMax=2.246e+00  dt=4.158e-03
15:43:45.149 [ INFO] step=   485  t=2.01693  ResidMax=7.805e-01  DilMax=2.253e+00  dt=4.158e-03
15:43:45.185 [ INFO] step=   486  t=2.02109  ResidMax=7.795e-01  DilMax=2.259e+00  dt=4.158e-03
15:43:45.222 [ INFO] step=   487  t=2.02525  ResidMax=7.788e-01  DilMax=2.265e+00  dt=4.158e-03
15:43:45.258 [ INFO] step=   488  t=2.02941  ResidMax=7.784e-01  DilMax=2.272e+00  dt=4.158e-03
15:43:45.294 [ INFO] step=   489  t=2.03357  ResidMax=7.778e-01  DilMax=2.278e+00  dt=4.158e-03
15:43:45.330 [ INFO] step=   490  t=2.03772  ResidMax=7.770e-01  DilMax=2.284e+00  dt=4.158e-03
15:43:45.366 [ INFO] step=   491  t=2.04188  ResidMax=7.760e-01  DilMax=2.290e+00  dt=4.158e-03
15:43:45.403 [ INFO] step=   492  t=2.04604  ResidMax=7.751e-01  DilMax=2.296e+00  dt=4.158e-03
15:43:45.439 [ INFO] step=   493  t=2.05020  ResidMax=7.747e-01  DilMax=2.303e+00  dt=4.158e-03
15:43:45.475 [ INFO] step=   494  t=2.05436  ResidMax=7.742e-01  DilMax=2.309e+00  dt=4.158e-03
15:43:45.512 [ INFO] step=   495  t=2.05852  ResidMax=7.734e-01  DilMax=2.315e+00  dt=4.158e-03
15:43:45.548 [ INFO] step=   496  t=2.06267  ResidMax=7.725e-01  DilMax=2.321e+00  dt=4.158e-03
15:43:45.584 [ INFO] step=   497  t=2.06683  ResidMax=7.714e-01  DilMax=2.327e+00  dt=4.158e-03
15:43:45.620 [ INFO] step=   498  t=2.07099  ResidMax=7.709e-01  DilMax=2.334e+00  dt=4.158e-03
15:43:45.656 [ INFO] step=   499  t=2.07515  ResidMax=7.704e-01  DilMax=2.340e+00  dt=4.158e-03
15:43:45.697 [ INFO] step=   500  t=2.07931  ResidMax=7.697e-01  DilMax=2.346e+00  dt=4.158e-03
15:43:46.042 [ INFO] VTK snapshot written → results/backstep_validation/step_re100_t000500.vtk
15:43:48.006 [ INFO] step=   501  t=2.08347  ResidMax=7.689e-01  DilMax=2.352e+00  dt=4.158e-03
15:43:48.042 [ INFO] step=   502  t=2.08763  ResidMax=7.679e-01  DilMax=2.358e+00  dt=4.158e-03
15:43:48.077 [ INFO] step=   503  t=2.09178  ResidMax=7.671e-01  DilMax=2.364e+00  dt=4.158e-03
15:43:48.113 [ INFO] step=   504  t=2.09594  ResidMax=7.667e-01  DilMax=2.371e+00  dt=4.158e-03
15:43:48.149 [ INFO] step=   505  t=2.10010  ResidMax=7.661e-01  DilMax=2.377e+00  dt=4.158e-03
15:43:48.185 [ INFO] step=   506  t=2.10426  ResidMax=7.653e-01  DilMax=2.383e+00  dt=4.158e-03
15:43:48.221 [ INFO] step=   507  t=2.10842  ResidMax=7.643e-01  DilMax=2.389e+00  dt=4.158e-03
15:43:48.257 [ INFO] step=   508  t=2.11258  ResidMax=7.633e-01  DilMax=2.396e+00  dt=4.158e-03
15:43:48.293 [ INFO] step=   509  t=2.11673  ResidMax=7.630e-01  DilMax=2.402e+00  dt=4.158e-03
15:43:48.330 [ INFO] step=   510  t=2.12089  ResidMax=7.624e-01  DilMax=2.408e+00  dt=4.158e-03
15:43:48.366 [ INFO] step=   511  t=2.12505  ResidMax=7.617e-01  DilMax=2.414e+00  dt=4.158e-03
15:43:48.404 [ INFO] step=   512  t=2.12921  ResidMax=7.609e-01  DilMax=2.421e+00  dt=4.158e-03
15:43:48.463 [ INFO] step=   513  t=2.13337  ResidMax=7.599e-01  DilMax=2.427e+00  dt=4.158e-03
15:43:48.500 [ INFO] step=   514  t=2.13753  ResidMax=7.593e-01  DilMax=2.434e+00  dt=4.158e-03
15:43:48.539 [ INFO] step=   515  t=2.14168  ResidMax=7.589e-01  DilMax=2.440e+00  dt=4.158e-03
15:43:48.576 [ INFO] step=   516  t=2.14584  ResidMax=7.583e-01  DilMax=2.446e+00  dt=4.158e-03
15:43:48.612 [ INFO] step=   517  t=2.15000  ResidMax=7.575e-01  DilMax=2.453e+00  dt=4.158e-03
15:43:48.648 [ INFO] step=   518  t=2.15416  ResidMax=7.566e-01  DilMax=2.459e+00  dt=4.158e-03
15:43:48.684 [ INFO] step=   519  t=2.15832  ResidMax=7.557e-01  DilMax=2.466e+00  dt=4.158e-03
15:43:48.721 [ INFO] step=   520  t=2.16248  ResidMax=7.554e-01  DilMax=2.472e+00  dt=4.158e-03
15:43:48.757 [ INFO] step=   521  t=2.16664  ResidMax=7.548e-01  DilMax=2.478e+00  dt=4.158e-03
15:43:48.793 [ INFO] step=   522  t=2.17079  ResidMax=7.542e-01  DilMax=2.485e+00  dt=4.158e-03
15:43:48.829 [ INFO] step=   523  t=2.17495  ResidMax=7.533e-01  DilMax=2.491e+00  dt=4.158e-03
15:43:48.864 [ INFO] step=   524  t=2.17911  ResidMax=7.523e-01  DilMax=2.498e+00  dt=4.158e-03
15:43:48.904 [ INFO] step=   525  t=2.18327  ResidMax=7.519e-01  DilMax=2.504e+00  dt=4.158e-03
15:43:48.940 [ INFO] step=   526  t=2.18743  ResidMax=7.514e-01  DilMax=2.511e+00  dt=4.158e-03
15:43:48.976 [ INFO] step=   527  t=2.19159  ResidMax=7.508e-01  DilMax=2.517e+00  dt=4.158e-03
15:43:49.012 [ INFO] step=   528  t=2.19574  ResidMax=7.501e-01  DilMax=2.524e+00  dt=4.158e-03
15:43:49.048 [ INFO] step=   529  t=2.19990  ResidMax=7.491e-01  DilMax=2.530e+00  dt=4.158e-03
15:43:49.084 [ INFO] step=   530  t=2.20406  ResidMax=7.484e-01  DilMax=2.537e+00  dt=4.158e-03
15:43:49.121 [ INFO] step=   531  t=2.20822  ResidMax=7.480e-01  DilMax=2.543e+00  dt=4.158e-03
15:43:49.157 [ INFO] step=   532  t=2.21238  ResidMax=7.475e-01  DilMax=2.550e+00  dt=4.158e-03
15:43:49.193 [ INFO] step=   533  t=2.21654  ResidMax=7.468e-01  DilMax=2.556e+00  dt=4.158e-03
15:43:49.230 [ INFO] step=   534  t=2.22069  ResidMax=7.460e-01  DilMax=2.563e+00  dt=4.158e-03
15:43:49.266 [ INFO] step=   535  t=2.22485  ResidMax=7.450e-01  DilMax=2.569e+00  dt=4.158e-03
15:43:49.302 [ INFO] step=   536  t=2.22901  ResidMax=7.446e-01  DilMax=2.576e+00  dt=4.158e-03
15:43:49.338 [ INFO] step=   537  t=2.23317  ResidMax=7.441e-01  DilMax=2.582e+00  dt=4.158e-03
15:43:49.375 [ INFO] step=   538  t=2.23733  ResidMax=7.435e-01  DilMax=2.588e+00  dt=4.158e-03
15:43:49.412 [ INFO] step=   539  t=2.24149  ResidMax=7.427e-01  DilMax=2.595e+00  dt=4.158e-03
15:43:49.448 [ INFO] step=   540  t=2.24564  ResidMax=7.418e-01  DilMax=2.601e+00  dt=4.158e-03
15:43:49.485 [ INFO] step=   541  t=2.24980  ResidMax=7.410e-01  DilMax=2.607e+00  dt=4.158e-03
15:43:49.521 [ INFO] step=   542  t=2.25396  ResidMax=7.406e-01  DilMax=2.613e+00  dt=4.158e-03
15:43:49.558 [ INFO] step=   543  t=2.25812  ResidMax=7.401e-01  DilMax=2.619e+00  dt=4.158e-03
15:43:49.593 [ INFO] step=   544  t=2.26228  ResidMax=7.394e-01  DilMax=2.626e+00  dt=4.158e-03
15:43:49.629 [ INFO] step=   545  t=2.26644  ResidMax=7.385e-01  DilMax=2.632e+00  dt=4.158e-03
15:43:49.665 [ INFO] step=   546  t=2.27059  ResidMax=7.376e-01  DilMax=2.638e+00  dt=4.158e-03
15:43:49.702 [ INFO] step=   547  t=2.27475  ResidMax=7.370e-01  DilMax=2.643e+00  dt=4.158e-03
15:43:49.738 [ INFO] step=   548  t=2.27891  ResidMax=7.366e-01  DilMax=2.649e+00  dt=4.158e-03
15:43:49.774 [ INFO] step=   549  t=2.28307  ResidMax=7.359e-01  DilMax=2.655e+00  dt=4.158e-03
15:43:49.810 [ INFO] step=   550  t=2.28723  ResidMax=7.352e-01  DilMax=2.661e+00  dt=4.158e-03
15:43:49.847 [ INFO] step=   551  t=2.29139  ResidMax=7.342e-01  DilMax=2.666e+00  dt=4.158e-03
15:43:49.883 [ INFO] step=   552  t=2.29554  ResidMax=7.333e-01  DilMax=2.672e+00  dt=4.158e-03
15:43:49.919 [ INFO] step=   553  t=2.29970  ResidMax=7.329e-01  DilMax=2.678e+00  dt=4.158e-03
15:43:49.954 [ INFO] step=   554  t=2.30386  ResidMax=7.323e-01  DilMax=2.683e+00  dt=4.158e-03
15:43:49.990 [ INFO] step=   555  t=2.30802  ResidMax=7.316e-01  DilMax=2.688e+00  dt=4.158e-03
15:43:50.026 [ INFO] step=   556  t=2.31218  ResidMax=7.308e-01  DilMax=2.693e+00  dt=4.158e-03
15:43:50.062 [ INFO] step=   557  t=2.31634  ResidMax=7.298e-01  DilMax=2.698e+00  dt=4.158e-03
15:43:50.097 [ INFO] step=   558  t=2.32049  ResidMax=7.291e-01  DilMax=2.703e+00  dt=4.158e-03
15:43:50.133 [ INFO] step=   559  t=2.32465  ResidMax=7.285e-01  DilMax=2.708e+00  dt=4.158e-03
15:43:50.169 [ INFO] step=   560  t=2.32881  ResidMax=7.279e-01  DilMax=2.713e+00  dt=4.158e-03
15:43:50.205 [ INFO] step=   561  t=2.33297  ResidMax=7.271e-01  DilMax=2.718e+00  dt=4.158e-03
15:43:50.241 [ INFO] step=   562  t=2.33713  ResidMax=7.262e-01  DilMax=2.722e+00  dt=4.158e-03
15:43:50.276 [ INFO] step=   563  t=2.34129  ResidMax=7.251e-01  DilMax=2.727e+00  dt=4.158e-03
15:43:50.313 [ INFO] step=   564  t=2.34544  ResidMax=7.245e-01  DilMax=2.731e+00  dt=4.158e-03
15:43:50.352 [ INFO] step=   565  t=2.34960  ResidMax=7.240e-01  DilMax=2.735e+00  dt=4.158e-03
15:43:50.389 [ INFO] step=   566  t=2.35376  ResidMax=7.232e-01  DilMax=2.739e+00  dt=4.158e-03
15:43:50.425 [ INFO] step=   567  t=2.35792  ResidMax=7.223e-01  DilMax=2.743e+00  dt=4.158e-03
15:43:50.461 [ INFO] step=   568  t=2.36208  ResidMax=7.214e-01  DilMax=2.747e+00  dt=4.158e-03
15:43:50.498 [ INFO] step=   569  t=2.36624  ResidMax=7.205e-01  DilMax=2.751e+00  dt=4.158e-03
15:43:50.535 [ INFO] step=   570  t=2.37039  ResidMax=7.200e-01  DilMax=2.754e+00  dt=4.158e-03
15:43:50.571 [ INFO] step=   571  t=2.37455  ResidMax=7.194e-01  DilMax=2.757e+00  dt=4.158e-03
15:43:50.607 [ INFO] step=   572  t=2.37871  ResidMax=7.187e-01  DilMax=2.761e+00  dt=4.158e-03
15:43:50.643 [ INFO] step=   573  t=2.38287  ResidMax=7.179e-01  DilMax=2.764e+00  dt=4.158e-03
15:43:50.679 [ INFO] step=   574  t=2.38703  ResidMax=7.169e-01  DilMax=2.766e+00  dt=4.158e-03
15:43:50.715 [ INFO] step=   575  t=2.39119  ResidMax=7.161e-01  DilMax=2.769e+00  dt=4.158e-03
15:43:50.751 [ INFO] step=   576  t=2.39534  ResidMax=7.156e-01  DilMax=2.772e+00  dt=4.158e-03
15:43:50.787 [ INFO] step=   577  t=2.39950  ResidMax=7.149e-01  DilMax=2.774e+00  dt=4.158e-03
15:43:50.824 [ INFO] step=   578  t=2.40366  ResidMax=7.141e-01  DilMax=2.776e+00  dt=4.158e-03
15:43:50.860 [ INFO] step=   579  t=2.40782  ResidMax=7.132e-01  DilMax=2.779e+00  dt=4.158e-03
15:43:50.896 [ INFO] step=   580  t=2.41198  ResidMax=7.122e-01  DilMax=2.781e+00  dt=4.158e-03
15:43:50.932 [ INFO] step=   581  t=2.41614  ResidMax=7.115e-01  DilMax=2.782e+00  dt=4.158e-03
15:43:50.969 [ INFO] step=   582  t=2.42029  ResidMax=7.109e-01  DilMax=2.784e+00  dt=4.158e-03
15:43:51.005 [ INFO] step=   583  t=2.42445  ResidMax=7.102e-01  DilMax=2.785e+00  dt=4.158e-03
15:43:51.042 [ INFO] step=   584  t=2.42861  ResidMax=7.093e-01  DilMax=2.787e+00  dt=4.158e-03
15:43:51.078 [ INFO] step=   585  t=2.43277  ResidMax=7.084e-01  DilMax=2.788e+00  dt=4.158e-03
15:43:51.114 [ INFO] step=   586  t=2.43693  ResidMax=7.073e-01  DilMax=2.789e+00  dt=4.158e-03
15:43:51.150 [ INFO] step=   587  t=2.44109  ResidMax=7.066e-01  DilMax=2.790e+00  dt=4.158e-03
15:43:51.186 [ INFO] step=   588  t=2.44524  ResidMax=7.060e-01  DilMax=2.790e+00  dt=4.158e-03
15:43:51.222 [ INFO] step=   589  t=2.44940  ResidMax=7.053e-01  DilMax=2.791e+00  dt=4.158e-03
15:43:51.259 [ INFO] step=   590  t=2.45356  ResidMax=7.044e-01  DilMax=2.791e+00  dt=4.158e-03
15:43:51.295 [ INFO] step=   591  t=2.45772  ResidMax=7.034e-01  DilMax=2.791e+00  dt=4.158e-03
15:43:51.332 [ INFO] step=   592  t=2.46188  ResidMax=7.024e-01  DilMax=2.791e+00  dt=4.158e-03
15:43:51.368 [ INFO] step=   593  t=2.46603  ResidMax=7.017e-01  DilMax=2.791e+00  dt=4.158e-03
15:43:51.404 [ INFO] step=   594  t=2.47019  ResidMax=7.011e-01  DilMax=2.791e+00  dt=4.158e-03
15:43:51.441 [ INFO] step=   595  t=2.47435  ResidMax=7.004e-01  DilMax=2.791e+00  dt=4.158e-03
15:43:51.478 [ INFO] step=   596  t=2.47851  ResidMax=6.995e-01  DilMax=2.790e+00  dt=4.158e-03
15:43:51.514 [ INFO] step=   597  t=2.48267  ResidMax=6.985e-01  DilMax=2.789e+00  dt=4.158e-03
15:43:51.551 [ INFO] step=   598  t=2.48683  ResidMax=6.975e-01  DilMax=2.788e+00  dt=4.158e-03
15:43:51.588 [ INFO] step=   599  t=2.49098  ResidMax=6.969e-01  DilMax=2.787e+00  dt=4.158e-03
15:43:51.625 [ INFO] step=   600  t=2.49514  ResidMax=6.963e-01  DilMax=2.786e+00  dt=4.158e-03
15:43:51.662 [ INFO] step=   601  t=2.49930  ResidMax=6.955e-01  DilMax=2.785e+00  dt=4.158e-03
15:43:51.698 [ INFO] step=   602  t=2.50346  ResidMax=6.947e-01  DilMax=2.783e+00  dt=4.158e-03
15:43:51.735 [ INFO] step=   603  t=2.50762  ResidMax=6.938e-01  DilMax=2.781e+00  dt=4.158e-03
15:43:51.771 [ INFO] step=   604  t=2.51178  ResidMax=6.928e-01  DilMax=2.779e+00  dt=4.158e-03
15:43:51.806 [ INFO] step=   605  t=2.51593  ResidMax=6.923e-01  DilMax=2.777e+00  dt=4.158e-03
15:43:51.843 [ INFO] step=   606  t=2.52009  ResidMax=6.916e-01  DilMax=2.775e+00  dt=4.158e-03
15:43:51.878 [ INFO] step=   607  t=2.52425  ResidMax=6.909e-01  DilMax=2.773e+00  dt=4.158e-03
15:43:51.914 [ INFO] step=   608  t=2.52841  ResidMax=6.901e-01  DilMax=2.771e+00  dt=4.158e-03
15:43:51.950 [ INFO] step=   609  t=2.53257  ResidMax=6.892e-01  DilMax=2.768e+00  dt=4.158e-03
15:43:51.986 [ INFO] step=   610  t=2.53673  ResidMax=6.883e-01  DilMax=2.765e+00  dt=4.158e-03
15:43:52.022 [ INFO] step=   611  t=2.54088  ResidMax=6.878e-01  DilMax=2.763e+00  dt=4.158e-03
15:43:52.058 [ INFO] step=   612  t=2.54504  ResidMax=6.873e-01  DilMax=2.760e+00  dt=4.158e-03
15:43:52.094 [ INFO] step=   613  t=2.54920  ResidMax=6.866e-01  DilMax=2.757e+00  dt=4.158e-03
15:43:52.130 [ INFO] step=   614  t=2.55336  ResidMax=6.859e-01  DilMax=2.754e+00  dt=4.158e-03
15:43:52.165 [ INFO] step=   615  t=2.55752  ResidMax=6.850e-01  DilMax=2.750e+00  dt=4.158e-03
15:43:52.201 [ INFO] step=   616  t=2.56168  ResidMax=6.842e-01  DilMax=2.747e+00  dt=4.158e-03
15:43:52.238 [ INFO] step=   617  t=2.56583  ResidMax=6.837e-01  DilMax=2.743e+00  dt=4.158e-03
15:43:52.274 [ INFO] step=   618  t=2.56999  ResidMax=6.832e-01  DilMax=2.740e+00  dt=4.158e-03
15:43:52.310 [ INFO] step=   619  t=2.57415  ResidMax=6.826e-01  DilMax=2.736e+00  dt=4.158e-03
15:43:52.346 [ INFO] step=   620  t=2.57831  ResidMax=6.819e-01  DilMax=2.732e+00  dt=4.158e-03
15:43:52.382 [ INFO] step=   621  t=2.58247  ResidMax=6.811e-01  DilMax=2.728e+00  dt=4.158e-03
15:43:52.418 [ INFO] step=   622  t=2.58663  ResidMax=6.803e-01  DilMax=2.724e+00  dt=4.158e-03
15:43:52.455 [ INFO] step=   623  t=2.59078  ResidMax=6.799e-01  DilMax=2.720e+00  dt=4.158e-03
15:43:52.494 [ INFO] step=   624  t=2.59494  ResidMax=6.795e-01  DilMax=2.716e+00  dt=4.158e-03
15:43:52.539 [ INFO] step=   625  t=2.59910  ResidMax=6.789e-01  DilMax=2.711e+00  dt=4.158e-03
15:43:52.576 [ INFO] step=   626  t=2.60326  ResidMax=6.782e-01  DilMax=2.707e+00  dt=4.158e-03
15:43:52.612 [ INFO] step=   627  t=2.60742  ResidMax=6.775e-01  DilMax=2.703e+00  dt=4.158e-03
15:43:52.648 [ INFO] step=   628  t=2.61158  ResidMax=6.767e-01  DilMax=2.698e+00  dt=4.158e-03
15:43:52.684 [ INFO] step=   629  t=2.61573  ResidMax=6.764e-01  DilMax=2.693e+00  dt=4.158e-03
15:43:52.721 [ INFO] step=   630  t=2.61989  ResidMax=6.759e-01  DilMax=2.689e+00  dt=4.158e-03
15:43:52.757 [ INFO] step=   631  t=2.62405  ResidMax=6.754e-01  DilMax=2.684e+00  dt=4.158e-03
15:43:52.793 [ INFO] step=   632  t=2.62821  ResidMax=6.748e-01  DilMax=2.679e+00  dt=4.158e-03
15:43:52.830 [ INFO] step=   633  t=2.63237  ResidMax=6.741e-01  DilMax=2.674e+00  dt=4.158e-03
15:43:52.866 [ INFO] step=   634  t=2.63653  ResidMax=6.733e-01  DilMax=2.669e+00  dt=4.158e-03
15:43:52.902 [ INFO] step=   635  t=2.64068  ResidMax=6.730e-01  DilMax=2.664e+00  dt=4.158e-03
15:43:52.938 [ INFO] step=   636  t=2.64484  ResidMax=6.726e-01  DilMax=2.659e+00  dt=4.158e-03
15:43:52.974 [ INFO] step=   637  t=2.64900  ResidMax=6.721e-01  DilMax=2.654e+00  dt=4.158e-03
15:43:53.011 [ INFO] step=   638  t=2.65316  ResidMax=6.715e-01  DilMax=2.649e+00  dt=4.158e-03
15:43:53.047 [ INFO] step=   639  t=2.65732  ResidMax=6.708e-01  DilMax=2.644e+00  dt=4.158e-03
15:43:53.084 [ INFO] step=   640  t=2.66148  ResidMax=6.701e-01  DilMax=2.639e+00  dt=4.158e-03
15:43:53.120 [ INFO] step=   641  t=2.66564  ResidMax=6.698e-01  DilMax=2.633e+00  dt=4.158e-03
15:43:53.156 [ INFO] step=   642  t=2.66979  ResidMax=6.694e-01  DilMax=2.628e+00  dt=4.158e-03
15:43:53.193 [ INFO] step=   643  t=2.67395  ResidMax=6.689e-01  DilMax=2.623e+00  dt=4.158e-03
15:43:53.229 [ INFO] step=   644  t=2.67811  ResidMax=6.683e-01  DilMax=2.617e+00  dt=4.158e-03
15:43:53.266 [ INFO] step=   645  t=2.68227  ResidMax=6.676e-01  DilMax=2.612e+00  dt=4.158e-03
15:43:53.302 [ INFO] step=   646  t=2.68643  ResidMax=6.669e-01  DilMax=2.607e+00  dt=4.158e-03
15:43:53.338 [ INFO] step=   647  t=2.69059  ResidMax=6.665e-01  DilMax=2.601e+00  dt=4.158e-03
15:43:53.376 [ INFO] step=   648  t=2.69474  ResidMax=6.662e-01  DilMax=2.596e+00  dt=4.158e-03
15:43:53.412 [ INFO] step=   649  t=2.69890  ResidMax=6.657e-01  DilMax=2.590e+00  dt=4.158e-03
15:43:53.449 [ INFO] step=   650  t=2.70306  ResidMax=6.651e-01  DilMax=2.585e+00  dt=4.158e-03
15:43:53.486 [ INFO] step=   651  t=2.70722  ResidMax=6.645e-01  DilMax=2.580e+00  dt=4.158e-03
15:43:53.523 [ INFO] step=   652  t=2.71138  ResidMax=6.637e-01  DilMax=2.574e+00  dt=4.158e-03
15:43:53.559 [ INFO] step=   653  t=2.71554  ResidMax=6.633e-01  DilMax=2.568e+00  dt=4.158e-03
15:43:53.596 [ INFO] step=   654  t=2.71969  ResidMax=6.629e-01  DilMax=2.563e+00  dt=4.158e-03
15:43:53.632 [ INFO] step=   655  t=2.72385  ResidMax=6.624e-01  DilMax=2.557e+00  dt=4.158e-03
15:43:53.668 [ INFO] step=   656  t=2.72801  ResidMax=6.619e-01  DilMax=2.552e+00  dt=4.158e-03
15:43:53.704 [ INFO] step=   657  t=2.73217  ResidMax=6.612e-01  DilMax=2.546e+00  dt=4.158e-03
15:43:53.741 [ INFO] step=   658  t=2.73633  ResidMax=6.604e-01  DilMax=2.541e+00  dt=4.158e-03
15:43:53.776 [ INFO] step=   659  t=2.74049  ResidMax=6.600e-01  DilMax=2.535e+00  dt=4.158e-03
15:43:53.812 [ INFO] step=   660  t=2.74464  ResidMax=6.596e-01  DilMax=2.529e+00  dt=4.158e-03
15:43:53.849 [ INFO] step=   661  t=2.74880  ResidMax=6.591e-01  DilMax=2.524e+00  dt=4.158e-03
15:43:53.885 [ INFO] step=   662  t=2.75296  ResidMax=6.585e-01  DilMax=2.518e+00  dt=4.158e-03
15:43:53.920 [ INFO] step=   663  t=2.75712  ResidMax=6.578e-01  DilMax=2.513e+00  dt=4.158e-03
15:43:53.956 [ INFO] step=   664  t=2.76128  ResidMax=6.570e-01  DilMax=2.507e+00  dt=4.158e-03
15:43:53.992 [ INFO] step=   665  t=2.76544  ResidMax=6.565e-01  DilMax=2.501e+00  dt=4.158e-03
15:43:54.028 [ INFO] step=   666  t=2.76959  ResidMax=6.561e-01  DilMax=2.495e+00  dt=4.158e-03
15:43:54.064 [ INFO] step=   667  t=2.77375  ResidMax=6.556e-01  DilMax=2.490e+00  dt=4.158e-03
15:43:54.100 [ INFO] step=   668  t=2.77791  ResidMax=6.550e-01  DilMax=2.484e+00  dt=4.158e-03
15:43:54.137 [ INFO] step=   669  t=2.78207  ResidMax=6.543e-01  DilMax=2.478e+00  dt=4.158e-03
15:43:54.173 [ INFO] step=   670  t=2.78623  ResidMax=6.535e-01  DilMax=2.472e+00  dt=4.158e-03
15:43:54.211 [ INFO] step=   671  t=2.79039  ResidMax=6.529e-01  DilMax=2.467e+00  dt=4.158e-03
15:43:54.249 [ INFO] step=   672  t=2.79454  ResidMax=6.525e-01  DilMax=2.461e+00  dt=4.158e-03
15:43:54.291 [ INFO] step=   673  t=2.79870  ResidMax=6.519e-01  DilMax=2.455e+00  dt=4.158e-03
15:43:54.333 [ INFO] step=   674  t=2.80286  ResidMax=6.513e-01  DilMax=2.449e+00  dt=4.158e-03
15:43:54.375 [ INFO] step=   675  t=2.80702  ResidMax=6.506e-01  DilMax=2.443e+00  dt=4.158e-03
15:43:54.417 [ INFO] step=   676  t=2.81118  ResidMax=6.498e-01  DilMax=2.437e+00  dt=4.158e-03
15:43:54.456 [ INFO] step=   677  t=2.81534  ResidMax=6.491e-01  DilMax=2.431e+00  dt=4.158e-03
15:43:54.493 [ INFO] step=   678  t=2.81949  ResidMax=6.487e-01  DilMax=2.425e+00  dt=4.158e-03
15:43:54.532 [ INFO] step=   679  t=2.82365  ResidMax=6.481e-01  DilMax=2.419e+00  dt=4.158e-03
15:43:54.568 [ INFO] step=   680  t=2.82781  ResidMax=6.475e-01  DilMax=2.413e+00  dt=4.158e-03
15:43:54.606 [ INFO] step=   681  t=2.83197  ResidMax=6.467e-01  DilMax=2.407e+00  dt=4.158e-03
15:43:54.643 [ INFO] step=   682  t=2.83613  ResidMax=6.459e-01  DilMax=2.401e+00  dt=4.158e-03
15:43:54.687 [ INFO] step=   683  t=2.84029  ResidMax=6.454e-01  DilMax=2.395e+00  dt=4.158e-03
15:43:54.724 [ INFO] step=   684  t=2.84444  ResidMax=6.449e-01  DilMax=2.389e+00  dt=4.158e-03
15:43:54.760 [ INFO] step=   685  t=2.84860  ResidMax=6.444e-01  DilMax=2.383e+00  dt=4.158e-03
15:43:54.796 [ INFO] step=   686  t=2.85276  ResidMax=6.438e-01  DilMax=2.377e+00  dt=4.158e-03
15:43:54.834 [ INFO] step=   687  t=2.85692  ResidMax=6.430e-01  DilMax=2.370e+00  dt=4.158e-03
15:43:54.870 [ INFO] step=   688  t=2.86108  ResidMax=6.422e-01  DilMax=2.364e+00  dt=4.158e-03
15:43:54.906 [ INFO] step=   689  t=2.86524  ResidMax=6.416e-01  DilMax=2.358e+00  dt=4.158e-03
15:43:54.943 [ INFO] step=   690  t=2.86939  ResidMax=6.411e-01  DilMax=2.351e+00  dt=4.158e-03
15:43:54.979 [ INFO] step=   691  t=2.87355  ResidMax=6.406e-01  DilMax=2.345e+00  dt=4.158e-03
15:43:55.016 [ INFO] step=   692  t=2.87771  ResidMax=6.399e-01  DilMax=2.339e+00  dt=4.158e-03
15:43:55.052 [ INFO] step=   693  t=2.88187  ResidMax=6.392e-01  DilMax=2.332e+00  dt=4.158e-03
15:43:55.089 [ INFO] step=   694  t=2.88603  ResidMax=6.384e-01  DilMax=2.326e+00  dt=4.158e-03
15:43:55.125 [ INFO] step=   695  t=2.89019  ResidMax=6.377e-01  DilMax=2.319e+00  dt=4.158e-03
15:43:55.161 [ INFO] step=   696  t=2.89434  ResidMax=6.372e-01  DilMax=2.313e+00  dt=4.158e-03
15:43:55.198 [ INFO] step=   697  t=2.89850  ResidMax=6.367e-01  DilMax=2.306e+00  dt=4.158e-03
15:43:55.238 [ INFO] step=   698  t=2.90266  ResidMax=6.360e-01  DilMax=2.299e+00  dt=4.158e-03
15:43:55.278 [ INFO] step=   699  t=2.90682  ResidMax=6.353e-01  DilMax=2.293e+00  dt=4.158e-03
15:43:55.322 [ INFO] step=   700  t=2.91098  ResidMax=6.345e-01  DilMax=2.286e+00  dt=4.158e-03
15:43:55.364 [ INFO] step=   701  t=2.91514  ResidMax=6.338e-01  DilMax=2.279e+00  dt=4.158e-03
15:43:55.406 [ INFO] step=   702  t=2.91929  ResidMax=6.333e-01  DilMax=2.273e+00  dt=4.158e-03
15:43:55.445 [ INFO] step=   703  t=2.92345  ResidMax=6.327e-01  DilMax=2.266e+00  dt=4.158e-03
15:43:55.482 [ INFO] step=   704  t=2.92761  ResidMax=6.321e-01  DilMax=2.259e+00  dt=4.158e-03
15:43:55.519 [ INFO] step=   705  t=2.93177  ResidMax=6.313e-01  DilMax=2.252e+00  dt=4.158e-03
15:43:55.556 [ INFO] step=   706  t=2.93593  ResidMax=6.305e-01  DilMax=2.245e+00  dt=4.158e-03
15:43:55.593 [ INFO] step=   707  t=2.94009  ResidMax=6.298e-01  DilMax=2.239e+00  dt=4.158e-03
15:43:55.632 [ INFO] step=   708  t=2.94424  ResidMax=6.293e-01  DilMax=2.232e+00  dt=4.158e-03
15:43:55.673 [ INFO] step=   709  t=2.94840  ResidMax=6.288e-01  DilMax=2.225e+00  dt=4.158e-03
15:43:55.714 [ INFO] step=   710  t=2.95256  ResidMax=6.281e-01  DilMax=2.218e+00  dt=4.158e-03
15:43:55.756 [ INFO] step=   711  t=2.95672  ResidMax=6.274e-01  DilMax=2.211e+00  dt=4.158e-03
15:43:55.797 [ INFO] step=   712  t=2.96088  ResidMax=6.266e-01  DilMax=2.204e+00  dt=4.158e-03
15:43:55.840 [ INFO] step=   713  t=2.96504  ResidMax=6.258e-01  DilMax=2.197e+00  dt=4.158e-03
15:43:55.881 [ INFO] step=   714  t=2.96919  ResidMax=6.254e-01  DilMax=2.190e+00  dt=4.158e-03
15:43:55.923 [ INFO] step=   715  t=2.97335  ResidMax=6.248e-01  DilMax=2.183e+00  dt=4.158e-03
15:43:55.962 [ INFO] step=   716  t=2.97751  ResidMax=6.242e-01  DilMax=2.176e+00  dt=4.158e-03
15:43:56.007 [ INFO] step=   717  t=2.98167  ResidMax=6.235e-01  DilMax=2.169e+00  dt=4.158e-03
15:43:56.044 [ INFO] step=   718  t=2.98583  ResidMax=6.227e-01  DilMax=2.162e+00  dt=4.158e-03
15:43:56.080 [ INFO] step=   719  t=2.98999  ResidMax=6.220e-01  DilMax=2.155e+00  dt=4.158e-03
15:43:56.121 [ INFO] step=   720  t=2.99414  ResidMax=6.215e-01  DilMax=2.147e+00  dt=4.158e-03
15:43:56.160 [ INFO] step=   721  t=2.99830  ResidMax=6.210e-01  DilMax=2.140e+00  dt=4.158e-03
15:43:56.203 [ INFO] step=   722  t=3.00246  ResidMax=6.204e-01  DilMax=2.133e+00  dt=4.158e-03
15:43:56.245 [ INFO] step=   723  t=3.00662  ResidMax=6.197e-01  DilMax=2.126e+00  dt=4.158e-03
15:43:56.289 [ INFO] step=   724  t=3.01078  ResidMax=6.189e-01  DilMax=2.119e+00  dt=4.158e-03
15:43:56.330 [ INFO] step=   725  t=3.01494  ResidMax=6.181e-01  DilMax=2.112e+00  dt=4.158e-03
15:43:56.368 [ INFO] step=   726  t=3.01909  ResidMax=6.177e-01  DilMax=2.105e+00  dt=4.158e-03
15:43:56.405 [ INFO] step=   727  t=3.02325  ResidMax=6.172e-01  DilMax=2.098e+00  dt=4.158e-03
15:43:56.442 [ INFO] step=   728  t=3.02741  ResidMax=6.166e-01  DilMax=2.090e+00  dt=4.158e-03
15:43:56.478 [ INFO] step=   729  t=3.03157  ResidMax=6.159e-01  DilMax=2.083e+00  dt=4.158e-03
15:43:56.516 [ INFO] step=   730  t=3.03573  ResidMax=6.152e-01  DilMax=2.076e+00  dt=4.158e-03
15:43:56.574 [ INFO] step=   731  t=3.03989  ResidMax=6.144e-01  DilMax=2.069e+00  dt=4.158e-03
15:43:56.610 [ INFO] step=   732  t=3.04405  ResidMax=6.140e-01  DilMax=2.062e+00  dt=4.158e-03
15:43:56.647 [ INFO] step=   733  t=3.04820  ResidMax=6.135e-01  DilMax=2.055e+00  dt=4.158e-03
15:43:56.684 [ INFO] step=   734  t=3.05236  ResidMax=6.129e-01  DilMax=2.048e+00  dt=4.158e-03
15:43:56.719 [ INFO] step=   735  t=3.05652  ResidMax=6.123e-01  DilMax=2.040e+00  dt=4.158e-03
15:43:56.756 [ INFO] step=   736  t=3.06068  ResidMax=6.115e-01  DilMax=2.033e+00  dt=4.158e-03
15:43:56.792 [ INFO] step=   737  t=3.06484  ResidMax=6.107e-01  DilMax=2.026e+00  dt=4.159e-03
15:43:56.828 [ INFO] step=   738  t=3.06900  ResidMax=6.103e-01  DilMax=2.019e+00  dt=4.159e-03
15:43:56.864 [ INFO] step=   739  t=3.07315  ResidMax=6.098e-01  DilMax=2.012e+00  dt=4.159e-03
15:43:56.899 [ INFO] step=   740  t=3.07731  ResidMax=6.092e-01  DilMax=2.005e+00  dt=4.159e-03
15:43:56.936 [ INFO] step=   741  t=3.08147  ResidMax=6.086e-01  DilMax=1.998e+00  dt=4.159e-03
15:43:56.972 [ INFO] step=   742  t=3.08563  ResidMax=6.079e-01  DilMax=1.991e+00  dt=4.159e-03
15:43:57.008 [ INFO] step=   743  t=3.08979  ResidMax=6.070e-01  DilMax=1.984e+00  dt=4.159e-03
15:43:57.045 [ INFO] step=   744  t=3.09395  ResidMax=6.066e-01  DilMax=1.977e+00  dt=4.159e-03
15:43:57.081 [ INFO] step=   745  t=3.09811  ResidMax=6.061e-01  DilMax=1.970e+00  dt=4.159e-03
15:43:57.117 [ INFO] step=   746  t=3.10226  ResidMax=6.055e-01  DilMax=1.963e+00  dt=4.159e-03
15:43:57.153 [ INFO] step=   747  t=3.10642  ResidMax=6.049e-01  DilMax=1.956e+00  dt=4.159e-03
15:43:57.189 [ INFO] step=   748  t=3.11058  ResidMax=6.041e-01  DilMax=1.950e+00  dt=4.159e-03
15:43:57.225 [ INFO] step=   749  t=3.11474  ResidMax=6.033e-01  DilMax=1.943e+00  dt=4.159e-03
15:43:57.262 [ INFO] step=   750  t=3.11890  ResidMax=6.028e-01  DilMax=1.936e+00  dt=4.159e-03
15:43:57.298 [ INFO] step=   751  t=3.12306  ResidMax=6.023e-01  DilMax=1.929e+00  dt=4.159e-03
15:43:57.334 [ INFO] step=   752  t=3.12722  ResidMax=6.017e-01  DilMax=1.922e+00  dt=4.159e-03
15:43:57.370 [ INFO] step=   753  t=3.13138  ResidMax=6.011e-01  DilMax=1.916e+00  dt=4.159e-03
15:43:57.406 [ INFO] step=   754  t=3.13553  ResidMax=6.003e-01  DilMax=1.909e+00  dt=4.159e-03
15:43:57.442 [ INFO] step=   755  t=3.13969  ResidMax=5.995e-01  DilMax=1.902e+00  dt=4.159e-03
15:43:57.478 [ INFO] step=   756  t=3.14385  ResidMax=5.989e-01  DilMax=1.896e+00  dt=4.159e-03
15:43:57.515 [ INFO] step=   757  t=3.14801  ResidMax=5.984e-01  DilMax=1.889e+00  dt=4.159e-03
15:43:57.552 [ INFO] step=   758  t=3.15217  ResidMax=5.978e-01  DilMax=1.882e+00  dt=4.159e-03
15:43:57.590 [ INFO] step=   759  t=3.15633  ResidMax=5.971e-01  DilMax=1.876e+00  dt=4.159e-03
15:43:57.630 [ INFO] step=   760  t=3.16049  ResidMax=5.963e-01  DilMax=1.869e+00  dt=4.159e-03
15:43:57.672 [ INFO] step=   761  t=3.16464  ResidMax=5.955e-01  DilMax=1.863e+00  dt=4.159e-03
15:43:57.713 [ INFO] step=   762  t=3.16880  ResidMax=5.949e-01  DilMax=1.856e+00  dt=4.159e-03
15:43:57.755 [ INFO] step=   763  t=3.17296  ResidMax=5.943e-01  DilMax=1.850e+00  dt=4.159e-03
15:43:57.796 [ INFO] step=   764  t=3.17712  ResidMax=5.937e-01  DilMax=1.844e+00  dt=4.159e-03
15:43:57.834 [ INFO] step=   765  t=3.18128  ResidMax=5.930e-01  DilMax=1.837e+00  dt=4.159e-03
15:43:57.872 [ INFO] step=   766  t=3.18544  ResidMax=5.922e-01  DilMax=1.831e+00  dt=4.159e-03
15:43:57.909 [ INFO] step=   767  t=3.18960  ResidMax=5.913e-01  DilMax=1.825e+00  dt=4.159e-03
15:43:57.946 [ INFO] step=   768  t=3.19376  ResidMax=5.906e-01  DilMax=1.819e+00  dt=4.159e-03
15:43:57.983 [ INFO] step=   769  t=3.19791  ResidMax=5.900e-01  DilMax=1.812e+00  dt=4.159e-03
15:43:58.019 [ INFO] step=   770  t=3.20207  ResidMax=5.893e-01  DilMax=1.806e+00  dt=4.159e-03
15:43:58.056 [ INFO] step=   771  t=3.20623  ResidMax=5.886e-01  DilMax=1.800e+00  dt=4.159e-03
15:43:58.092 [ INFO] step=   772  t=3.21039  ResidMax=5.878e-01  DilMax=1.794e+00  dt=4.159e-03
15:43:58.128 [ INFO] step=   773  t=3.21455  ResidMax=5.869e-01  DilMax=1.788e+00  dt=4.159e-03
15:43:58.164 [ INFO] step=   774  t=3.21871  ResidMax=5.860e-01  DilMax=1.782e+00  dt=4.159e-03
15:43:58.201 [ INFO] step=   775  t=3.22287  ResidMax=5.854e-01  DilMax=1.776e+00  dt=4.159e-03
15:43:58.237 [ INFO] step=   776  t=3.22703  ResidMax=5.847e-01  DilMax=1.770e+00  dt=4.159e-03
15:43:58.273 [ INFO] step=   777  t=3.23118  ResidMax=5.840e-01  DilMax=1.764e+00  dt=4.159e-03
15:43:58.309 [ INFO] step=   778  t=3.23534  ResidMax=5.831e-01  DilMax=1.759e+00  dt=4.159e-03
15:43:58.345 [ INFO] step=   779  t=3.23950  ResidMax=5.822e-01  DilMax=1.753e+00  dt=4.159e-03
15:43:58.381 [ INFO] step=   780  t=3.24366  ResidMax=5.812e-01  DilMax=1.747e+00  dt=4.159e-03
15:43:58.417 [ INFO] step=   781  t=3.24782  ResidMax=5.806e-01  DilMax=1.741e+00  dt=4.159e-03
15:43:58.454 [ INFO] step=   782  t=3.25198  ResidMax=5.799e-01  DilMax=1.736e+00  dt=4.159e-03
15:43:58.490 [ INFO] step=   783  t=3.25614  ResidMax=5.791e-01  DilMax=1.730e+00  dt=4.159e-03
15:43:58.527 [ INFO] step=   784  t=3.26030  ResidMax=5.782e-01  DilMax=1.725e+00  dt=4.159e-03
15:43:58.564 [ INFO] step=   785  t=3.26445  ResidMax=5.773e-01  DilMax=1.719e+00  dt=4.159e-03
15:43:58.601 [ INFO] step=   786  t=3.26861  ResidMax=5.763e-01  DilMax=1.714e+00  dt=4.159e-03
15:43:58.638 [ INFO] step=   787  t=3.27277  ResidMax=5.756e-01  DilMax=1.708e+00  dt=4.159e-03
15:43:58.674 [ INFO] step=   788  t=3.27693  ResidMax=5.749e-01  DilMax=1.703e+00  dt=4.159e-03
15:43:58.711 [ INFO] step=   789  t=3.28109  ResidMax=5.741e-01  DilMax=1.697e+00  dt=4.159e-03
15:43:58.747 [ INFO] step=   790  t=3.28525  ResidMax=5.732e-01  DilMax=1.692e+00  dt=4.159e-03
15:43:58.784 [ INFO] step=   791  t=3.28941  ResidMax=5.722e-01  DilMax=1.687e+00  dt=4.159e-03
15:43:58.821 [ INFO] step=   792  t=3.29357  ResidMax=5.712e-01  DilMax=1.681e+00  dt=4.159e-03
15:43:58.857 [ INFO] step=   793  t=3.29772  ResidMax=5.704e-01  DilMax=1.676e+00  dt=4.159e-03
15:43:58.893 [ INFO] step=   794  t=3.30188  ResidMax=5.697e-01  DilMax=1.671e+00  dt=4.159e-03
15:43:58.930 [ INFO] step=   795  t=3.30604  ResidMax=5.689e-01  DilMax=1.666e+00  dt=4.159e-03
15:43:58.970 [ INFO] step=   796  t=3.31020  ResidMax=5.680e-01  DilMax=1.661e+00  dt=4.159e-03
15:43:59.011 [ INFO] step=   797  t=3.31436  ResidMax=5.671e-01  DilMax=1.655e+00  dt=4.159e-03
15:43:59.054 [ INFO] step=   798  t=3.31852  ResidMax=5.661e-01  DilMax=1.650e+00  dt=4.159e-03
15:43:59.096 [ INFO] step=   799  t=3.32268  ResidMax=5.652e-01  DilMax=1.645e+00  dt=4.159e-03
15:43:59.138 [ INFO] step=   800  t=3.32684  ResidMax=5.644e-01  DilMax=1.640e+00  dt=4.159e-03
15:43:59.180 [ INFO] step=   801  t=3.33099  ResidMax=5.636e-01  DilMax=1.635e+00  dt=4.159e-03
15:43:59.222 [ INFO] step=   802  t=3.33515  ResidMax=5.628e-01  DilMax=1.630e+00  dt=4.159e-03
15:43:59.262 [ INFO] step=   803  t=3.33931  ResidMax=5.619e-01  DilMax=1.625e+00  dt=4.159e-03
15:43:59.299 [ INFO] step=   804  t=3.34347  ResidMax=5.609e-01  DilMax=1.620e+00  dt=4.159e-03
15:43:59.336 [ INFO] step=   805  t=3.34763  ResidMax=5.599e-01  DilMax=1.616e+00  dt=4.159e-03
15:43:59.373 [ INFO] step=   806  t=3.35179  ResidMax=5.592e-01  DilMax=1.611e+00  dt=4.159e-03
15:43:59.410 [ INFO] step=   807  t=3.35595  ResidMax=5.584e-01  DilMax=1.606e+00  dt=4.159e-03
15:43:59.446 [ INFO] step=   808  t=3.36011  ResidMax=5.576e-01  DilMax=1.601e+00  dt=4.159e-03
15:43:59.482 [ INFO] step=   809  t=3.36426  ResidMax=5.567e-01  DilMax=1.596e+00  dt=4.159e-03
15:43:59.519 [ INFO] step=   810  t=3.36842  ResidMax=5.557e-01  DilMax=1.591e+00  dt=4.159e-03
15:43:59.555 [ INFO] step=   811  t=3.37258  ResidMax=5.547e-01  DilMax=1.586e+00  dt=4.159e-03
15:43:59.591 [ INFO] step=   812  t=3.37674  ResidMax=5.540e-01  DilMax=1.582e+00  dt=4.159e-03
15:43:59.627 [ INFO] step=   813  t=3.38090  ResidMax=5.532e-01  DilMax=1.577e+00  dt=4.159e-03
15:43:59.663 [ INFO] step=   814  t=3.38506  ResidMax=5.524e-01  DilMax=1.572e+00  dt=4.159e-03
15:43:59.702 [ INFO] step=   815  t=3.38922  ResidMax=5.516e-01  DilMax=1.567e+00  dt=4.159e-03
15:43:59.738 [ INFO] step=   816  t=3.39338  ResidMax=5.507e-01  DilMax=1.563e+00  dt=4.159e-03
15:43:59.774 [ INFO] step=   817  t=3.39753  ResidMax=5.497e-01  DilMax=1.558e+00  dt=4.159e-03
15:43:59.815 [ INFO] step=   818  t=3.40169  ResidMax=5.489e-01  DilMax=1.553e+00  dt=4.159e-03
15:43:59.855 [ INFO] step=   819  t=3.40585  ResidMax=5.482e-01  DilMax=1.548e+00  dt=4.159e-03
15:43:59.897 [ INFO] step=   820  t=3.41001  ResidMax=5.474e-01  DilMax=1.544e+00  dt=4.159e-03
15:43:59.939 [ INFO] step=   821  t=3.41417  ResidMax=5.466e-01  DilMax=1.539e+00  dt=4.159e-03
15:43:59.980 [ INFO] step=   822  t=3.41833  ResidMax=5.458e-01  DilMax=1.534e+00  dt=4.159e-03
15:44:00.021 [ INFO] step=   823  t=3.42249  ResidMax=5.449e-01  DilMax=1.529e+00  dt=4.159e-03
15:44:00.060 [ INFO] step=   824  t=3.42664  ResidMax=5.439e-01  DilMax=1.525e+00  dt=4.159e-03
15:44:00.097 [ INFO] step=   825  t=3.43080  ResidMax=5.433e-01  DilMax=1.520e+00  dt=4.159e-03
15:44:00.133 [ INFO] step=   826  t=3.43496  ResidMax=5.426e-01  DilMax=1.515e+00  dt=4.159e-03
15:44:00.170 [ INFO] step=   827  t=3.43912  ResidMax=5.419e-01  DilMax=1.510e+00  dt=4.159e-03
15:44:00.206 [ INFO] step=   828  t=3.44328  ResidMax=5.411e-01  DilMax=1.505e+00  dt=4.159e-03
15:44:00.243 [ INFO] step=   829  t=3.44744  ResidMax=5.402e-01  DilMax=1.501e+00  dt=4.159e-03
15:44:00.279 [ INFO] step=   830  t=3.45160  ResidMax=5.393e-01  DilMax=1.496e+00  dt=4.159e-03
15:44:00.315 [ INFO] step=   831  t=3.45575  ResidMax=5.386e-01  DilMax=1.491e+00  dt=4.159e-03
15:44:00.351 [ INFO] step=   832  t=3.45991  ResidMax=5.380e-01  DilMax=1.486e+00  dt=4.159e-03
15:44:00.389 [ INFO] step=   833  t=3.46407  ResidMax=5.373e-01  DilMax=1.481e+00  dt=4.159e-03
15:44:00.425 [ INFO] step=   834  t=3.46823  ResidMax=5.366e-01  DilMax=1.476e+00  dt=4.159e-03
15:44:00.462 [ INFO] step=   835  t=3.47239  ResidMax=5.358e-01  DilMax=1.471e+00  dt=4.159e-03
15:44:00.499 [ INFO] step=   836  t=3.47655  ResidMax=5.349e-01  DilMax=1.466e+00  dt=4.159e-03
15:44:00.586 [ INFO] step=   837  t=3.48071  ResidMax=5.341e-01  DilMax=1.461e+00  dt=4.159e-03
15:44:00.623 [ INFO] step=   838  t=3.48486  ResidMax=5.336e-01  DilMax=1.456e+00  dt=4.159e-03
15:44:00.660 [ INFO] step=   839  t=3.48902  ResidMax=5.329e-01  DilMax=1.451e+00  dt=4.159e-03
15:44:00.696 [ INFO] step=   840  t=3.49318  ResidMax=5.322e-01  DilMax=1.446e+00  dt=4.159e-03
15:44:00.731 [ INFO] step=   841  t=3.49734  ResidMax=5.315e-01  DilMax=1.441e+00  dt=4.159e-03
15:44:00.768 [ INFO] step=   842  t=3.50150  ResidMax=5.307e-01  DilMax=1.436e+00  dt=4.159e-03
15:44:00.803 [ INFO] step=   843  t=3.50566  ResidMax=5.299e-01  DilMax=1.431e+00  dt=4.159e-03
15:44:00.839 [ INFO] step=   844  t=3.50982  ResidMax=5.293e-01  DilMax=1.426e+00  dt=4.159e-03
15:44:00.876 [ INFO] step=   845  t=3.51397  ResidMax=5.287e-01  DilMax=1.421e+00  dt=4.159e-03
15:44:00.912 [ INFO] step=   846  t=3.51813  ResidMax=5.281e-01  DilMax=1.415e+00  dt=4.158e-03
15:44:00.948 [ INFO] step=   847  t=3.52229  ResidMax=5.274e-01  DilMax=1.410e+00  dt=4.158e-03
15:44:00.985 [ INFO] step=   848  t=3.52645  ResidMax=5.267e-01  DilMax=1.405e+00  dt=4.158e-03
15:44:01.022 [ INFO] step=   849  t=3.53061  ResidMax=5.259e-01  DilMax=1.400e+00  dt=4.158e-03
15:44:01.058 [ INFO] step=   850  t=3.53477  ResidMax=5.252e-01  DilMax=1.394e+00  dt=4.158e-03
15:44:01.095 [ INFO] step=   851  t=3.53893  ResidMax=5.246e-01  DilMax=1.389e+00  dt=4.158e-03
15:44:01.131 [ INFO] step=   852  t=3.54308  ResidMax=5.241e-01  DilMax=1.383e+00  dt=4.158e-03
15:44:01.168 [ INFO] step=   853  t=3.54724  ResidMax=5.235e-01  DilMax=1.378e+00  dt=4.158e-03
15:44:01.205 [ INFO] step=   854  t=3.55140  ResidMax=5.228e-01  DilMax=1.373e+00  dt=4.158e-03
15:44:01.241 [ INFO] step=   855  t=3.55556  ResidMax=5.221e-01  DilMax=1.367e+00  dt=4.158e-03
15:44:01.277 [ INFO] step=   856  t=3.55972  ResidMax=5.214e-01  DilMax=1.361e+00  dt=4.158e-03
15:44:01.313 [ INFO] step=   857  t=3.56388  ResidMax=5.208e-01  DilMax=1.356e+00  dt=4.158e-03
15:44:01.349 [ INFO] step=   858  t=3.56803  ResidMax=5.203e-01  DilMax=1.350e+00  dt=4.158e-03
15:44:01.385 [ INFO] step=   859  t=3.57219  ResidMax=5.197e-01  DilMax=1.345e+00  dt=4.158e-03
15:44:01.420 [ INFO] step=   860  t=3.57635  ResidMax=5.191e-01  DilMax=1.339e+00  dt=4.158e-03
15:44:01.456 [ INFO] step=   861  t=3.58051  ResidMax=5.184e-01  DilMax=1.333e+00  dt=4.158e-03
15:44:01.492 [ INFO] step=   862  t=3.58467  ResidMax=5.177e-01  DilMax=1.327e+00  dt=4.158e-03
15:44:01.528 [ INFO] step=   863  t=3.58883  ResidMax=5.170e-01  DilMax=1.322e+00  dt=4.158e-03
15:44:01.564 [ INFO] step=   864  t=3.59298  ResidMax=5.165e-01  DilMax=1.316e+00  dt=4.158e-03
15:44:01.600 [ INFO] step=   865  t=3.59714  ResidMax=5.159e-01  DilMax=1.310e+00  dt=4.158e-03
15:44:01.636 [ INFO] step=   866  t=3.60130  ResidMax=5.153e-01  DilMax=1.304e+00  dt=4.158e-03
15:44:01.672 [ INFO] step=   867  t=3.60546  ResidMax=5.147e-01  DilMax=1.298e+00  dt=4.158e-03
15:44:01.710 [ INFO] step=   868  t=3.60962  ResidMax=5.140e-01  DilMax=1.292e+00  dt=4.158e-03
15:44:01.746 [ INFO] step=   869  t=3.61378  ResidMax=5.132e-01  DilMax=1.286e+00  dt=4.158e-03
15:44:01.783 [ INFO] step=   870  t=3.61793  ResidMax=5.126e-01  DilMax=1.280e+00  dt=4.158e-03
15:44:01.820 [ INFO] step=   871  t=3.62209  ResidMax=5.121e-01  DilMax=1.274e+00  dt=4.158e-03
15:44:01.857 [ INFO] step=   872  t=3.62625  ResidMax=5.115e-01  DilMax=1.268e+00  dt=4.158e-03
15:44:01.894 [ INFO] step=   873  t=3.63041  ResidMax=5.108e-01  DilMax=1.262e+00  dt=4.158e-03
15:44:01.929 [ INFO] step=   874  t=3.63457  ResidMax=5.101e-01  DilMax=1.256e+00  dt=4.158e-03
15:44:01.966 [ INFO] step=   875  t=3.63873  ResidMax=5.094e-01  DilMax=1.250e+00  dt=4.158e-03
15:44:02.002 [ INFO] step=   876  t=3.64288  ResidMax=5.088e-01  DilMax=1.244e+00  dt=4.158e-03
15:44:02.039 [ INFO] step=   877  t=3.64704  ResidMax=5.082e-01  DilMax=1.238e+00  dt=4.158e-03
15:44:02.076 [ INFO] step=   878  t=3.65120  ResidMax=5.075e-01  DilMax=1.231e+00  dt=4.158e-03
15:44:02.113 [ INFO] step=   879  t=3.65536  ResidMax=5.069e-01  DilMax=1.225e+00  dt=4.158e-03
15:44:02.149 [ INFO] step=   880  t=3.65952  ResidMax=5.062e-01  DilMax=1.219e+00  dt=4.158e-03
15:44:02.185 [ INFO] step=   881  t=3.66368  ResidMax=5.057e-01  DilMax=1.213e+00  dt=4.158e-03
15:44:02.221 [ INFO] step=   882  t=3.66783  ResidMax=5.051e-01  DilMax=1.206e+00  dt=4.158e-03
15:44:02.258 [ INFO] step=   883  t=3.67199  ResidMax=5.045e-01  DilMax=1.200e+00  dt=4.158e-03
15:44:02.294 [ INFO] step=   884  t=3.67615  ResidMax=5.038e-01  DilMax=1.194e+00  dt=4.158e-03
15:44:02.330 [ INFO] step=   885  t=3.68031  ResidMax=5.031e-01  DilMax=1.188e+00  dt=4.158e-03
15:44:02.367 [ INFO] step=   886  t=3.68447  ResidMax=5.024e-01  DilMax=1.181e+00  dt=4.158e-03
15:44:02.403 [ INFO] step=   887  t=3.68862  ResidMax=5.019e-01  DilMax=1.175e+00  dt=4.158e-03
15:44:02.440 [ INFO] step=   888  t=3.69278  ResidMax=5.013e-01  DilMax=1.169e+00  dt=4.158e-03
15:44:02.476 [ INFO] step=   889  t=3.69694  ResidMax=5.007e-01  DilMax=1.162e+00  dt=4.158e-03
15:44:02.514 [ INFO] step=   890  t=3.70110  ResidMax=5.000e-01  DilMax=1.156e+00  dt=4.158e-03
15:44:02.551 [ INFO] step=   891  t=3.70526  ResidMax=4.993e-01  DilMax=1.150e+00  dt=4.158e-03
15:44:02.587 [ INFO] step=   892  t=3.70942  ResidMax=4.985e-01  DilMax=1.143e+00  dt=4.158e-03
15:44:02.623 [ INFO] step=   893  t=3.71357  ResidMax=4.979e-01  DilMax=1.137e+00  dt=4.158e-03
15:44:02.659 [ INFO] step=   894  t=3.71773  ResidMax=4.973e-01  DilMax=1.131e+00  dt=4.158e-03
15:44:02.697 [ INFO] step=   895  t=3.72189  ResidMax=4.967e-01  DilMax=1.124e+00  dt=4.158e-03
15:44:02.733 [ INFO] step=   896  t=3.72605  ResidMax=4.960e-01  DilMax=1.118e+00  dt=4.158e-03
15:44:02.770 [ INFO] step=   897  t=3.73021  ResidMax=4.953e-01  DilMax=1.112e+00  dt=4.158e-03
15:44:02.805 [ INFO] step=   898  t=3.73436  ResidMax=4.945e-01  DilMax=1.105e+00  dt=4.158e-03
15:44:02.843 [ INFO] step=   899  t=3.73852  ResidMax=4.938e-01  DilMax=1.099e+00  dt=4.158e-03
15:44:02.879 [ INFO] step=   900  t=3.74268  ResidMax=4.932e-01  DilMax=1.093e+00  dt=4.158e-03
15:44:02.916 [ INFO] step=   901  t=3.74684  ResidMax=4.926e-01  DilMax=1.086e+00  dt=4.158e-03
15:44:02.952 [ INFO] step=   902  t=3.75100  ResidMax=4.919e-01  DilMax=1.080e+00  dt=4.158e-03
15:44:02.988 [ INFO] step=   903  t=3.75515  ResidMax=4.912e-01  DilMax=1.073e+00  dt=4.158e-03
15:44:03.025 [ INFO] step=   904  t=3.75931  ResidMax=4.905e-01  DilMax=1.067e+00  dt=4.158e-03
15:44:03.062 [ INFO] step=   905  t=3.76347  ResidMax=4.897e-01  DilMax=1.061e+00  dt=4.158e-03
15:44:03.097 [ INFO] step=   906  t=3.76763  ResidMax=4.890e-01  DilMax=1.054e+00  dt=4.158e-03
15:44:03.133 [ INFO] step=   907  t=3.77179  ResidMax=4.884e-01  DilMax=1.048e+00  dt=4.158e-03
15:44:03.169 [ INFO] step=   908  t=3.77594  ResidMax=4.878e-01  DilMax=1.042e+00  dt=4.158e-03
15:44:03.206 [ INFO] step=   909  t=3.78010  ResidMax=4.871e-01  DilMax=1.036e+00  dt=4.158e-03
15:44:03.242 [ INFO] step=   910  t=3.78426  ResidMax=4.863e-01  DilMax=1.029e+00  dt=4.158e-03
15:44:03.278 [ INFO] step=   911  t=3.78842  ResidMax=4.856e-01  DilMax=1.023e+00  dt=4.158e-03
15:44:03.314 [ INFO] step=   912  t=3.79257  ResidMax=4.847e-01  DilMax=1.017e+00  dt=4.158e-03
15:44:03.351 [ INFO] step=   913  t=3.79673  ResidMax=4.842e-01  DilMax=1.010e+00  dt=4.158e-03
15:44:03.388 [ INFO] step=   914  t=3.80089  ResidMax=4.836e-01  DilMax=1.004e+00  dt=4.158e-03
15:44:03.425 [ INFO] step=   915  t=3.80505  ResidMax=4.829e-01  DilMax=9.980e-01  dt=4.158e-03
15:44:03.462 [ INFO] step=   916  t=3.80921  ResidMax=4.822e-01  DilMax=9.917e-01  dt=4.158e-03
15:44:03.499 [ INFO] step=   917  t=3.81336  ResidMax=4.814e-01  DilMax=9.855e-01  dt=4.158e-03
15:44:03.535 [ INFO] step=   918  t=3.81752  ResidMax=4.807e-01  DilMax=9.793e-01  dt=4.158e-03
15:44:03.571 [ INFO] step=   919  t=3.82168  ResidMax=4.799e-01  DilMax=9.731e-01  dt=4.158e-03
15:44:03.608 [ INFO] step=   920  t=3.82584  ResidMax=4.793e-01  DilMax=9.669e-01  dt=4.157e-03
15:44:03.672 [ INFO] step=   921  t=3.82999  ResidMax=4.787e-01  DilMax=9.607e-01  dt=4.157e-03
15:44:03.709 [ INFO] step=   922  t=3.83415  ResidMax=4.781e-01  DilMax=9.545e-01  dt=4.157e-03
15:44:03.746 [ INFO] step=   923  t=3.83831  ResidMax=4.773e-01  DilMax=9.483e-01  dt=4.157e-03
15:44:03.782 [ INFO] step=   924  t=3.84246  ResidMax=4.766e-01  DilMax=9.422e-01  dt=4.157e-03
15:44:03.818 [ INFO] step=   925  t=3.84662  ResidMax=4.758e-01  DilMax=9.360e-01  dt=4.157e-03
15:44:03.854 [ INFO] step=   926  t=3.85078  ResidMax=4.752e-01  DilMax=9.299e-01  dt=4.157e-03
15:44:03.891 [ INFO] step=   927  t=3.85494  ResidMax=4.746e-01  DilMax=9.237e-01  dt=4.157e-03
15:44:03.927 [ INFO] step=   928  t=3.85909  ResidMax=4.740e-01  DilMax=9.176e-01  dt=4.157e-03
15:44:03.963 [ INFO] step=   929  t=3.86325  ResidMax=4.733e-01  DilMax=9.115e-01  dt=4.157e-03
15:44:04.000 [ INFO] step=   930  t=3.86741  ResidMax=4.726e-01  DilMax=9.053e-01  dt=4.157e-03
15:44:04.036 [ INFO] step=   931  t=3.87156  ResidMax=4.719e-01  DilMax=8.992e-01  dt=4.157e-03
15:44:04.072 [ INFO] step=   932  t=3.87572  ResidMax=4.711e-01  DilMax=8.931e-01  dt=4.157e-03
15:44:04.108 [ INFO] step=   933  t=3.87988  ResidMax=4.705e-01  DilMax=8.870e-01  dt=4.157e-03
15:44:04.145 [ INFO] step=   934  t=3.88404  ResidMax=4.700e-01  DilMax=8.809e-01  dt=4.157e-03
15:44:04.182 [ INFO] step=   935  t=3.88819  ResidMax=4.694e-01  DilMax=8.748e-01  dt=4.157e-03
15:44:04.218 [ INFO] step=   936  t=3.89235  ResidMax=4.687e-01  DilMax=8.687e-01  dt=4.157e-03
15:44:04.254 [ INFO] step=   937  t=3.89651  ResidMax=4.680e-01  DilMax=8.626e-01  dt=4.157e-03
15:44:04.291 [ INFO] step=   938  t=3.90066  ResidMax=4.673e-01  DilMax=8.565e-01  dt=4.157e-03
15:44:04.327 [ INFO] step=   939  t=3.90482  ResidMax=4.666e-01  DilMax=8.504e-01  dt=4.157e-03
15:44:04.364 [ INFO] step=   940  t=3.90898  ResidMax=4.661e-01  DilMax=8.443e-01  dt=4.157e-03
15:44:04.401 [ INFO] step=   941  t=3.91313  ResidMax=4.655e-01  DilMax=8.382e-01  dt=4.157e-03
15:44:04.437 [ INFO] step=   942  t=3.91729  ResidMax=4.649e-01  DilMax=8.321e-01  dt=4.156e-03
15:44:04.473 [ INFO] step=   943  t=3.92145  ResidMax=4.643e-01  DilMax=8.260e-01  dt=4.156e-03
15:44:04.510 [ INFO] step=   944  t=3.92560  ResidMax=4.637e-01  DilMax=8.199e-01  dt=4.156e-03
15:44:04.549 [ INFO] step=   945  t=3.92976  ResidMax=4.630e-01  DilMax=8.138e-01  dt=4.156e-03
15:44:04.586 [ INFO] step=   946  t=3.93391  ResidMax=4.624e-01  DilMax=8.077e-01  dt=4.156e-03
15:44:04.622 [ INFO] step=   947  t=3.93807  ResidMax=4.619e-01  DilMax=8.016e-01  dt=4.156e-03
15:44:04.658 [ INFO] step=   948  t=3.94223  ResidMax=4.613e-01  DilMax=7.955e-01  dt=4.156e-03
15:44:04.694 [ INFO] step=   949  t=3.94638  ResidMax=4.607e-01  DilMax=7.894e-01  dt=4.156e-03
15:44:04.733 [ INFO] step=   950  t=3.95054  ResidMax=4.601e-01  DilMax=7.832e-01  dt=4.156e-03
15:44:04.770 [ INFO] step=   951  t=3.95469  ResidMax=4.595e-01  DilMax=7.771e-01  dt=4.156e-03
15:44:04.807 [ INFO] step=   952  t=3.95885  ResidMax=4.588e-01  DilMax=7.709e-01  dt=4.156e-03
15:44:04.843 [ INFO] step=   953  t=3.96301  ResidMax=4.583e-01  DilMax=7.648e-01  dt=4.156e-03
15:44:04.880 [ INFO] step=   954  t=3.96716  ResidMax=4.578e-01  DilMax=7.586e-01  dt=4.156e-03
15:44:04.920 [ INFO] step=   955  t=3.97132  ResidMax=4.573e-01  DilMax=7.525e-01  dt=4.156e-03
15:44:04.976 [ INFO] step=   956  t=3.97547  ResidMax=4.568e-01  DilMax=7.463e-01  dt=4.156e-03
15:44:05.027 [ INFO] step=   957  t=3.97963  ResidMax=4.562e-01  DilMax=7.401e-01  dt=4.156e-03
15:44:05.078 [ INFO] step=   958  t=3.98378  ResidMax=4.556e-01  DilMax=7.339e-01  dt=4.156e-03
15:44:05.114 [ INFO] step=   959  t=3.98794  ResidMax=4.549e-01  DilMax=7.277e-01  dt=4.156e-03
15:44:05.151 [ INFO] step=   960  t=3.99210  ResidMax=4.544e-01  DilMax=7.215e-01  dt=4.155e-03
15:44:05.187 [ INFO] step=   961  t=3.99625  ResidMax=4.540e-01  DilMax=7.152e-01  dt=4.155e-03
15:44:05.222 [ INFO] step=   962  t=4.00041  ResidMax=4.535e-01  DilMax=7.090e-01  dt=4.155e-03
15:44:05.258 [ INFO] step=   963  t=4.00456  ResidMax=4.530e-01  DilMax=7.028e-01  dt=4.155e-03
15:44:05.294 [ INFO] step=   964  t=4.00872  ResidMax=4.525e-01  DilMax=6.965e-01  dt=4.155e-03
15:44:05.330 [ INFO] step=   965  t=4.01287  ResidMax=4.519e-01  DilMax=6.902e-01  dt=4.155e-03
15:44:05.366 [ INFO] step=   966  t=4.01703  ResidMax=4.513e-01  DilMax=6.839e-01  dt=4.155e-03
15:44:05.402 [ INFO] step=   967  t=4.02118  ResidMax=4.508e-01  DilMax=6.776e-01  dt=4.155e-03
15:44:05.438 [ INFO] step=   968  t=4.02534  ResidMax=4.504e-01  DilMax=6.713e-01  dt=4.155e-03
15:44:05.474 [ INFO] step=   969  t=4.02949  ResidMax=4.500e-01  DilMax=6.650e-01  dt=4.155e-03
15:44:05.511 [ INFO] step=   970  t=4.03365  ResidMax=4.495e-01  DilMax=6.587e-01  dt=4.155e-03
15:44:05.547 [ INFO] step=   971  t=4.03780  ResidMax=4.490e-01  DilMax=6.523e-01  dt=4.155e-03
15:44:05.584 [ INFO] step=   972  t=4.04196  ResidMax=4.484e-01  DilMax=6.460e-01  dt=4.155e-03
15:44:05.620 [ INFO] step=   973  t=4.04611  ResidMax=4.479e-01  DilMax=6.396e-01  dt=4.155e-03
15:44:05.656 [ INFO] step=   974  t=4.05027  ResidMax=4.474e-01  DilMax=6.393e-01  dt=4.155e-03
15:44:05.692 [ INFO] step=   975  t=4.05442  ResidMax=4.470e-01  DilMax=6.394e-01  dt=4.155e-03
15:44:05.729 [ INFO] step=   976  t=4.05858  ResidMax=4.465e-01  DilMax=6.395e-01  dt=4.154e-03
15:44:05.765 [ INFO] step=   977  t=4.06273  ResidMax=4.461e-01  DilMax=6.396e-01  dt=4.154e-03
15:44:05.801 [ INFO] step=   978  t=4.06688  ResidMax=4.455e-01  DilMax=6.397e-01  dt=4.154e-03
15:44:05.837 [ INFO] step=   979  t=4.07104  ResidMax=4.450e-01  DilMax=6.398e-01  dt=4.154e-03
15:44:05.873 [ INFO] step=   980  t=4.07519  ResidMax=4.444e-01  DilMax=6.399e-01  dt=4.154e-03
15:44:05.909 [ INFO] step=   981  t=4.07935  ResidMax=4.440e-01  DilMax=6.400e-01  dt=4.154e-03
15:44:05.946 [ INFO] step=   982  t=4.08350  ResidMax=4.436e-01  DilMax=6.402e-01  dt=4.154e-03
15:44:05.983 [ INFO] step=   983  t=4.08765  ResidMax=4.431e-01  DilMax=6.403e-01  dt=4.154e-03
15:44:06.019 [ INFO] step=   984  t=4.09181  ResidMax=4.426e-01  DilMax=6.404e-01  dt=4.154e-03
15:44:06.056 [ INFO] step=   985  t=4.09596  ResidMax=4.421e-01  DilMax=6.405e-01  dt=4.154e-03
15:44:06.093 [ INFO] step=   986  t=4.10012  ResidMax=4.415e-01  DilMax=6.407e-01  dt=4.154e-03
15:44:06.130 [ INFO] step=   987  t=4.10427  ResidMax=4.409e-01  DilMax=6.408e-01  dt=4.154e-03
15:44:06.166 [ INFO] step=   988  t=4.10842  ResidMax=4.405e-01  DilMax=6.410e-01  dt=4.154e-03
15:44:06.203 [ INFO] step=   989  t=4.11258  ResidMax=4.401e-01  DilMax=6.411e-01  dt=4.154e-03
15:44:06.239 [ INFO] step=   990  t=4.11673  ResidMax=4.396e-01  DilMax=6.413e-01  dt=4.153e-03
15:44:06.276 [ INFO] step=   991  t=4.12088  ResidMax=4.391e-01  DilMax=6.414e-01  dt=4.153e-03
15:44:06.312 [ INFO] step=   992  t=4.12504  ResidMax=4.386e-01  DilMax=6.416e-01  dt=4.153e-03
15:44:06.348 [ INFO] step=   993  t=4.12919  ResidMax=4.380e-01  DilMax=6.417e-01  dt=4.153e-03
15:44:06.385 [ INFO] step=   994  t=4.13334  ResidMax=4.374e-01  DilMax=6.419e-01  dt=4.153e-03
15:44:06.421 [ INFO] step=   995  t=4.13750  ResidMax=4.370e-01  DilMax=6.421e-01  dt=4.153e-03
15:44:06.457 [ INFO] step=   996  t=4.14165  ResidMax=4.365e-01  DilMax=6.422e-01  dt=4.153e-03
15:44:06.494 [ INFO] step=   997  t=4.14580  ResidMax=4.360e-01  DilMax=6.424e-01  dt=4.153e-03
15:44:06.530 [ INFO] step=   998  t=4.14996  ResidMax=4.355e-01  DilMax=6.426e-01  dt=4.153e-03
15:44:06.567 [ INFO] step=   999  t=4.15411  ResidMax=4.349e-01  DilMax=6.427e-01  dt=4.153e-03
15:44:06.604 [ INFO] step=  1000  t=4.15826  ResidMax=4.343e-01  DilMax=6.429e-01  dt=4.153e-03
15:44:06.911 [ INFO] VTK snapshot written → results/backstep_validation/step_re100_t001000.vtk
15:44:08.888 [ INFO] step=  1001  t=4.16241  ResidMax=4.338e-01  DilMax=6.431e-01  dt=4.153e-03
15:44:08.924 [ INFO] step=  1002  t=4.16657  ResidMax=4.333e-01  DilMax=6.433e-01  dt=4.153e-03
15:44:08.961 [ INFO] step=  1003  t=4.17072  ResidMax=4.329e-01  DilMax=6.434e-01  dt=4.153e-03
15:44:08.998 [ INFO] step=  1004  t=4.17487  ResidMax=4.323e-01  DilMax=6.436e-01  dt=4.152e-03
15:44:09.035 [ INFO] step=  1005  t=4.17902  ResidMax=4.318e-01  DilMax=6.438e-01  dt=4.152e-03
15:44:09.071 [ INFO] step=  1006  t=4.18318  ResidMax=4.312e-01  DilMax=6.440e-01  dt=4.152e-03
15:44:09.108 [ INFO] step=  1007  t=4.18733  ResidMax=4.306e-01  DilMax=6.441e-01  dt=4.152e-03
15:44:09.144 [ INFO] step=  1008  t=4.19148  ResidMax=4.301e-01  DilMax=6.443e-01  dt=4.152e-03
15:44:09.181 [ INFO] step=  1009  t=4.19563  ResidMax=4.296e-01  DilMax=6.445e-01  dt=4.152e-03
15:44:09.216 [ INFO] step=  1010  t=4.19979  ResidMax=4.291e-01  DilMax=6.447e-01  dt=4.152e-03
15:44:09.252 [ INFO] step=  1011  t=4.20394  ResidMax=4.285e-01  DilMax=6.448e-01  dt=4.152e-03
15:44:09.290 [ INFO] step=  1012  t=4.20809  ResidMax=4.280e-01  DilMax=6.450e-01  dt=4.152e-03
15:44:09.326 [ INFO] step=  1013  t=4.21224  ResidMax=4.273e-01  DilMax=6.453e-01  dt=4.152e-03
15:44:09.362 [ INFO] step=  1014  t=4.21639  ResidMax=4.267e-01  DilMax=6.455e-01  dt=4.152e-03
15:44:09.398 [ INFO] step=  1015  t=4.22054  ResidMax=4.262e-01  DilMax=6.458e-01  dt=4.152e-03
15:44:09.434 [ INFO] step=  1016  t=4.22470  ResidMax=4.257e-01  DilMax=6.460e-01  dt=4.152e-03
15:44:09.470 [ INFO] step=  1017  t=4.22885  ResidMax=4.252e-01  DilMax=6.462e-01  dt=4.152e-03
15:44:09.508 [ INFO] step=  1018  t=4.23300  ResidMax=4.246e-01  DilMax=6.465e-01  dt=4.151e-03
15:44:09.545 [ INFO] step=  1019  t=4.23715  ResidMax=4.240e-01  DilMax=6.467e-01  dt=4.151e-03
15:44:09.583 [ INFO] step=  1020  t=4.24130  ResidMax=4.234e-01  DilMax=6.469e-01  dt=4.151e-03
15:44:09.628 [ INFO] step=  1021  t=4.24545  ResidMax=4.227e-01  DilMax=6.471e-01  dt=4.151e-03
15:44:09.667 [ INFO] step=  1022  t=4.24960  ResidMax=4.222e-01  DilMax=6.473e-01  dt=4.151e-03
15:44:09.711 [ INFO] step=  1023  t=4.25375  ResidMax=4.217e-01  DilMax=6.476e-01  dt=4.151e-03
15:44:09.757 [ INFO] step=  1024  t=4.25791  ResidMax=4.212e-01  DilMax=6.478e-01  dt=4.151e-03
15:44:09.803 [ INFO] step=  1025  t=4.26206  ResidMax=4.206e-01  DilMax=6.480e-01  dt=4.151e-03
15:44:09.846 [ INFO] step=  1026  t=4.26621  ResidMax=4.200e-01  DilMax=6.482e-01  dt=4.151e-03
15:44:09.891 [ INFO] step=  1027  t=4.27036  ResidMax=4.194e-01  DilMax=6.484e-01  dt=4.151e-03
15:44:09.933 [ INFO] step=  1028  t=4.27451  ResidMax=4.187e-01  DilMax=6.486e-01  dt=4.151e-03
15:44:09.972 [ INFO] step=  1029  t=4.27866  ResidMax=4.182e-01  DilMax=6.488e-01  dt=4.151e-03
15:44:10.011 [ INFO] step=  1030  t=4.28281  ResidMax=4.177e-01  DilMax=6.489e-01  dt=4.151e-03
15:44:10.048 [ INFO] step=  1031  t=4.28696  ResidMax=4.171e-01  DilMax=6.491e-01  dt=4.151e-03
15:44:10.086 [ INFO] step=  1032  t=4.29111  ResidMax=4.166e-01  DilMax=6.493e-01  dt=4.151e-03
15:44:10.124 [ INFO] step=  1033  t=4.29526  ResidMax=4.160e-01  DilMax=6.495e-01  dt=4.150e-03
15:44:10.163 [ INFO] step=  1034  t=4.29941  ResidMax=4.153e-01  DilMax=6.496e-01  dt=4.150e-03
15:44:10.201 [ INFO] step=  1035  t=4.30356  ResidMax=4.147e-01  DilMax=6.498e-01  dt=4.150e-03
15:44:10.238 [ INFO] step=  1036  t=4.30771  ResidMax=4.142e-01  DilMax=6.499e-01  dt=4.150e-03
15:44:10.277 [ INFO] step=  1037  t=4.31186  ResidMax=4.137e-01  DilMax=6.501e-01  dt=4.150e-03
15:44:10.316 [ INFO] step=  1038  t=4.31601  ResidMax=4.131e-01  DilMax=6.502e-01  dt=4.150e-03
15:44:10.354 [ INFO] step=  1039  t=4.32016  ResidMax=4.125e-01  DilMax=6.504e-01  dt=4.150e-03
15:44:10.392 [ INFO] step=  1040  t=4.32431  ResidMax=4.119e-01  DilMax=6.505e-01  dt=4.150e-03
15:44:10.431 [ INFO] step=  1041  t=4.32846  ResidMax=4.113e-01  DilMax=6.507e-01  dt=4.150e-03
15:44:10.469 [ INFO] step=  1042  t=4.33261  ResidMax=4.107e-01  DilMax=6.508e-01  dt=4.150e-03
15:44:10.507 [ INFO] step=  1043  t=4.33676  ResidMax=4.102e-01  DilMax=6.509e-01  dt=4.150e-03
15:44:10.547 [ INFO] step=  1044  t=4.34091  ResidMax=4.097e-01  DilMax=6.510e-01  dt=4.150e-03
15:44:10.585 [ INFO] step=  1045  t=4.34506  ResidMax=4.091e-01  DilMax=6.511e-01  dt=4.150e-03
15:44:10.625 [ INFO] step=  1046  t=4.34921  ResidMax=4.086e-01  DilMax=6.512e-01  dt=4.150e-03
15:44:10.665 [ INFO] step=  1047  t=4.35336  ResidMax=4.079e-01  DilMax=6.513e-01  dt=4.150e-03
15:44:10.705 [ INFO] step=  1048  t=4.35751  ResidMax=4.073e-01  DilMax=6.514e-01  dt=4.150e-03
15:44:10.745 [ INFO] step=  1049  t=4.36166  ResidMax=4.068e-01  DilMax=6.515e-01  dt=4.150e-03
15:44:10.783 [ INFO] step=  1050  t=4.36581  ResidMax=4.063e-01  DilMax=6.516e-01  dt=4.150e-03
15:44:10.823 [ INFO] step=  1051  t=4.36996  ResidMax=4.058e-01  DilMax=6.517e-01  dt=4.150e-03
15:44:10.862 [ INFO] step=  1052  t=4.37411  ResidMax=4.052e-01  DilMax=6.518e-01  dt=4.149e-03
15:44:10.901 [ INFO] step=  1053  t=4.37826  ResidMax=4.047e-01  DilMax=6.519e-01  dt=4.149e-03
15:44:10.940 [ INFO] step=  1054  t=4.38241  ResidMax=4.041e-01  DilMax=6.520e-01  dt=4.149e-03
15:44:10.979 [ INFO] step=  1055  t=4.38656  ResidMax=4.035e-01  DilMax=6.520e-01  dt=4.149e-03
15:44:11.018 [ INFO] step=  1056  t=4.39071  ResidMax=4.029e-01  DilMax=6.521e-01  dt=4.149e-03
15:44:11.056 [ INFO] step=  1057  t=4.39486  ResidMax=4.025e-01  DilMax=6.522e-01  dt=4.149e-03
15:44:11.094 [ INFO] step=  1058  t=4.39901  ResidMax=4.020e-01  DilMax=6.523e-01  dt=4.149e-03
15:44:11.132 [ INFO] step=  1059  t=4.40316  ResidMax=4.014e-01  DilMax=6.523e-01  dt=4.149e-03
15:44:11.170 [ INFO] step=  1060  t=4.40730  ResidMax=4.009e-01  DilMax=6.524e-01  dt=4.149e-03
15:44:11.208 [ INFO] step=  1061  t=4.41145  ResidMax=4.003e-01  DilMax=6.524e-01  dt=4.149e-03
15:44:11.246 [ INFO] step=  1062  t=4.41560  ResidMax=3.997e-01  DilMax=6.525e-01  dt=4.149e-03
15:44:11.285 [ INFO] step=  1063  t=4.41975  ResidMax=3.992e-01  DilMax=6.526e-01  dt=4.149e-03
15:44:11.323 [ INFO] step=  1064  t=4.42390  ResidMax=3.988e-01  DilMax=6.526e-01  dt=4.149e-03
15:44:11.361 [ INFO] step=  1065  t=4.42805  ResidMax=3.983e-01  DilMax=6.527e-01  dt=4.149e-03
15:44:11.399 [ INFO] step=  1066  t=4.43220  ResidMax=3.978e-01  DilMax=6.527e-01  dt=4.149e-03
15:44:11.438 [ INFO] step=  1067  t=4.43635  ResidMax=3.973e-01  DilMax=6.528e-01  dt=4.149e-03
15:44:11.476 [ INFO] step=  1068  t=4.44050  ResidMax=3.967e-01  DilMax=6.528e-01  dt=4.149e-03
15:44:11.514 [ INFO] step=  1069  t=4.44465  ResidMax=3.961e-01  DilMax=6.529e-01  dt=4.149e-03
15:44:11.553 [ INFO] step=  1070  t=4.44880  ResidMax=3.957e-01  DilMax=6.530e-01  dt=4.149e-03
15:44:11.591 [ INFO] step=  1071  t=4.45294  ResidMax=3.952e-01  DilMax=6.530e-01  dt=4.149e-03
15:44:11.629 [ INFO] step=  1072  t=4.45709  ResidMax=3.948e-01  DilMax=6.531e-01  dt=4.149e-03
15:44:11.668 [ INFO] step=  1073  t=4.46124  ResidMax=3.943e-01  DilMax=6.531e-01  dt=4.149e-03
15:44:11.706 [ INFO] step=  1074  t=4.46539  ResidMax=3.938e-01  DilMax=6.532e-01  dt=4.149e-03
15:44:11.744 [ INFO] step=  1075  t=4.46954  ResidMax=3.932e-01  DilMax=6.532e-01  dt=4.149e-03
15:44:11.781 [ INFO] step=  1076  t=4.47369  ResidMax=3.927e-01  DilMax=6.533e-01  dt=4.149e-03
15:44:11.819 [ INFO] step=  1077  t=4.47784  ResidMax=3.922e-01  DilMax=6.533e-01  dt=4.149e-03
15:44:11.857 [ INFO] step=  1078  t=4.48199  ResidMax=3.918e-01  DilMax=6.534e-01  dt=4.149e-03
15:44:11.894 [ INFO] step=  1079  t=4.48614  ResidMax=3.913e-01  DilMax=6.535e-01  dt=4.149e-03
15:44:11.931 [ INFO] step=  1080  t=4.49029  ResidMax=3.909e-01  DilMax=6.535e-01  dt=4.149e-03
15:44:11.969 [ INFO] step=  1081  t=4.49443  ResidMax=3.904e-01  DilMax=6.536e-01  dt=4.149e-03
15:44:12.007 [ INFO] step=  1082  t=4.49858  ResidMax=3.898e-01  DilMax=6.537e-01  dt=4.149e-03
15:44:12.044 [ INFO] step=  1083  t=4.50273  ResidMax=3.893e-01  DilMax=6.537e-01  dt=4.149e-03
15:44:12.082 [ INFO] step=  1084  t=4.50688  ResidMax=3.889e-01  DilMax=6.538e-01  dt=4.149e-03
15:44:12.119 [ INFO] step=  1085  t=4.51103  ResidMax=3.884e-01  DilMax=6.539e-01  dt=4.149e-03
15:44:12.157 [ INFO] step=  1086  t=4.51518  ResidMax=3.880e-01  DilMax=6.540e-01  dt=4.149e-03
15:44:12.194 [ INFO] step=  1087  t=4.51933  ResidMax=3.875e-01  DilMax=6.540e-01  dt=4.149e-03
15:44:12.232 [ INFO] step=  1088  t=4.52348  ResidMax=3.870e-01  DilMax=6.541e-01  dt=4.149e-03
15:44:12.269 [ INFO] step=  1089  t=4.52763  ResidMax=3.865e-01  DilMax=6.542e-01  dt=4.149e-03
15:44:12.307 [ INFO] step=  1090  t=4.53178  ResidMax=3.860e-01  DilMax=6.543e-01  dt=4.149e-03
15:44:12.344 [ INFO] step=  1091  t=4.53592  ResidMax=3.856e-01  DilMax=6.544e-01  dt=4.149e-03
15:44:12.382 [ INFO] step=  1092  t=4.54007  ResidMax=3.852e-01  DilMax=6.545e-01  dt=4.149e-03
15:44:12.420 [ INFO] step=  1093  t=4.54422  ResidMax=3.847e-01  DilMax=6.545e-01  dt=4.149e-03
15:44:12.458 [ INFO] step=  1094  t=4.54837  ResidMax=3.843e-01  DilMax=6.546e-01  dt=4.149e-03
15:44:12.500 [ INFO] step=  1095  t=4.55252  ResidMax=3.838e-01  DilMax=6.547e-01  dt=4.149e-03
15:44:12.543 [ INFO] step=  1096  t=4.55667  ResidMax=3.833e-01  DilMax=6.548e-01  dt=4.149e-03
15:44:12.589 [ INFO] step=  1097  t=4.56082  ResidMax=3.828e-01  DilMax=6.549e-01  dt=4.149e-03
15:44:12.639 [ INFO] step=  1098  t=4.56497  ResidMax=3.823e-01  DilMax=6.550e-01  dt=4.149e-03
15:44:12.682 [ INFO] step=  1099  t=4.56912  ResidMax=3.819e-01  DilMax=6.552e-01  dt=4.149e-03
15:44:12.724 [ INFO] step=  1100  t=4.57327  ResidMax=3.815e-01  DilMax=6.553e-01  dt=4.149e-03
15:44:12.762 [ INFO] step=  1101  t=4.57742  ResidMax=3.810e-01  DilMax=6.554e-01  dt=4.149e-03
15:44:12.799 [ INFO] step=  1102  t=4.58157  ResidMax=3.806e-01  DilMax=6.556e-01  dt=4.149e-03
15:44:12.838 [ INFO] step=  1103  t=4.58571  ResidMax=3.801e-01  DilMax=6.557e-01  dt=4.149e-03
15:44:12.876 [ INFO] step=  1104  t=4.58986  ResidMax=3.795e-01  DilMax=6.559e-01  dt=4.149e-03
15:44:12.915 [ INFO] step=  1105  t=4.59401  ResidMax=3.791e-01  DilMax=6.560e-01  dt=4.149e-03
15:44:12.953 [ INFO] step=  1106  t=4.59816  ResidMax=3.787e-01  DilMax=6.562e-01  dt=4.149e-03
15:44:12.991 [ INFO] step=  1107  t=4.60231  ResidMax=3.783e-01  DilMax=6.563e-01  dt=4.149e-03
15:44:13.029 [ INFO] step=  1108  t=4.60646  ResidMax=3.778e-01  DilMax=6.565e-01  dt=4.149e-03
15:44:13.067 [ INFO] step=  1109  t=4.61061  ResidMax=3.773e-01  DilMax=6.566e-01  dt=4.149e-03
15:44:13.106 [ INFO] step=  1110  t=4.61476  ResidMax=3.768e-01  DilMax=6.568e-01  dt=4.149e-03
15:44:13.144 [ INFO] step=  1111  t=4.61891  ResidMax=3.763e-01  DilMax=6.570e-01  dt=4.150e-03
15:44:13.182 [ INFO] step=  1112  t=4.62306  ResidMax=3.758e-01  DilMax=6.571e-01  dt=4.150e-03
15:44:13.220 [ INFO] step=  1113  t=4.62721  ResidMax=3.754e-01  DilMax=6.573e-01  dt=4.150e-03
15:44:13.258 [ INFO] step=  1114  t=4.63136  ResidMax=3.750e-01  DilMax=6.575e-01  dt=4.150e-03
15:44:13.297 [ INFO] step=  1115  t=4.63551  ResidMax=3.745e-01  DilMax=6.576e-01  dt=4.150e-03
15:44:13.335 [ INFO] step=  1116  t=4.63966  ResidMax=3.740e-01  DilMax=6.578e-01  dt=4.150e-03
15:44:13.373 [ INFO] step=  1117  t=4.64381  ResidMax=3.735e-01  DilMax=6.579e-01  dt=4.150e-03
15:44:13.412 [ INFO] step=  1118  t=4.64796  ResidMax=3.730e-01  DilMax=6.581e-01  dt=4.150e-03
15:44:13.450 [ INFO] step=  1119  t=4.65211  ResidMax=3.726e-01  DilMax=6.583e-01  dt=4.150e-03
15:44:13.488 [ INFO] step=  1120  t=4.65626  ResidMax=3.721e-01  DilMax=6.584e-01  dt=4.150e-03
15:44:13.527 [ INFO] step=  1121  t=4.66041  ResidMax=3.717e-01  DilMax=6.586e-01  dt=4.150e-03
15:44:13.566 [ INFO] step=  1122  t=4.66456  ResidMax=3.712e-01  DilMax=6.588e-01  dt=4.150e-03
15:44:13.605 [ INFO] step=  1123  t=4.66871  ResidMax=3.707e-01  DilMax=6.589e-01  dt=4.150e-03
15:44:13.643 [ INFO] step=  1124  t=4.67286  ResidMax=3.702e-01  DilMax=6.591e-01  dt=4.150e-03
15:44:13.681 [ INFO] step=  1125  t=4.67701  ResidMax=3.697e-01  DilMax=6.592e-01  dt=4.150e-03
15:44:13.719 [ INFO] step=  1126  t=4.68116  ResidMax=3.692e-01  DilMax=6.594e-01  dt=4.150e-03
15:44:13.758 [ INFO] step=  1127  t=4.68531  ResidMax=3.688e-01  DilMax=6.595e-01  dt=4.150e-03
15:44:13.795 [ INFO] step=  1128  t=4.68946  ResidMax=3.683e-01  DilMax=6.597e-01  dt=4.150e-03
15:44:13.835 [ INFO] step=  1129  t=4.69361  ResidMax=3.679e-01  DilMax=6.598e-01  dt=4.150e-03
15:44:13.872 [ INFO] step=  1130  t=4.69776  ResidMax=3.674e-01  DilMax=6.600e-01  dt=4.150e-03
15:44:13.910 [ INFO] step=  1131  t=4.70191  ResidMax=3.668e-01  DilMax=6.601e-01  dt=4.150e-03
15:44:13.948 [ INFO] step=  1132  t=4.70606  ResidMax=3.663e-01  DilMax=6.602e-01  dt=4.150e-03
15:44:13.986 [ INFO] step=  1133  t=4.71021  ResidMax=3.658e-01  DilMax=6.604e-01  dt=4.150e-03
15:44:14.023 [ INFO] step=  1134  t=4.71436  ResidMax=3.654e-01  DilMax=6.605e-01  dt=4.151e-03
15:44:14.061 [ INFO] step=  1135  t=4.71851  ResidMax=3.650e-01  DilMax=6.606e-01  dt=4.151e-03
15:44:14.098 [ INFO] step=  1136  t=4.72266  ResidMax=3.645e-01  DilMax=6.608e-01  dt=4.151e-03
15:44:14.137 [ INFO] step=  1137  t=4.72681  ResidMax=3.640e-01  DilMax=6.609e-01  dt=4.151e-03
15:44:14.175 [ INFO] step=  1138  t=4.73096  ResidMax=3.634e-01  DilMax=6.610e-01  dt=4.151e-03
15:44:14.212 [ INFO] step=  1139  t=4.73511  ResidMax=3.629e-01  DilMax=6.611e-01  dt=4.151e-03
15:44:14.250 [ INFO] step=  1140  t=4.73926  ResidMax=3.624e-01  DilMax=6.612e-01  dt=4.151e-03
15:44:14.287 [ INFO] step=  1141  t=4.74342  ResidMax=3.620e-01  DilMax=6.613e-01  dt=4.151e-03
15:44:14.324 [ INFO] step=  1142  t=4.74757  ResidMax=3.615e-01  DilMax=6.614e-01  dt=4.151e-03
15:44:14.362 [ INFO] step=  1143  t=4.75172  ResidMax=3.610e-01  DilMax=6.615e-01  dt=4.151e-03
15:44:14.400 [ INFO] step=  1144  t=4.75587  ResidMax=3.605e-01  DilMax=6.616e-01  dt=4.151e-03
15:44:14.437 [ INFO] step=  1145  t=4.76002  ResidMax=3.600e-01  DilMax=6.617e-01  dt=4.151e-03
15:44:14.475 [ INFO] step=  1146  t=4.76417  ResidMax=3.595e-01  DilMax=6.618e-01  dt=4.151e-03
15:44:14.512 [ INFO] step=  1147  t=4.76832  ResidMax=3.590e-01  DilMax=6.619e-01  dt=4.151e-03
15:44:14.550 [ INFO] step=  1148  t=4.77247  ResidMax=3.586e-01  DilMax=6.620e-01  dt=4.151e-03
15:44:14.588 [ INFO] step=  1149  t=4.77663  ResidMax=3.581e-01  DilMax=6.620e-01  dt=4.151e-03
15:44:14.626 [ INFO] step=  1150  t=4.78078  ResidMax=3.576e-01  DilMax=6.621e-01  dt=4.152e-03
15:44:14.664 [ INFO] step=  1151  t=4.78493  ResidMax=3.571e-01  DilMax=6.622e-01  dt=4.152e-03
15:44:14.701 [ INFO] step=  1152  t=4.78908  ResidMax=3.566e-01  DilMax=6.622e-01  dt=4.152e-03
15:44:14.739 [ INFO] step=  1153  t=4.79323  ResidMax=3.560e-01  DilMax=6.623e-01  dt=4.152e-03
15:44:14.777 [ INFO] step=  1154  t=4.79738  ResidMax=3.556e-01  DilMax=6.623e-01  dt=4.152e-03
15:44:14.815 [ INFO] step=  1155  t=4.80154  ResidMax=3.551e-01  DilMax=6.624e-01  dt=4.152e-03
15:44:14.853 [ INFO] step=  1156  t=4.80569  ResidMax=3.547e-01  DilMax=6.624e-01  dt=4.152e-03
15:44:14.890 [ INFO] step=  1157  t=4.80984  ResidMax=3.542e-01  DilMax=6.625e-01  dt=4.152e-03
15:44:14.928 [ INFO] step=  1158  t=4.81399  ResidMax=3.537e-01  DilMax=6.625e-01  dt=4.152e-03
15:44:14.965 [ INFO] step=  1159  t=4.81814  ResidMax=3.532e-01  DilMax=6.625e-01  dt=4.152e-03
15:44:15.002 [ INFO] step=  1160  t=4.82230  ResidMax=3.526e-01  DilMax=6.626e-01  dt=4.152e-03
15:44:15.040 [ INFO] step=  1161  t=4.82645  ResidMax=3.522e-01  DilMax=6.626e-01  dt=4.152e-03
15:44:15.077 [ INFO] step=  1162  t=4.83060  ResidMax=3.517e-01  DilMax=6.626e-01  dt=4.152e-03
15:44:15.114 [ INFO] step=  1163  t=4.83475  ResidMax=3.513e-01  DilMax=6.626e-01  dt=4.153e-03
15:44:15.151 [ INFO] step=  1164  t=4.83891  ResidMax=3.508e-01  DilMax=6.626e-01  dt=4.153e-03
15:44:15.188 [ INFO] step=  1165  t=4.84306  ResidMax=3.503e-01  DilMax=6.626e-01  dt=4.153e-03
15:44:15.225 [ INFO] step=  1166  t=4.84721  ResidMax=3.498e-01  DilMax=6.626e-01  dt=4.153e-03
15:44:15.262 [ INFO] step=  1167  t=4.85136  ResidMax=3.493e-01  DilMax=6.626e-01  dt=4.153e-03
15:44:15.299 [ INFO] step=  1168  t=4.85552  ResidMax=3.488e-01  DilMax=6.626e-01  dt=4.153e-03
15:44:15.337 [ INFO] step=  1169  t=4.85967  ResidMax=3.484e-01  DilMax=6.626e-01  dt=4.153e-03
15:44:15.375 [ INFO] step=  1170  t=4.86382  ResidMax=3.480e-01  DilMax=6.626e-01  dt=4.153e-03
15:44:15.413 [ INFO] step=  1171  t=4.86798  ResidMax=3.476e-01  DilMax=6.626e-01  dt=4.153e-03
15:44:15.450 [ INFO] step=  1172  t=4.87213  ResidMax=3.471e-01  DilMax=6.626e-01  dt=4.153e-03
15:44:15.487 [ INFO] step=  1173  t=4.87628  ResidMax=3.466e-01  DilMax=6.626e-01  dt=4.154e-03
15:44:15.525 [ INFO] step=  1174  t=4.88044  ResidMax=3.462e-01  DilMax=6.626e-01  dt=4.154e-03
15:44:15.562 [ INFO] step=  1175  t=4.88459  ResidMax=3.456e-01  DilMax=6.626e-01  dt=4.154e-03
15:44:15.600 [ INFO] step=  1176  t=4.88875  ResidMax=3.452e-01  DilMax=6.625e-01  dt=4.154e-03
15:44:15.637 [ INFO] step=  1177  t=4.89290  ResidMax=3.448e-01  DilMax=6.625e-01  dt=4.154e-03
15:44:15.675 [ INFO] step=  1178  t=4.89705  ResidMax=3.444e-01  DilMax=6.625e-01  dt=4.154e-03
15:44:15.716 [ INFO] step=  1179  t=4.90121  ResidMax=3.440e-01  DilMax=6.625e-01  dt=4.154e-03
15:44:15.754 [ INFO] step=  1180  t=4.90536  ResidMax=3.435e-01  DilMax=6.624e-01  dt=4.154e-03
15:44:15.792 [ INFO] step=  1181  t=4.90952  ResidMax=3.431e-01  DilMax=6.624e-01  dt=4.154e-03
15:44:15.831 [ INFO] step=  1182  t=4.91367  ResidMax=3.426e-01  DilMax=6.624e-01  dt=4.154e-03
15:44:15.868 [ INFO] step=  1183  t=4.91783  ResidMax=3.422e-01  DilMax=6.623e-01  dt=4.155e-03
15:44:15.907 [ INFO] step=  1184  t=4.92198  ResidMax=3.418e-01  DilMax=6.623e-01  dt=4.155e-03
15:44:15.945 [ INFO] step=  1185  t=4.92613  ResidMax=3.414e-01  DilMax=6.623e-01  dt=4.155e-03
15:44:15.982 [ INFO] step=  1186  t=4.93029  ResidMax=3.410e-01  DilMax=6.623e-01  dt=4.155e-03
15:44:16.020 [ INFO] step=  1187  t=4.93444  ResidMax=3.405e-01  DilMax=6.622e-01  dt=4.155e-03
15:44:16.058 [ INFO] step=  1188  t=4.93860  ResidMax=3.401e-01  DilMax=6.622e-01  dt=4.155e-03
15:44:16.095 [ INFO] step=  1189  t=4.94275  ResidMax=3.396e-01  DilMax=6.622e-01  dt=4.155e-03
15:44:16.132 [ INFO] step=  1190  t=4.94691  ResidMax=3.392e-01  DilMax=6.621e-01  dt=4.155e-03
15:44:16.170 [ INFO] step=  1191  t=4.95107  ResidMax=3.388e-01  DilMax=6.621e-01  dt=4.155e-03
15:44:16.208 [ INFO] step=  1192  t=4.95522  ResidMax=3.384e-01  DilMax=6.621e-01  dt=4.156e-03
15:44:16.245 [ INFO] step=  1193  t=4.95938  ResidMax=3.380e-01  DilMax=6.620e-01  dt=4.156e-03
15:44:16.282 [ INFO] step=  1194  t=4.96353  ResidMax=3.376e-01  DilMax=6.620e-01  dt=4.156e-03
15:44:16.320 [ INFO] step=  1195  t=4.96769  ResidMax=3.371e-01  DilMax=6.620e-01  dt=4.156e-03
15:44:16.357 [ INFO] step=  1196  t=4.97184  ResidMax=3.367e-01  DilMax=6.620e-01  dt=4.156e-03
15:44:16.394 [ INFO] step=  1197  t=4.97600  ResidMax=3.363e-01  DilMax=6.619e-01  dt=4.156e-03
15:44:16.433 [ INFO] step=  1198  t=4.98016  ResidMax=3.359e-01  DilMax=6.619e-01  dt=4.156e-03
15:44:16.471 [ INFO] step=  1199  t=4.98431  ResidMax=3.355e-01  DilMax=6.619e-01  dt=4.156e-03
15:44:16.509 [ INFO] step=  1200  t=4.98847  ResidMax=3.352e-01  DilMax=6.619e-01  dt=4.156e-03
15:44:16.548 [ INFO] step=  1201  t=4.99263  ResidMax=3.347e-01  DilMax=6.618e-01  dt=4.157e-03
15:44:16.591 [ INFO] step=  1202  t=4.99678  ResidMax=3.343e-01  DilMax=6.618e-01  dt=4.157e-03
15:44:16.637 [ INFO] step=  1203  t=5.00094  ResidMax=3.339e-01  DilMax=6.618e-01  dt=4.157e-03
15:44:16.675 [ INFO] step=  1204  t=5.00510  ResidMax=3.335e-01  DilMax=6.618e-01  dt=4.157e-03
15:44:16.712 [ INFO] step=  1205  t=5.00925  ResidMax=3.331e-01  DilMax=6.618e-01  dt=4.157e-03
15:44:16.749 [ INFO] step=  1206  t=5.01341  ResidMax=3.327e-01  DilMax=6.618e-01  dt=4.157e-03
15:44:16.788 [ INFO] step=  1207  t=5.01757  ResidMax=3.324e-01  DilMax=6.617e-01  dt=4.157e-03
15:44:16.844 [ INFO] step=  1208  t=5.02172  ResidMax=3.320e-01  DilMax=6.617e-01  dt=4.157e-03
15:44:16.881 [ INFO] step=  1209  t=5.02588  ResidMax=3.316e-01  DilMax=6.617e-01  dt=4.157e-03
15:44:16.918 [ INFO] step=  1210  t=5.03004  ResidMax=3.311e-01  DilMax=6.617e-01  dt=4.157e-03
15:44:16.955 [ INFO] step=  1211  t=5.03420  ResidMax=3.307e-01  DilMax=6.617e-01  dt=4.157e-03
15:44:16.994 [ INFO] step=  1212  t=5.03835  ResidMax=3.304e-01  DilMax=6.617e-01  dt=4.158e-03
15:44:17.031 [ INFO] step=  1213  t=5.04251  ResidMax=3.300e-01  DilMax=6.617e-01  dt=4.158e-03
15:44:17.068 [ INFO] step=  1214  t=5.04667  ResidMax=3.296e-01  DilMax=6.617e-01  dt=4.158e-03
15:44:17.107 [ INFO] step=  1215  t=5.05083  ResidMax=3.292e-01  DilMax=6.617e-01  dt=4.158e-03
15:44:17.145 [ INFO] step=  1216  t=5.05498  ResidMax=3.288e-01  DilMax=6.617e-01  dt=4.158e-03
15:44:17.183 [ INFO] step=  1217  t=5.05914  ResidMax=3.284e-01  DilMax=6.617e-01  dt=4.158e-03
15:44:17.221 [ INFO] step=  1218  t=5.06330  ResidMax=3.280e-01  DilMax=6.617e-01  dt=4.158e-03
15:44:17.258 [ INFO] step=  1219  t=5.06746  ResidMax=3.277e-01  DilMax=6.617e-01  dt=4.158e-03
15:44:17.296 [ INFO] step=  1220  t=5.07162  ResidMax=3.273e-01  DilMax=6.617e-01  dt=4.158e-03
15:44:17.334 [ INFO] step=  1221  t=5.07578  ResidMax=3.269e-01  DilMax=6.617e-01  dt=4.158e-03
15:44:17.371 [ INFO] step=  1222  t=5.07993  ResidMax=3.266e-01  DilMax=6.617e-01  dt=4.158e-03
15:44:17.409 [ INFO] step=  1223  t=5.08409  ResidMax=3.262e-01  DilMax=6.617e-01  dt=4.158e-03
15:44:17.447 [ INFO] step=  1224  t=5.08825  ResidMax=3.258e-01  DilMax=6.617e-01  dt=4.158e-03
15:44:17.485 [ INFO] step=  1225  t=5.09241  ResidMax=3.253e-01  DilMax=6.617e-01  dt=4.158e-03
15:44:17.522 [ INFO] step=  1226  t=5.09657  ResidMax=3.250e-01  DilMax=6.617e-01  dt=4.158e-03
15:44:17.560 [ INFO] step=  1227  t=5.10072  ResidMax=3.246e-01  DilMax=6.618e-01  dt=4.158e-03
15:44:17.597 [ INFO] step=  1228  t=5.10488  ResidMax=3.243e-01  DilMax=6.618e-01  dt=4.158e-03
15:44:17.634 [ INFO] step=  1229  t=5.10904  ResidMax=3.239e-01  DilMax=6.618e-01  dt=4.158e-03
15:44:17.670 [ INFO] step=  1230  t=5.11320  ResidMax=3.235e-01  DilMax=6.618e-01  dt=4.158e-03
15:44:17.708 [ INFO] step=  1231  t=5.11736  ResidMax=3.231e-01  DilMax=6.618e-01  dt=4.158e-03
15:44:17.746 [ INFO] step=  1232  t=5.12152  ResidMax=3.227e-01  DilMax=6.618e-01  dt=4.158e-03
15:44:17.784 [ INFO] step=  1233  t=5.12567  ResidMax=3.223e-01  DilMax=6.618e-01  dt=4.158e-03
15:44:17.821 [ INFO] step=  1234  t=5.12983  ResidMax=3.220e-01  DilMax=6.618e-01  dt=4.158e-03
15:44:17.858 [ INFO] step=  1235  t=5.13399  ResidMax=3.216e-01  DilMax=6.618e-01  dt=4.158e-03
15:44:17.895 [ INFO] step=  1236  t=5.13815  ResidMax=3.213e-01  DilMax=6.618e-01  dt=4.158e-03
15:44:17.933 [ INFO] step=  1237  t=5.14231  ResidMax=3.209e-01  DilMax=6.618e-01  dt=4.158e-03
15:44:17.971 [ INFO] step=  1238  t=5.14647  ResidMax=3.205e-01  DilMax=6.618e-01  dt=4.158e-03
15:44:18.009 [ INFO] step=  1239  t=5.15062  ResidMax=3.200e-01  DilMax=6.619e-01  dt=4.158e-03
15:44:18.046 [ INFO] step=  1240  t=5.15478  ResidMax=3.197e-01  DilMax=6.619e-01  dt=4.159e-03
15:44:18.084 [ INFO] step=  1241  t=5.15894  ResidMax=3.193e-01  DilMax=6.619e-01  dt=4.159e-03
15:44:18.121 [ INFO] step=  1242  t=5.16310  ResidMax=3.190e-01  DilMax=6.619e-01  dt=4.159e-03
15:44:18.159 [ INFO] step=  1243  t=5.16726  ResidMax=3.186e-01  DilMax=6.619e-01  dt=4.159e-03
15:44:18.198 [ INFO] step=  1244  t=5.17142  ResidMax=3.182e-01  DilMax=6.619e-01  dt=4.159e-03
15:44:18.235 [ INFO] step=  1245  t=5.17558  ResidMax=3.178e-01  DilMax=6.619e-01  dt=4.159e-03
15:44:18.273 [ INFO] step=  1246  t=5.17973  ResidMax=3.174e-01  DilMax=6.619e-01  dt=4.159e-03
15:44:18.310 [ INFO] step=  1247  t=5.18389  ResidMax=3.170e-01  DilMax=6.619e-01  dt=4.159e-03
15:44:18.349 [ INFO] step=  1248  t=5.18805  ResidMax=3.167e-01  DilMax=6.619e-01  dt=4.159e-03
15:44:18.387 [ INFO] step=  1249  t=5.19221  ResidMax=3.163e-01  DilMax=6.619e-01  dt=4.159e-03
15:44:18.425 [ INFO] step=  1250  t=5.19637  ResidMax=3.159e-01  DilMax=6.618e-01  dt=4.159e-03
15:44:18.463 [ INFO] step=  1251  t=5.20053  ResidMax=3.155e-01  DilMax=6.618e-01  dt=4.159e-03
15:44:18.501 [ INFO] step=  1252  t=5.20469  ResidMax=3.151e-01  DilMax=6.618e-01  dt=4.159e-03
15:44:18.540 [ INFO] step=  1253  t=5.20885  ResidMax=3.147e-01  DilMax=6.618e-01  dt=4.159e-03
15:44:18.578 [ INFO] step=  1254  t=5.21300  ResidMax=3.143e-01  DilMax=6.618e-01  dt=4.159e-03
15:44:18.616 [ INFO] step=  1255  t=5.21716  ResidMax=3.140e-01  DilMax=6.618e-01  dt=4.159e-03
15:44:18.654 [ INFO] step=  1256  t=5.22132  ResidMax=3.136e-01  DilMax=6.617e-01  dt=4.159e-03
15:44:18.691 [ INFO] step=  1257  t=5.22548  ResidMax=3.132e-01  DilMax=6.617e-01  dt=4.159e-03
15:44:18.728 [ INFO] step=  1258  t=5.22964  ResidMax=3.129e-01  DilMax=6.617e-01  dt=4.159e-03
15:44:18.766 [ INFO] step=  1259  t=5.23380  ResidMax=3.124e-01  DilMax=6.617e-01  dt=4.159e-03
15:44:18.803 [ INFO] step=  1260  t=5.23796  ResidMax=3.120e-01  DilMax=6.616e-01  dt=4.159e-03
15:44:18.842 [ INFO] step=  1261  t=5.24212  ResidMax=3.116e-01  DilMax=6.616e-01  dt=4.159e-03
15:44:18.879 [ INFO] step=  1262  t=5.24627  ResidMax=3.113e-01  DilMax=6.616e-01  dt=4.159e-03
15:44:18.917 [ INFO] step=  1263  t=5.25043  ResidMax=3.109e-01  DilMax=6.615e-01  dt=4.159e-03
15:44:18.955 [ INFO] step=  1264  t=5.25459  ResidMax=3.106e-01  DilMax=6.615e-01  dt=4.159e-03
15:44:18.993 [ INFO] step=  1265  t=5.25875  ResidMax=3.102e-01  DilMax=6.614e-01  dt=4.159e-03
15:44:19.031 [ INFO] step=  1266  t=5.26291  ResidMax=3.098e-01  DilMax=6.614e-01  dt=4.159e-03
15:44:19.068 [ INFO] step=  1267  t=5.26707  ResidMax=3.093e-01  DilMax=6.613e-01  dt=4.159e-03
15:44:19.106 [ INFO] step=  1268  t=5.27123  ResidMax=3.089e-01  DilMax=6.613e-01  dt=4.159e-03
15:44:19.143 [ INFO] step=  1269  t=5.27539  ResidMax=3.086e-01  DilMax=6.612e-01  dt=4.159e-03
15:44:19.181 [ INFO] step=  1270  t=5.27955  ResidMax=3.082e-01  DilMax=6.612e-01  dt=4.159e-03
15:44:19.218 [ INFO] step=  1271  t=5.28371  ResidMax=3.079e-01  DilMax=6.611e-01  dt=4.159e-03
15:44:19.255 [ INFO] step=  1272  t=5.28786  ResidMax=3.075e-01  DilMax=6.610e-01  dt=4.159e-03
15:44:19.292 [ INFO] step=  1273  t=5.29202  ResidMax=3.071e-01  DilMax=6.610e-01  dt=4.159e-03
15:44:19.330 [ INFO] step=  1274  t=5.29618  ResidMax=3.066e-01  DilMax=6.609e-01  dt=4.159e-03
15:44:19.368 [ INFO] step=  1275  t=5.30034  ResidMax=3.062e-01  DilMax=6.609e-01  dt=4.159e-03
15:44:19.405 [ INFO] step=  1276  t=5.30450  ResidMax=3.059e-01  DilMax=6.608e-01  dt=4.159e-03
15:44:19.442 [ INFO] step=  1277  t=5.30866  ResidMax=3.055e-01  DilMax=6.607e-01  dt=4.159e-03
15:44:19.480 [ INFO] step=  1278  t=5.31282  ResidMax=3.052e-01  DilMax=6.606e-01  dt=4.159e-03
15:44:19.517 [ INFO] step=  1279  t=5.31698  ResidMax=3.048e-01  DilMax=6.606e-01  dt=4.159e-03
15:44:19.555 [ INFO] step=  1280  t=5.32114  ResidMax=3.044e-01  DilMax=6.605e-01  dt=4.159e-03
15:44:19.601 [ INFO] step=  1281  t=5.32530  ResidMax=3.039e-01  DilMax=6.604e-01  dt=4.159e-03
15:44:19.639 [ INFO] step=  1282  t=5.32946  ResidMax=3.035e-01  DilMax=6.603e-01  dt=4.159e-03
15:44:19.676 [ INFO] step=  1283  t=5.33362  ResidMax=3.032e-01  DilMax=6.602e-01  dt=4.159e-03
15:44:19.713 [ INFO] step=  1284  t=5.33778  ResidMax=3.028e-01  DilMax=6.601e-01  dt=4.159e-03
15:44:19.751 [ INFO] step=  1285  t=5.34193  ResidMax=3.025e-01  DilMax=6.601e-01  dt=4.159e-03
15:44:19.788 [ INFO] step=  1286  t=5.34609  ResidMax=3.021e-01  DilMax=6.600e-01  dt=4.159e-03
15:44:19.825 [ INFO] step=  1287  t=5.35025  ResidMax=3.017e-01  DilMax=6.599e-01  dt=4.159e-03
15:44:19.862 [ INFO] step=  1288  t=5.35441  ResidMax=3.013e-01  DilMax=6.598e-01  dt=4.159e-03
15:44:19.900 [ INFO] step=  1289  t=5.35857  ResidMax=3.009e-01  DilMax=6.597e-01  dt=4.159e-03
15:44:19.937 [ INFO] step=  1290  t=5.36273  ResidMax=3.005e-01  DilMax=6.596e-01  dt=4.159e-03
15:44:19.974 [ INFO] step=  1291  t=5.36689  ResidMax=3.002e-01  DilMax=6.595e-01  dt=4.159e-03
15:44:20.012 [ INFO] step=  1292  t=5.37105  ResidMax=2.998e-01  DilMax=6.594e-01  dt=4.159e-03
15:44:20.049 [ INFO] step=  1293  t=5.37521  ResidMax=2.994e-01  DilMax=6.593e-01  dt=4.159e-03
15:44:20.086 [ INFO] step=  1294  t=5.37937  ResidMax=2.990e-01  DilMax=6.592e-01  dt=4.159e-03
15:44:20.124 [ INFO] step=  1295  t=5.38353  ResidMax=2.986e-01  DilMax=6.592e-01  dt=4.159e-03
15:44:20.162 [ INFO] step=  1296  t=5.38769  ResidMax=2.982e-01  DilMax=6.591e-01  dt=4.159e-03
15:44:20.199 [ INFO] step=  1297  t=5.39185  ResidMax=2.979e-01  DilMax=6.590e-01  dt=4.159e-03
15:44:20.237 [ INFO] step=  1298  t=5.39601  ResidMax=2.975e-01  DilMax=6.589e-01  dt=4.159e-03
15:44:20.274 [ INFO] step=  1299  t=5.40017  ResidMax=2.972e-01  DilMax=6.588e-01  dt=4.159e-03
15:44:20.312 [ INFO] step=  1300  t=5.40432  ResidMax=2.968e-01  DilMax=6.587e-01  dt=4.159e-03
15:44:20.350 [ INFO] step=  1301  t=5.40848  ResidMax=2.964e-01  DilMax=6.586e-01  dt=4.159e-03
15:44:20.388 [ INFO] step=  1302  t=5.41264  ResidMax=2.960e-01  DilMax=6.585e-01  dt=4.159e-03
15:44:20.425 [ INFO] step=  1303  t=5.41680  ResidMax=2.956e-01  DilMax=6.584e-01  dt=4.159e-03
15:44:20.463 [ INFO] step=  1304  t=5.42096  ResidMax=2.952e-01  DilMax=6.583e-01  dt=4.160e-03
15:44:20.501 [ INFO] step=  1305  t=5.42512  ResidMax=2.949e-01  DilMax=6.582e-01  dt=4.160e-03
15:44:20.539 [ INFO] step=  1306  t=5.42928  ResidMax=2.945e-01  DilMax=6.581e-01  dt=4.160e-03
15:44:20.576 [ INFO] step=  1307  t=5.43344  ResidMax=2.942e-01  DilMax=6.581e-01  dt=4.160e-03
15:44:20.639 [ INFO] step=  1308  t=5.43760  ResidMax=2.938e-01  DilMax=6.580e-01  dt=4.160e-03
15:44:20.698 [ INFO] step=  1309  t=5.44176  ResidMax=2.934e-01  DilMax=6.579e-01  dt=4.160e-03
15:44:20.736 [ INFO] step=  1310  t=5.44592  ResidMax=2.930e-01  DilMax=6.578e-01  dt=4.160e-03
15:44:20.774 [ INFO] step=  1311  t=5.45008  ResidMax=2.926e-01  DilMax=6.577e-01  dt=4.160e-03
15:44:20.811 [ INFO] step=  1312  t=5.45424  ResidMax=2.923e-01  DilMax=6.576e-01  dt=4.160e-03
15:44:20.849 [ INFO] step=  1313  t=5.45840  ResidMax=2.919e-01  DilMax=6.575e-01  dt=4.160e-03
15:44:20.886 [ INFO] step=  1314  t=5.46256  ResidMax=2.916e-01  DilMax=6.575e-01  dt=4.160e-03
15:44:20.923 [ INFO] step=  1315  t=5.46672  ResidMax=2.912e-01  DilMax=6.574e-01  dt=4.160e-03
15:44:20.961 [ INFO] step=  1316  t=5.47088  ResidMax=2.908e-01  DilMax=6.573e-01  dt=4.160e-03
15:44:20.998 [ INFO] step=  1317  t=5.47504  ResidMax=2.904e-01  DilMax=6.572e-01  dt=4.160e-03
15:44:21.035 [ INFO] step=  1318  t=5.47920  ResidMax=2.901e-01  DilMax=6.572e-01  dt=4.160e-03
15:44:21.072 [ INFO] step=  1319  t=5.48336  ResidMax=2.897e-01  DilMax=6.571e-01  dt=4.160e-03
15:44:21.110 [ INFO] step=  1320  t=5.48752  ResidMax=2.894e-01  DilMax=6.570e-01  dt=4.160e-03
15:44:21.147 [ INFO] step=  1321  t=5.49168  ResidMax=2.890e-01  DilMax=6.569e-01  dt=4.160e-03
15:44:21.185 [ INFO] step=  1322  t=5.49584  ResidMax=2.887e-01  DilMax=6.569e-01  dt=4.160e-03
15:44:21.222 [ INFO] step=  1323  t=5.50000  ResidMax=2.883e-01  DilMax=6.568e-01  dt=4.160e-03
15:44:21.260 [ INFO] step=  1324  t=5.50416  ResidMax=2.879e-01  DilMax=6.567e-01  dt=4.160e-03
15:44:21.297 [ INFO] step=  1325  t=5.50831  ResidMax=2.875e-01  DilMax=6.567e-01  dt=4.160e-03
15:44:21.335 [ INFO] step=  1326  t=5.51247  ResidMax=2.872e-01  DilMax=6.566e-01  dt=4.160e-03
15:44:21.373 [ INFO] step=  1327  t=5.51663  ResidMax=2.869e-01  DilMax=6.566e-01  dt=4.160e-03
15:44:21.411 [ INFO] step=  1328  t=5.52079  ResidMax=2.865e-01  DilMax=6.565e-01  dt=4.160e-03
15:44:21.448 [ INFO] step=  1329  t=5.52495  ResidMax=2.861e-01  DilMax=6.564e-01  dt=4.160e-03
15:44:21.486 [ INFO] step=  1330  t=5.52911  ResidMax=2.858e-01  DilMax=6.564e-01  dt=4.160e-03
15:44:21.523 [ INFO] step=  1331  t=5.53327  ResidMax=2.854e-01  DilMax=6.563e-01  dt=4.160e-03
15:44:21.561 [ INFO] step=  1332  t=5.53743  ResidMax=2.850e-01  DilMax=6.563e-01  dt=4.160e-03
15:44:21.598 [ INFO] step=  1333  t=5.54159  ResidMax=2.847e-01  DilMax=6.562e-01  dt=4.160e-03
15:44:21.637 [ INFO] step=  1334  t=5.54575  ResidMax=2.843e-01  DilMax=6.562e-01  dt=4.160e-03
15:44:21.675 [ INFO] step=  1335  t=5.54991  ResidMax=2.840e-01  DilMax=6.561e-01  dt=4.160e-03
15:44:21.712 [ INFO] step=  1336  t=5.55407  ResidMax=2.836e-01  DilMax=6.561e-01  dt=4.160e-03
15:44:21.749 [ INFO] step=  1337  t=5.55823  ResidMax=2.833e-01  DilMax=6.560e-01  dt=4.160e-03
15:44:21.787 [ INFO] step=  1338  t=5.56239  ResidMax=2.829e-01  DilMax=6.560e-01  dt=4.160e-03
15:44:21.825 [ INFO] step=  1339  t=5.56655  ResidMax=2.825e-01  DilMax=6.559e-01  dt=4.160e-03
15:44:21.862 [ INFO] step=  1340  t=5.57071  ResidMax=2.822e-01  DilMax=6.559e-01  dt=4.160e-03
15:44:21.900 [ INFO] step=  1341  t=5.57487  ResidMax=2.819e-01  DilMax=6.558e-01  dt=4.160e-03
15:44:21.937 [ INFO] step=  1342  t=5.57903  ResidMax=2.815e-01  DilMax=6.558e-01  dt=4.160e-03
15:44:21.974 [ INFO] step=  1343  t=5.58319  ResidMax=2.812e-01  DilMax=6.558e-01  dt=4.160e-03
15:44:22.012 [ INFO] step=  1344  t=5.58735  ResidMax=2.808e-01  DilMax=6.557e-01  dt=4.160e-03
15:44:22.051 [ INFO] step=  1345  t=5.59151  ResidMax=2.804e-01  DilMax=6.557e-01  dt=4.160e-03
15:44:22.088 [ INFO] step=  1346  t=5.59567  ResidMax=2.801e-01  DilMax=6.556e-01  dt=4.160e-03
15:44:22.126 [ INFO] step=  1347  t=5.59983  ResidMax=2.797e-01  DilMax=6.556e-01  dt=4.160e-03
15:44:22.164 [ INFO] step=  1348  t=5.60399  ResidMax=2.794e-01  DilMax=6.555e-01  dt=4.160e-03
15:44:22.201 [ INFO] step=  1349  t=5.60815  ResidMax=2.791e-01  DilMax=6.555e-01  dt=4.160e-03
15:44:22.239 [ INFO] step=  1350  t=5.61231  ResidMax=2.787e-01  DilMax=6.555e-01  dt=4.160e-03
15:44:22.276 [ INFO] step=  1351  t=5.61647  ResidMax=2.784e-01  DilMax=6.554e-01  dt=4.160e-03
15:44:22.313 [ INFO] step=  1352  t=5.62063  ResidMax=2.780e-01  DilMax=6.554e-01  dt=4.160e-03
15:44:22.351 [ INFO] step=  1353  t=5.62479  ResidMax=2.776e-01  DilMax=6.553e-01  dt=4.160e-03
15:44:22.389 [ INFO] step=  1354  t=5.62895  ResidMax=2.773e-01  DilMax=6.553e-01  dt=4.160e-03
15:44:22.426 [ INFO] step=  1355  t=5.63311  ResidMax=2.770e-01  DilMax=6.553e-01  dt=4.160e-03
15:44:22.464 [ INFO] step=  1356  t=5.63727  ResidMax=2.767e-01  DilMax=6.552e-01  dt=4.160e-03
15:44:22.501 [ INFO] step=  1357  t=5.64143  ResidMax=2.763e-01  DilMax=6.552e-01  dt=4.160e-03
15:44:22.538 [ INFO] step=  1358  t=5.64559  ResidMax=2.760e-01  DilMax=6.551e-01  dt=4.160e-03
15:44:22.576 [ INFO] step=  1359  t=5.64975  ResidMax=2.756e-01  DilMax=6.551e-01  dt=4.160e-03
15:44:22.616 [ INFO] step=  1360  t=5.65391  ResidMax=2.752e-01  DilMax=6.550e-01  dt=4.160e-03
15:44:22.654 [ INFO] step=  1361  t=5.65807  ResidMax=2.749e-01  DilMax=6.550e-01  dt=4.160e-03
15:44:22.692 [ INFO] step=  1362  t=5.66223  ResidMax=2.746e-01  DilMax=6.550e-01  dt=4.160e-03
15:44:22.729 [ INFO] step=  1363  t=5.66639  ResidMax=2.742e-01  DilMax=6.549e-01  dt=4.160e-03
15:44:22.767 [ INFO] step=  1364  t=5.67055  ResidMax=2.739e-01  DilMax=6.549e-01  dt=4.160e-03
15:44:22.804 [ INFO] step=  1365  t=5.67471  ResidMax=2.735e-01  DilMax=6.548e-01  dt=4.160e-03
15:44:22.843 [ INFO] step=  1366  t=5.67887  ResidMax=2.732e-01  DilMax=6.548e-01  dt=4.160e-03
15:44:22.880 [ INFO] step=  1367  t=5.68303  ResidMax=2.728e-01  DilMax=6.547e-01  dt=4.160e-03
15:44:22.917 [ INFO] step=  1368  t=5.68719  ResidMax=2.725e-01  DilMax=6.547e-01  dt=4.160e-03
15:44:22.955 [ INFO] step=  1369  t=5.69135  ResidMax=2.722e-01  DilMax=6.546e-01  dt=4.160e-03
15:44:22.994 [ INFO] step=  1370  t=5.69551  ResidMax=2.718e-01  DilMax=6.546e-01  dt=4.160e-03
15:44:23.031 [ INFO] step=  1371  t=5.69967  ResidMax=2.715e-01  DilMax=6.545e-01  dt=4.160e-03
15:44:23.069 [ INFO] step=  1372  t=5.70383  ResidMax=2.711e-01  DilMax=6.545e-01  dt=4.160e-03
15:44:23.106 [ INFO] step=  1373  t=5.70799  ResidMax=2.708e-01  DilMax=6.544e-01  dt=4.160e-03
15:44:23.143 [ INFO] step=  1374  t=5.71215  ResidMax=2.704e-01  DilMax=6.543e-01  dt=4.160e-03
15:44:23.182 [ INFO] step=  1375  t=5.71631  ResidMax=2.701e-01  DilMax=6.543e-01  dt=4.160e-03
15:44:23.219 [ INFO] step=  1376  t=5.72047  ResidMax=2.698e-01  DilMax=6.542e-01  dt=4.160e-03
15:44:23.258 [ INFO] step=  1377  t=5.72463  ResidMax=2.694e-01  DilMax=6.542e-01  dt=4.160e-03
15:44:23.295 [ INFO] step=  1378  t=5.72879  ResidMax=2.691e-01  DilMax=6.541e-01  dt=4.160e-03
15:44:23.333 [ INFO] step=  1379  t=5.73295  ResidMax=2.687e-01  DilMax=6.540e-01  dt=4.160e-03
15:44:23.370 [ INFO] step=  1380  t=5.73711  ResidMax=2.684e-01  DilMax=6.540e-01  dt=4.160e-03
15:44:23.407 [ INFO] step=  1381  t=5.74127  ResidMax=2.680e-01  DilMax=6.539e-01  dt=4.160e-03
15:44:23.444 [ INFO] step=  1382  t=5.74543  ResidMax=2.677e-01  DilMax=6.538e-01  dt=4.160e-03
15:44:23.482 [ INFO] step=  1383  t=5.74959  ResidMax=2.674e-01  DilMax=6.538e-01  dt=4.160e-03
15:44:23.520 [ INFO] step=  1384  t=5.75375  ResidMax=2.670e-01  DilMax=6.537e-01  dt=4.160e-03
15:44:23.557 [ INFO] step=  1385  t=5.75791  ResidMax=2.667e-01  DilMax=6.536e-01  dt=4.160e-03
15:44:23.594 [ INFO] step=  1386  t=5.76207  ResidMax=2.663e-01  DilMax=6.535e-01  dt=4.160e-03
15:44:23.634 [ INFO] step=  1387  t=5.76623  ResidMax=2.659e-01  DilMax=6.535e-01  dt=4.160e-03
15:44:23.672 [ INFO] step=  1388  t=5.77039  ResidMax=2.656e-01  DilMax=6.534e-01  dt=4.160e-03
15:44:23.711 [ INFO] step=  1389  t=5.77455  ResidMax=2.653e-01  DilMax=6.533e-01  dt=4.160e-03
15:44:23.751 [ INFO] step=  1390  t=5.77871  ResidMax=2.649e-01  DilMax=6.532e-01  dt=4.160e-03
15:44:23.790 [ INFO] step=  1391  t=5.78287  ResidMax=2.646e-01  DilMax=6.532e-01  dt=4.160e-03
15:44:23.828 [ INFO] step=  1392  t=5.78703  ResidMax=2.643e-01  DilMax=6.531e-01  dt=4.160e-03
15:44:23.866 [ INFO] step=  1393  t=5.79119  ResidMax=2.639e-01  DilMax=6.530e-01  dt=4.160e-03
15:44:23.904 [ INFO] step=  1394  t=5.79535  ResidMax=2.635e-01  DilMax=6.530e-01  dt=4.160e-03
15:44:23.950 [ INFO] step=  1395  t=5.79951  ResidMax=2.632e-01  DilMax=6.529e-01  dt=4.160e-03
15:44:23.992 [ INFO] step=  1396  t=5.80367  ResidMax=2.629e-01  DilMax=6.528e-01  dt=4.160e-03
15:44:24.036 [ INFO] step=  1397  t=5.80783  ResidMax=2.625e-01  DilMax=6.527e-01  dt=4.160e-03
15:44:24.078 [ INFO] step=  1398  t=5.81199  ResidMax=2.622e-01  DilMax=6.527e-01  dt=4.160e-03
15:44:24.123 [ INFO] step=  1399  t=5.81615  ResidMax=2.619e-01  DilMax=6.526e-01  dt=4.160e-03
15:44:24.165 [ INFO] step=  1400  t=5.82031  ResidMax=2.615e-01  DilMax=6.525e-01  dt=4.160e-03
15:44:24.204 [ INFO] step=  1401  t=5.82447  ResidMax=2.611e-01  DilMax=6.524e-01  dt=4.160e-03
15:44:24.241 [ INFO] step=  1402  t=5.82863  ResidMax=2.608e-01  DilMax=6.523e-01  dt=4.160e-03
15:44:24.278 [ INFO] step=  1403  t=5.83279  ResidMax=2.605e-01  DilMax=6.523e-01  dt=4.160e-03
15:44:24.316 [ INFO] step=  1404  t=5.83695  ResidMax=2.601e-01  DilMax=6.522e-01  dt=4.160e-03
15:44:24.354 [ INFO] step=  1405  t=5.84111  ResidMax=2.598e-01  DilMax=6.521e-01  dt=4.160e-03
15:44:24.394 [ INFO] step=  1406  t=5.84527  ResidMax=2.594e-01  DilMax=6.520e-01  dt=4.160e-03
15:44:24.435 [ INFO] step=  1407  t=5.84943  ResidMax=2.591e-01  DilMax=6.519e-01  dt=4.160e-03
15:44:24.473 [ INFO] step=  1408  t=5.85359  ResidMax=2.587e-01  DilMax=6.519e-01  dt=4.160e-03
15:44:24.510 [ INFO] step=  1409  t=5.85775  ResidMax=2.584e-01  DilMax=6.518e-01  dt=4.160e-03
15:44:24.548 [ INFO] step=  1410  t=5.86191  ResidMax=2.581e-01  DilMax=6.517e-01  dt=4.160e-03
15:44:24.585 [ INFO] step=  1411  t=5.86607  ResidMax=2.577e-01  DilMax=6.516e-01  dt=4.160e-03
15:44:24.624 [ INFO] step=  1412  t=5.87023  ResidMax=2.574e-01  DilMax=6.515e-01  dt=4.160e-03
15:44:24.703 [ INFO] step=  1413  t=5.87439  ResidMax=2.570e-01  DilMax=6.514e-01  dt=4.160e-03
15:44:24.740 [ INFO] step=  1414  t=5.87855  ResidMax=2.567e-01  DilMax=6.514e-01  dt=4.160e-03
15:44:24.778 [ INFO] step=  1415  t=5.88271  ResidMax=2.563e-01  DilMax=6.513e-01  dt=4.160e-03
15:44:24.819 [ INFO] step=  1416  t=5.88687  ResidMax=2.560e-01  DilMax=6.512e-01  dt=4.160e-03
15:44:24.869 [ INFO] step=  1417  t=5.89102  ResidMax=2.557e-01  DilMax=6.511e-01  dt=4.160e-03
15:44:24.914 [ INFO] step=  1418  t=5.89518  ResidMax=2.554e-01  DilMax=6.511e-01  dt=4.160e-03
15:44:24.961 [ INFO] step=  1419  t=5.89934  ResidMax=2.550e-01  DilMax=6.510e-01  dt=4.160e-03
15:44:25.007 [ INFO] step=  1420  t=5.90350  ResidMax=2.546e-01  DilMax=6.509e-01  dt=4.160e-03
15:44:25.052 [ INFO] step=  1421  t=5.90766  ResidMax=2.543e-01  DilMax=6.508e-01  dt=4.160e-03
15:44:25.091 [ INFO] step=  1422  t=5.91182  ResidMax=2.540e-01  DilMax=6.507e-01  dt=4.160e-03
15:44:25.128 [ INFO] step=  1423  t=5.91598  ResidMax=2.536e-01  DilMax=6.507e-01  dt=4.160e-03
15:44:25.166 [ INFO] step=  1424  t=5.92014  ResidMax=2.533e-01  DilMax=6.506e-01  dt=4.160e-03
15:44:25.203 [ INFO] step=  1425  t=5.92430  ResidMax=2.530e-01  DilMax=6.505e-01  dt=4.160e-03
15:44:25.240 [ INFO] step=  1426  t=5.92846  ResidMax=2.526e-01  DilMax=6.504e-01  dt=4.160e-03
15:44:25.282 [ INFO] step=  1427  t=5.93262  ResidMax=2.523e-01  DilMax=6.504e-01  dt=4.160e-03
15:44:25.320 [ INFO] step=  1428  t=5.93678  ResidMax=2.519e-01  DilMax=6.503e-01  dt=4.160e-03
15:44:25.359 [ INFO] step=  1429  t=5.94094  ResidMax=2.516e-01  DilMax=6.502e-01  dt=4.160e-03
15:44:25.403 [ INFO] step=  1430  t=5.94510  ResidMax=2.513e-01  DilMax=6.502e-01  dt=4.160e-03
15:44:25.444 [ INFO] step=  1431  t=5.94926  ResidMax=2.510e-01  DilMax=6.501e-01  dt=4.160e-03
15:44:25.485 [ INFO] step=  1432  t=5.95342  ResidMax=2.506e-01  DilMax=6.500e-01  dt=4.160e-03
15:44:25.525 [ INFO] step=  1433  t=5.95758  ResidMax=2.503e-01  DilMax=6.500e-01  dt=4.160e-03
15:44:25.565 [ INFO] step=  1434  t=5.96174  ResidMax=2.499e-01  DilMax=6.499e-01  dt=4.160e-03
15:44:25.605 [ INFO] step=  1435  t=5.96590  ResidMax=2.496e-01  DilMax=6.498e-01  dt=4.160e-03
15:44:25.645 [ INFO] step=  1436  t=5.97006  ResidMax=2.493e-01  DilMax=6.498e-01  dt=4.160e-03
15:44:25.684 [ INFO] step=  1437  t=5.97422  ResidMax=2.490e-01  DilMax=6.497e-01  dt=4.160e-03
15:44:25.724 [ INFO] step=  1438  t=5.97838  ResidMax=2.486e-01  DilMax=6.497e-01  dt=4.160e-03
15:44:25.763 [ INFO] step=  1439  t=5.98254  ResidMax=2.483e-01  DilMax=6.496e-01  dt=4.160e-03
15:44:25.802 [ INFO] step=  1440  t=5.98670  ResidMax=2.480e-01  DilMax=6.496e-01  dt=4.160e-03
15:44:25.843 [ INFO] step=  1441  t=5.99086  ResidMax=2.477e-01  DilMax=6.495e-01  dt=4.160e-03
15:44:25.881 [ INFO] step=  1442  t=5.99502  ResidMax=2.474e-01  DilMax=6.494e-01  dt=4.160e-03
15:44:25.920 [ INFO] step=  1443  t=5.99918  ResidMax=2.470e-01  DilMax=6.494e-01  dt=4.160e-03
15:44:25.962 [ INFO] step=  1444  t=6.00334  ResidMax=2.467e-01  DilMax=6.493e-01  dt=4.160e-03
15:44:26.002 [ INFO] step=  1445  t=6.00750  ResidMax=2.465e-01  DilMax=6.493e-01  dt=4.160e-03
15:44:26.041 [ INFO] step=  1446  t=6.01166  ResidMax=2.463e-01  DilMax=6.492e-01  dt=4.160e-03
15:44:26.081 [ INFO] step=  1447  t=6.01582  ResidMax=2.460e-01  DilMax=6.492e-01  dt=4.160e-03
15:44:26.121 [ INFO] step=  1448  t=6.01998  ResidMax=2.458e-01  DilMax=6.491e-01  dt=4.160e-03
15:44:26.160 [ INFO] step=  1449  t=6.02414  ResidMax=2.455e-01  DilMax=6.491e-01  dt=4.160e-03
15:44:26.200 [ INFO] step=  1450  t=6.02830  ResidMax=2.452e-01  DilMax=6.490e-01  dt=4.160e-03
15:44:26.239 [ INFO] step=  1451  t=6.03246  ResidMax=2.449e-01  DilMax=6.490e-01  dt=4.160e-03
15:44:26.276 [ INFO] step=  1452  t=6.03662  ResidMax=2.446e-01  DilMax=6.489e-01  dt=4.160e-03
15:44:26.314 [ INFO] step=  1453  t=6.04078  ResidMax=2.443e-01  DilMax=6.489e-01  dt=4.160e-03
15:44:26.351 [ INFO] step=  1454  t=6.04494  ResidMax=2.440e-01  DilMax=6.489e-01  dt=4.160e-03
15:44:26.389 [ INFO] step=  1455  t=6.04910  ResidMax=2.437e-01  DilMax=6.488e-01  dt=4.160e-03
15:44:26.426 [ INFO] step=  1456  t=6.05326  ResidMax=2.433e-01  DilMax=6.488e-01  dt=4.160e-03
15:44:26.463 [ INFO] step=  1457  t=6.05742  ResidMax=2.430e-01  DilMax=6.487e-01  dt=4.160e-03
15:44:26.500 [ INFO] step=  1458  t=6.06158  ResidMax=2.426e-01  DilMax=6.487e-01  dt=4.160e-03
15:44:26.538 [ INFO] step=  1459  t=6.06574  ResidMax=2.423e-01  DilMax=6.486e-01  dt=4.160e-03
15:44:26.576 [ INFO] step=  1460  t=6.06990  ResidMax=2.421e-01  DilMax=6.486e-01  dt=4.160e-03
15:44:26.614 [ INFO] step=  1461  t=6.07406  ResidMax=2.418e-01  DilMax=6.486e-01  dt=4.160e-03
15:44:26.653 [ INFO] step=  1462  t=6.07822  ResidMax=2.415e-01  DilMax=6.485e-01  dt=4.160e-03
15:44:26.690 [ INFO] step=  1463  t=6.08238  ResidMax=2.413e-01  DilMax=6.485e-01  dt=4.160e-03
15:44:26.726 [ INFO] step=  1464  t=6.08654  ResidMax=2.410e-01  DilMax=6.484e-01  dt=4.160e-03
15:44:26.763 [ INFO] step=  1465  t=6.09070  ResidMax=2.407e-01  DilMax=6.484e-01  dt=4.160e-03
15:44:26.801 [ INFO] step=  1466  t=6.09486  ResidMax=2.404e-01  DilMax=6.484e-01  dt=4.160e-03
15:44:26.838 [ INFO] step=  1467  t=6.09902  ResidMax=2.401e-01  DilMax=6.483e-01  dt=4.160e-03
15:44:26.876 [ INFO] step=  1468  t=6.10318  ResidMax=2.399e-01  DilMax=6.483e-01  dt=4.160e-03
15:44:26.917 [ INFO] step=  1469  t=6.10734  ResidMax=2.395e-01  DilMax=6.482e-01  dt=4.160e-03
15:44:26.958 [ INFO] step=  1470  t=6.11150  ResidMax=2.392e-01  DilMax=6.482e-01  dt=4.160e-03
15:44:27.024 [ INFO] step=  1471  t=6.11566  ResidMax=2.389e-01  DilMax=6.482e-01  dt=4.160e-03
15:44:27.062 [ INFO] step=  1472  t=6.11982  ResidMax=2.386e-01  DilMax=6.481e-01  dt=4.160e-03
15:44:27.099 [ INFO] step=  1473  t=6.12398  ResidMax=2.382e-01  DilMax=6.481e-01  dt=4.160e-03
15:44:27.137 [ INFO] step=  1474  t=6.12814  ResidMax=2.379e-01  DilMax=6.480e-01  dt=4.160e-03
15:44:27.175 [ INFO] step=  1475  t=6.13230  ResidMax=2.375e-01  DilMax=6.480e-01  dt=4.160e-03
15:44:27.211 [ INFO] step=  1476  t=6.13646  ResidMax=2.372e-01  DilMax=6.479e-01  dt=4.160e-03
15:44:27.249 [ INFO] step=  1477  t=6.14062  ResidMax=2.368e-01  DilMax=6.479e-01  dt=4.160e-03
15:44:27.287 [ INFO] step=  1478  t=6.14478  ResidMax=2.364e-01  DilMax=6.478e-01  dt=4.160e-03
15:44:27.326 [ INFO] step=  1479  t=6.14894  ResidMax=2.360e-01  DilMax=6.478e-01  dt=4.160e-03
15:44:27.363 [ INFO] step=  1480  t=6.15310  ResidMax=2.356e-01  DilMax=6.478e-01  dt=4.160e-03
15:44:27.401 [ INFO] step=  1481  t=6.15726  ResidMax=2.352e-01  DilMax=6.477e-01  dt=4.160e-03
15:44:27.438 [ INFO] step=  1482  t=6.16142  ResidMax=2.348e-01  DilMax=6.477e-01  dt=4.160e-03
15:44:27.476 [ INFO] step=  1483  t=6.16558  ResidMax=2.344e-01  DilMax=6.476e-01  dt=4.160e-03
15:44:27.517 [ INFO] step=  1484  t=6.16974  ResidMax=2.340e-01  DilMax=6.476e-01  dt=4.160e-03
15:44:27.554 [ INFO] step=  1485  t=6.17390  ResidMax=2.337e-01  DilMax=6.475e-01  dt=4.160e-03
15:44:27.592 [ INFO] step=  1486  t=6.17806  ResidMax=2.334e-01  DilMax=6.475e-01  dt=4.160e-03
15:44:27.631 [ INFO] step=  1487  t=6.18222  ResidMax=2.331e-01  DilMax=6.474e-01  dt=4.160e-03
15:44:27.668 [ INFO] step=  1488  t=6.18638  ResidMax=2.327e-01  DilMax=6.474e-01  dt=4.160e-03
15:44:27.705 [ INFO] step=  1489  t=6.19054  ResidMax=2.324e-01  DilMax=6.473e-01  dt=4.160e-03
15:44:27.742 [ INFO] step=  1490  t=6.19470  ResidMax=2.321e-01  DilMax=6.472e-01  dt=4.160e-03
15:44:27.780 [ INFO] step=  1491  t=6.19886  ResidMax=2.317e-01  DilMax=6.472e-01  dt=4.160e-03
15:44:27.818 [ INFO] step=  1492  t=6.20302  ResidMax=2.314e-01  DilMax=6.471e-01  dt=4.160e-03
15:44:27.855 [ INFO] step=  1493  t=6.20718  ResidMax=2.310e-01  DilMax=6.471e-01  dt=4.160e-03
15:44:27.893 [ INFO] step=  1494  t=6.21133  ResidMax=2.307e-01  DilMax=6.470e-01  dt=4.160e-03
15:44:27.930 [ INFO] step=  1495  t=6.21549  ResidMax=2.303e-01  DilMax=6.470e-01  dt=4.160e-03
15:44:27.968 [ INFO] step=  1496  t=6.21965  ResidMax=2.299e-01  DilMax=6.469e-01  dt=4.160e-03
15:44:28.005 [ INFO] step=  1497  t=6.22381  ResidMax=2.295e-01  DilMax=6.468e-01  dt=4.160e-03
15:44:28.043 [ INFO] step=  1498  t=6.22797  ResidMax=2.291e-01  DilMax=6.468e-01  dt=4.160e-03
15:44:28.081 [ INFO] step=  1499  t=6.23213  ResidMax=2.287e-01  DilMax=6.467e-01  dt=4.160e-03
15:44:28.118 [ INFO] step=  1500  t=6.23629  ResidMax=2.283e-01  DilMax=6.466e-01  dt=4.160e-03
15:44:28.432 [ INFO] VTK snapshot written → results/backstep_validation/step_re100_t001500.vtk
15:44:30.544 [ INFO] step=  1501  t=6.24045  ResidMax=2.279e-01  DilMax=6.466e-01  dt=4.160e-03
15:44:30.639 [ INFO] step=  1502  t=6.24461  ResidMax=2.275e-01  DilMax=6.465e-01  dt=4.160e-03
15:44:30.688 [ INFO] step=  1503  t=6.24877  ResidMax=2.270e-01  DilMax=6.464e-01  dt=4.160e-03
15:44:30.739 [ INFO] step=  1504  t=6.25293  ResidMax=2.266e-01  DilMax=6.464e-01  dt=4.160e-03
15:44:30.791 [ INFO] step=  1505  t=6.25709  ResidMax=2.261e-01  DilMax=6.463e-01  dt=4.160e-03
15:44:30.842 [ INFO] step=  1506  t=6.26125  ResidMax=2.257e-01  DilMax=6.462e-01  dt=4.160e-03
15:44:30.894 [ INFO] step=  1507  t=6.26541  ResidMax=2.252e-01  DilMax=6.462e-01  dt=4.160e-03
15:44:30.940 [ INFO] step=  1508  t=6.26957  ResidMax=2.247e-01  DilMax=6.461e-01  dt=4.160e-03
15:44:31.015 [ INFO] step=  1509  t=6.27373  ResidMax=2.242e-01  DilMax=6.460e-01  dt=4.160e-03
15:44:31.094 [ INFO] step=  1510  t=6.27789  ResidMax=2.237e-01  DilMax=6.460e-01  dt=4.160e-03
15:44:31.133 [ INFO] step=  1511  t=6.28205  ResidMax=2.233e-01  DilMax=6.459e-01  dt=4.160e-03
15:44:31.171 [ INFO] step=  1512  t=6.28621  ResidMax=2.229e-01  DilMax=6.458e-01  dt=4.160e-03
15:44:31.209 [ INFO] step=  1513  t=6.29037  ResidMax=2.226e-01  DilMax=6.458e-01  dt=4.160e-03
15:44:31.246 [ INFO] step=  1514  t=6.29453  ResidMax=2.222e-01  DilMax=6.457e-01  dt=4.160e-03
15:44:31.283 [ INFO] step=  1515  t=6.29869  ResidMax=2.218e-01  DilMax=6.456e-01  dt=4.160e-03
15:44:31.320 [ INFO] step=  1516  t=6.30285  ResidMax=2.214e-01  DilMax=6.456e-01  dt=4.160e-03
15:44:31.357 [ INFO] step=  1517  t=6.30701  ResidMax=2.210e-01  DilMax=6.455e-01  dt=4.160e-03
15:44:31.395 [ INFO] step=  1518  t=6.31117  ResidMax=2.206e-01  DilMax=6.454e-01  dt=4.160e-03
15:44:31.432 [ INFO] step=  1519  t=6.31533  ResidMax=2.201e-01  DilMax=6.454e-01  dt=4.160e-03
15:44:31.470 [ INFO] step=  1520  t=6.31949  ResidMax=2.197e-01  DilMax=6.453e-01  dt=4.160e-03
15:44:31.507 [ INFO] step=  1521  t=6.32365  ResidMax=2.193e-01  DilMax=6.453e-01  dt=4.160e-03
15:44:31.545 [ INFO] step=  1522  t=6.32781  ResidMax=2.188e-01  DilMax=6.452e-01  dt=4.160e-03
15:44:31.582 [ INFO] step=  1523  t=6.33197  ResidMax=2.184e-01  DilMax=6.451e-01  dt=4.160e-03
15:44:31.620 [ INFO] step=  1524  t=6.33613  ResidMax=2.179e-01  DilMax=6.451e-01  dt=4.160e-03
15:44:31.710 [ INFO] step=  1525  t=6.34029  ResidMax=2.175e-01  DilMax=6.450e-01  dt=4.160e-03
15:44:31.747 [ INFO] step=  1526  t=6.34444  ResidMax=2.170e-01  DilMax=6.449e-01  dt=4.160e-03
15:44:31.784 [ INFO] step=  1527  t=6.34860  ResidMax=2.165e-01  DilMax=6.449e-01  dt=4.160e-03
15:44:31.822 [ INFO] step=  1528  t=6.35276  ResidMax=2.161e-01  DilMax=6.448e-01  dt=4.160e-03
15:44:31.860 [ INFO] step=  1529  t=6.35692  ResidMax=2.156e-01  DilMax=6.448e-01  dt=4.160e-03
15:44:31.898 [ INFO] step=  1530  t=6.36108  ResidMax=2.151e-01  DilMax=6.447e-01  dt=4.160e-03
15:44:31.936 [ INFO] step=  1531  t=6.36524  ResidMax=2.146e-01  DilMax=6.446e-01  dt=4.160e-03
15:44:31.975 [ INFO] step=  1532  t=6.36940  ResidMax=2.141e-01  DilMax=6.446e-01  dt=4.160e-03
15:44:32.012 [ INFO] step=  1533  t=6.37356  ResidMax=2.135e-01  DilMax=6.445e-01  dt=4.160e-03
15:44:32.050 [ INFO] step=  1534  t=6.37772  ResidMax=2.130e-01  DilMax=6.445e-01  dt=4.160e-03
15:44:32.087 [ INFO] step=  1535  t=6.38188  ResidMax=2.125e-01  DilMax=6.444e-01  dt=4.160e-03
15:44:32.125 [ INFO] step=  1536  t=6.38604  ResidMax=2.120e-01  DilMax=6.443e-01  dt=4.160e-03
15:44:32.162 [ INFO] step=  1537  t=6.39020  ResidMax=2.114e-01  DilMax=6.443e-01  dt=4.160e-03
15:44:32.200 [ INFO] step=  1538  t=6.39436  ResidMax=2.109e-01  DilMax=6.442e-01  dt=4.160e-03
15:44:32.237 [ INFO] step=  1539  t=6.39852  ResidMax=2.105e-01  DilMax=6.442e-01  dt=4.160e-03
15:44:32.274 [ INFO] step=  1540  t=6.40268  ResidMax=2.100e-01  DilMax=6.441e-01  dt=4.160e-03
15:44:32.311 [ INFO] step=  1541  t=6.40684  ResidMax=2.096e-01  DilMax=6.441e-01  dt=4.160e-03
15:44:32.348 [ INFO] step=  1542  t=6.41100  ResidMax=2.092e-01  DilMax=6.440e-01  dt=4.160e-03
15:44:32.386 [ INFO] step=  1543  t=6.41516  ResidMax=2.087e-01  DilMax=6.440e-01  dt=4.160e-03
15:44:32.423 [ INFO] step=  1544  t=6.41932  ResidMax=2.083e-01  DilMax=6.439e-01  dt=4.160e-03
15:44:32.460 [ INFO] step=  1545  t=6.42348  ResidMax=2.078e-01  DilMax=6.439e-01  dt=4.160e-03
15:44:32.499 [ INFO] step=  1546  t=6.42764  ResidMax=2.073e-01  DilMax=6.438e-01  dt=4.160e-03
15:44:32.540 [ INFO] step=  1547  t=6.43180  ResidMax=2.069e-01  DilMax=6.438e-01  dt=4.160e-03
15:44:32.578 [ INFO] step=  1548  t=6.43596  ResidMax=2.064e-01  DilMax=6.437e-01  dt=4.160e-03
15:44:32.615 [ INFO] step=  1549  t=6.44011  ResidMax=2.059e-01  DilMax=6.437e-01  dt=4.160e-03
15:44:32.656 [ INFO] step=  1550  t=6.44427  ResidMax=2.054e-01  DilMax=6.436e-01  dt=4.160e-03
15:44:32.694 [ INFO] step=  1551  t=6.44843  ResidMax=2.049e-01  DilMax=6.436e-01  dt=4.160e-03
15:44:32.731 [ INFO] step=  1552  t=6.45259  ResidMax=2.044e-01  DilMax=6.435e-01  dt=4.159e-03
15:44:32.769 [ INFO] step=  1553  t=6.45675  ResidMax=2.039e-01  DilMax=6.435e-01  dt=4.159e-03
15:44:32.807 [ INFO] step=  1554  t=6.46091  ResidMax=2.034e-01  DilMax=6.434e-01  dt=4.159e-03
15:44:32.844 [ INFO] step=  1555  t=6.46507  ResidMax=2.029e-01  DilMax=6.434e-01  dt=4.159e-03
15:44:32.881 [ INFO] step=  1556  t=6.46923  ResidMax=2.024e-01  DilMax=6.433e-01  dt=4.159e-03
15:44:32.918 [ INFO] step=  1557  t=6.47339  ResidMax=2.019e-01  DilMax=6.433e-01  dt=4.159e-03
15:44:32.955 [ INFO] step=  1558  t=6.47755  ResidMax=2.014e-01  DilMax=6.432e-01  dt=4.159e-03
15:44:32.993 [ INFO] step=  1559  t=6.48171  ResidMax=2.009e-01  DilMax=6.432e-01  dt=4.159e-03
15:44:33.030 [ INFO] step=  1560  t=6.48587  ResidMax=2.003e-01  DilMax=6.432e-01  dt=4.159e-03
15:44:33.067 [ INFO] step=  1561  t=6.49003  ResidMax=1.998e-01  DilMax=6.431e-01  dt=4.159e-03
15:44:33.104 [ INFO] step=  1562  t=6.49419  ResidMax=1.992e-01  DilMax=6.431e-01  dt=4.159e-03
15:44:33.141 [ INFO] step=  1563  t=6.49835  ResidMax=1.987e-01  DilMax=6.430e-01  dt=4.159e-03
15:44:33.180 [ INFO] step=  1564  t=6.50251  ResidMax=1.982e-01  DilMax=6.430e-01  dt=4.159e-03
15:44:33.217 [ INFO] step=  1565  t=6.50667  ResidMax=1.976e-01  DilMax=6.430e-01  dt=4.159e-03
15:44:33.255 [ INFO] step=  1566  t=6.51083  ResidMax=1.971e-01  DilMax=6.429e-01  dt=4.159e-03
15:44:33.292 [ INFO] step=  1567  t=6.51499  ResidMax=1.966e-01  DilMax=6.429e-01  dt=4.159e-03
15:44:33.329 [ INFO] step=  1568  t=6.51914  ResidMax=1.961e-01  DilMax=6.428e-01  dt=4.159e-03
15:44:33.365 [ INFO] step=  1569  t=6.52330  ResidMax=1.957e-01  DilMax=6.428e-01  dt=4.159e-03
15:44:33.403 [ INFO] step=  1570  t=6.52746  ResidMax=1.952e-01  DilMax=6.428e-01  dt=4.159e-03
15:44:33.440 [ INFO] step=  1571  t=6.53162  ResidMax=1.947e-01  DilMax=6.427e-01  dt=4.159e-03
15:44:33.477 [ INFO] step=  1572  t=6.53578  ResidMax=1.943e-01  DilMax=6.427e-01  dt=4.159e-03
15:44:33.514 [ INFO] step=  1573  t=6.53994  ResidMax=1.938e-01  DilMax=6.427e-01  dt=4.159e-03
15:44:33.552 [ INFO] step=  1574  t=6.54410  ResidMax=1.933e-01  DilMax=6.426e-01  dt=4.159e-03
15:44:33.589 [ INFO] step=  1575  t=6.54826  ResidMax=1.929e-01  DilMax=6.426e-01  dt=4.159e-03
15:44:33.627 [ INFO] step=  1576  t=6.55242  ResidMax=1.924e-01  DilMax=6.425e-01  dt=4.159e-03
15:44:33.665 [ INFO] step=  1577  t=6.55658  ResidMax=1.919e-01  DilMax=6.425e-01  dt=4.159e-03
15:44:33.703 [ INFO] step=  1578  t=6.56074  ResidMax=1.914e-01  DilMax=6.425e-01  dt=4.159e-03
15:44:33.743 [ INFO] step=  1579  t=6.56490  ResidMax=1.909e-01  DilMax=6.424e-01  dt=4.159e-03
15:44:33.802 [ INFO] step=  1580  t=6.56906  ResidMax=1.904e-01  DilMax=6.424e-01  dt=4.159e-03
15:44:33.842 [ INFO] step=  1581  t=6.57322  ResidMax=1.899e-01  DilMax=6.424e-01  dt=4.159e-03
15:44:33.879 [ INFO] step=  1582  t=6.57738  ResidMax=1.894e-01  DilMax=6.423e-01  dt=4.159e-03
15:44:33.916 [ INFO] step=  1583  t=6.58154  ResidMax=1.889e-01  DilMax=6.423e-01  dt=4.159e-03
15:44:33.954 [ INFO] step=  1584  t=6.58569  ResidMax=1.884e-01  DilMax=6.422e-01  dt=4.159e-03
15:44:33.991 [ INFO] step=  1585  t=6.58985  ResidMax=1.879e-01  DilMax=6.422e-01  dt=4.159e-03
15:44:34.028 [ INFO] step=  1586  t=6.59401  ResidMax=1.874e-01  DilMax=6.422e-01  dt=4.159e-03
15:44:34.066 [ INFO] step=  1587  t=6.59817  ResidMax=1.869e-01  DilMax=6.421e-01  dt=4.159e-03
15:44:34.103 [ INFO] step=  1588  t=6.60233  ResidMax=1.863e-01  DilMax=6.421e-01  dt=4.159e-03
15:44:34.140 [ INFO] step=  1589  t=6.60649  ResidMax=1.858e-01  DilMax=6.421e-01  dt=4.159e-03
15:44:34.178 [ INFO] step=  1590  t=6.61065  ResidMax=1.853e-01  DilMax=6.420e-01  dt=4.159e-03
15:44:34.217 [ INFO] step=  1591  t=6.61481  ResidMax=1.848e-01  DilMax=6.420e-01  dt=4.159e-03
15:44:34.255 [ INFO] step=  1592  t=6.61897  ResidMax=1.842e-01  DilMax=6.419e-01  dt=4.159e-03
15:44:34.294 [ INFO] step=  1593  t=6.62313  ResidMax=1.837e-01  DilMax=6.419e-01  dt=4.159e-03
15:44:34.374 [ INFO] step=  1594  t=6.62729  ResidMax=1.832e-01  DilMax=6.419e-01  dt=4.159e-03
15:44:34.412 [ INFO] step=  1595  t=6.63145  ResidMax=1.826e-01  DilMax=6.418e-01  dt=4.159e-03
15:44:34.450 [ INFO] step=  1596  t=6.63561  ResidMax=1.821e-01  DilMax=6.418e-01  dt=4.159e-03
15:44:34.488 [ INFO] step=  1597  t=6.63976  ResidMax=1.816e-01  DilMax=6.417e-01  dt=4.159e-03
15:44:34.525 [ INFO] step=  1598  t=6.64392  ResidMax=1.812e-01  DilMax=6.417e-01  dt=4.159e-03
15:44:34.562 [ INFO] step=  1599  t=6.64808  ResidMax=1.807e-01  DilMax=6.417e-01  dt=4.159e-03
15:44:34.600 [ INFO] step=  1600  t=6.65224  ResidMax=1.803e-01  DilMax=6.416e-01  dt=4.159e-03
15:44:34.638 [ INFO] step=  1601  t=6.65640  ResidMax=1.798e-01  DilMax=6.416e-01  dt=4.159e-03
15:44:34.676 [ INFO] step=  1602  t=6.66056  ResidMax=1.793e-01  DilMax=6.415e-01  dt=4.159e-03
15:44:34.713 [ INFO] step=  1603  t=6.66472  ResidMax=1.789e-01  DilMax=6.415e-01  dt=4.159e-03
15:44:34.751 [ INFO] step=  1604  t=6.66888  ResidMax=1.784e-01  DilMax=6.414e-01  dt=4.159e-03
15:44:34.788 [ INFO] step=  1605  t=6.67304  ResidMax=1.779e-01  DilMax=6.414e-01  dt=4.159e-03
15:44:34.834 [ INFO] step=  1606  t=6.67720  ResidMax=1.775e-01  DilMax=6.413e-01  dt=4.159e-03
15:44:34.879 [ INFO] step=  1607  t=6.68136  ResidMax=1.771e-01  DilMax=6.413e-01  dt=4.159e-03
15:44:34.917 [ INFO] step=  1608  t=6.68552  ResidMax=1.767e-01  DilMax=6.413e-01  dt=4.159e-03
15:44:34.955 [ INFO] step=  1609  t=6.68967  ResidMax=1.763e-01  DilMax=6.412e-01  dt=4.159e-03
15:44:34.992 [ INFO] step=  1610  t=6.69383  ResidMax=1.758e-01  DilMax=6.412e-01  dt=4.159e-03
15:44:35.031 [ INFO] step=  1611  t=6.69799  ResidMax=1.754e-01  DilMax=6.411e-01  dt=4.159e-03
15:44:35.103 [ INFO] step=  1612  t=6.70215  ResidMax=1.750e-01  DilMax=6.411e-01  dt=4.159e-03
15:44:35.140 [ INFO] step=  1613  t=6.70631  ResidMax=1.745e-01  DilMax=6.410e-01  dt=4.159e-03
15:44:35.177 [ INFO] step=  1614  t=6.71047  ResidMax=1.741e-01  DilMax=6.410e-01  dt=4.159e-03
15:44:35.214 [ INFO] step=  1615  t=6.71463  ResidMax=1.737e-01  DilMax=6.409e-01  dt=4.159e-03
15:44:35.251 [ INFO] step=  1616  t=6.71879  ResidMax=1.732e-01  DilMax=6.409e-01  dt=4.159e-03
15:44:35.289 [ INFO] step=  1617  t=6.72295  ResidMax=1.728e-01  DilMax=6.408e-01  dt=4.159e-03
15:44:35.326 [ INFO] step=  1618  t=6.72711  ResidMax=1.723e-01  DilMax=6.408e-01  dt=4.159e-03
15:44:35.363 [ INFO] step=  1619  t=6.73127  ResidMax=1.719e-01  DilMax=6.407e-01  dt=4.159e-03
15:44:35.400 [ INFO] step=  1620  t=6.73543  ResidMax=1.714e-01  DilMax=6.407e-01  dt=4.159e-03
15:44:35.437 [ INFO] step=  1621  t=6.73958  ResidMax=1.710e-01  DilMax=6.406e-01  dt=4.159e-03
15:44:35.474 [ INFO] step=  1622  t=6.74374  ResidMax=1.705e-01  DilMax=6.406e-01  dt=4.159e-03
15:44:35.511 [ INFO] step=  1623  t=6.74790  ResidMax=1.700e-01  DilMax=6.405e-01  dt=4.159e-03
15:44:35.548 [ INFO] step=  1624  t=6.75206  ResidMax=1.696e-01  DilMax=6.405e-01  dt=4.159e-03
15:44:35.586 [ INFO] step=  1625  t=6.75622  ResidMax=1.691e-01  DilMax=6.404e-01  dt=4.159e-03
15:44:35.624 [ INFO] step=  1626  t=6.76038  ResidMax=1.686e-01  DilMax=6.404e-01  dt=4.159e-03
15:44:35.662 [ INFO] step=  1627  t=6.76454  ResidMax=1.682e-01  DilMax=6.403e-01  dt=4.159e-03
15:44:35.699 [ INFO] step=  1628  t=6.76870  ResidMax=1.677e-01  DilMax=6.402e-01  dt=4.159e-03
15:44:35.736 [ INFO] step=  1629  t=6.77286  ResidMax=1.672e-01  DilMax=6.402e-01  dt=4.159e-03
15:44:35.773 [ INFO] step=  1630  t=6.77702  ResidMax=1.668e-01  DilMax=6.401e-01  dt=4.159e-03
15:44:35.811 [ INFO] step=  1631  t=6.78117  ResidMax=1.664e-01  DilMax=6.401e-01  dt=4.159e-03
15:44:35.848 [ INFO] step=  1632  t=6.78533  ResidMax=1.660e-01  DilMax=6.400e-01  dt=4.159e-03
15:44:35.886 [ INFO] step=  1633  t=6.78949  ResidMax=1.656e-01  DilMax=6.400e-01  dt=4.159e-03
15:44:35.923 [ INFO] step=  1634  t=6.79365  ResidMax=1.652e-01  DilMax=6.399e-01  dt=4.159e-03
15:44:35.961 [ INFO] step=  1635  t=6.79781  ResidMax=1.647e-01  DilMax=6.399e-01  dt=4.159e-03
15:44:35.999 [ INFO] step=  1636  t=6.80197  ResidMax=1.643e-01  DilMax=6.398e-01  dt=4.159e-03
15:44:36.036 [ INFO] step=  1637  t=6.80613  ResidMax=1.639e-01  DilMax=6.398e-01  dt=4.159e-03
15:44:36.074 [ INFO] step=  1638  t=6.81029  ResidMax=1.635e-01  DilMax=6.397e-01  dt=4.159e-03
15:44:36.111 [ INFO] step=  1639  t=6.81445  ResidMax=1.630e-01  DilMax=6.396e-01  dt=4.159e-03
15:44:36.149 [ INFO] step=  1640  t=6.81861  ResidMax=1.626e-01  DilMax=6.396e-01  dt=4.159e-03
15:44:36.187 [ INFO] step=  1641  t=6.82276  ResidMax=1.622e-01  DilMax=6.395e-01  dt=4.159e-03
15:44:36.225 [ INFO] step=  1642  t=6.82692  ResidMax=1.617e-01  DilMax=6.395e-01  dt=4.159e-03
15:44:36.263 [ INFO] step=  1643  t=6.83108  ResidMax=1.613e-01  DilMax=6.394e-01  dt=4.159e-03
15:44:36.300 [ INFO] step=  1644  t=6.83524  ResidMax=1.609e-01  DilMax=6.394e-01  dt=4.159e-03
15:44:36.338 [ INFO] step=  1645  t=6.83940  ResidMax=1.604e-01  DilMax=6.393e-01  dt=4.159e-03
15:44:36.375 [ INFO] step=  1646  t=6.84356  ResidMax=1.600e-01  DilMax=6.393e-01  dt=4.159e-03
15:44:36.413 [ INFO] step=  1647  t=6.84772  ResidMax=1.595e-01  DilMax=6.392e-01  dt=4.159e-03
15:44:36.451 [ INFO] step=  1648  t=6.85188  ResidMax=1.591e-01  DilMax=6.392e-01  dt=4.159e-03
15:44:36.488 [ INFO] step=  1649  t=6.85604  ResidMax=1.586e-01  DilMax=6.391e-01  dt=4.159e-03
15:44:36.526 [ INFO] step=  1650  t=6.86019  ResidMax=1.582e-01  DilMax=6.391e-01  dt=4.159e-03
15:44:36.563 [ INFO] step=  1651  t=6.86435  ResidMax=1.577e-01  DilMax=6.390e-01  dt=4.159e-03
15:44:36.600 [ INFO] step=  1652  t=6.86851  ResidMax=1.573e-01  DilMax=6.390e-01  dt=4.159e-03
15:44:36.638 [ INFO] step=  1653  t=6.87267  ResidMax=1.568e-01  DilMax=6.389e-01  dt=4.159e-03
15:44:36.675 [ INFO] step=  1654  t=6.87683  ResidMax=1.564e-01  DilMax=6.389e-01  dt=4.159e-03
15:44:36.712 [ INFO] step=  1655  t=6.88099  ResidMax=1.559e-01  DilMax=6.388e-01  dt=4.159e-03
15:44:36.750 [ INFO] step=  1656  t=6.88515  ResidMax=1.554e-01  DilMax=6.388e-01  dt=4.159e-03
15:44:36.787 [ INFO] step=  1657  t=6.88931  ResidMax=1.550e-01  DilMax=6.387e-01  dt=4.159e-03
15:44:36.825 [ INFO] step=  1658  t=6.89346  ResidMax=1.545e-01  DilMax=6.387e-01  dt=4.159e-03
15:44:36.862 [ INFO] step=  1659  t=6.89762  ResidMax=1.540e-01  DilMax=6.386e-01  dt=4.159e-03
15:44:36.899 [ INFO] step=  1660  t=6.90178  ResidMax=1.536e-01  DilMax=6.386e-01  dt=4.159e-03
15:44:36.936 [ INFO] step=  1661  t=6.90594  ResidMax=1.531e-01  DilMax=6.385e-01  dt=4.159e-03
15:44:36.974 [ INFO] step=  1662  t=6.91010  ResidMax=1.526e-01  DilMax=6.385e-01  dt=4.159e-03
15:44:37.011 [ INFO] step=  1663  t=6.91426  ResidMax=1.522e-01  DilMax=6.384e-01  dt=4.159e-03
15:44:37.048 [ INFO] step=  1664  t=6.91842  ResidMax=1.518e-01  DilMax=6.384e-01  dt=4.159e-03
15:44:37.085 [ INFO] step=  1665  t=6.92258  ResidMax=1.513e-01  DilMax=6.383e-01  dt=4.159e-03
15:44:37.122 [ INFO] step=  1666  t=6.92673  ResidMax=1.509e-01  DilMax=6.383e-01  dt=4.159e-03
15:44:37.160 [ INFO] step=  1667  t=6.93089  ResidMax=1.505e-01  DilMax=6.382e-01  dt=4.159e-03
15:44:37.197 [ INFO] step=  1668  t=6.93505  ResidMax=1.501e-01  DilMax=6.382e-01  dt=4.159e-03
15:44:37.234 [ INFO] step=  1669  t=6.93921  ResidMax=1.497e-01  DilMax=6.381e-01  dt=4.159e-03
15:44:37.271 [ INFO] step=  1670  t=6.94337  ResidMax=1.493e-01  DilMax=6.381e-01  dt=4.159e-03
15:44:37.309 [ INFO] step=  1671  t=6.94753  ResidMax=1.488e-01  DilMax=6.380e-01  dt=4.159e-03
15:44:37.346 [ INFO] step=  1672  t=6.95169  ResidMax=1.484e-01  DilMax=6.380e-01  dt=4.159e-03
15:44:37.384 [ INFO] step=  1673  t=6.95585  ResidMax=1.480e-01  DilMax=6.379e-01  dt=4.159e-03
15:44:37.422 [ INFO] step=  1674  t=6.96000  ResidMax=1.476e-01  DilMax=6.379e-01  dt=4.159e-03
15:44:37.460 [ INFO] step=  1675  t=6.96416  ResidMax=1.472e-01  DilMax=6.379e-01  dt=4.159e-03
15:44:37.497 [ INFO] step=  1676  t=6.96832  ResidMax=1.467e-01  DilMax=6.378e-01  dt=4.159e-03
15:44:37.534 [ INFO] step=  1677  t=6.97248  ResidMax=1.463e-01  DilMax=6.378e-01  dt=4.159e-03
15:44:37.571 [ INFO] step=  1678  t=6.97664  ResidMax=1.459e-01  DilMax=6.377e-01  dt=4.159e-03
15:44:37.610 [ INFO] step=  1679  t=6.98080  ResidMax=1.454e-01  DilMax=6.377e-01  dt=4.159e-03
15:44:37.649 [ INFO] step=  1680  t=6.98496  ResidMax=1.450e-01  DilMax=6.376e-01  dt=4.159e-03
15:44:37.686 [ INFO] step=  1681  t=6.98912  ResidMax=1.446e-01  DilMax=6.376e-01  dt=4.159e-03
15:44:37.723 [ INFO] step=  1682  t=6.99327  ResidMax=1.442e-01  DilMax=6.375e-01  dt=4.159e-03
15:44:37.761 [ INFO] step=  1683  t=6.99743  ResidMax=1.437e-01  DilMax=6.375e-01  dt=4.159e-03
15:44:37.798 [ INFO] step=  1684  t=7.00159  ResidMax=1.433e-01  DilMax=6.375e-01  dt=4.159e-03
15:44:37.836 [ INFO] step=  1685  t=7.00575  ResidMax=1.429e-01  DilMax=6.374e-01  dt=4.159e-03
15:44:37.873 [ INFO] step=  1686  t=7.00991  ResidMax=1.424e-01  DilMax=6.374e-01  dt=4.159e-03
15:44:37.910 [ INFO] step=  1687  t=7.01407  ResidMax=1.420e-01  DilMax=6.373e-01  dt=4.159e-03
15:44:37.948 [ INFO] step=  1688  t=7.01823  ResidMax=1.416e-01  DilMax=6.373e-01  dt=4.159e-03
15:44:37.986 [ INFO] step=  1689  t=7.02238  ResidMax=1.411e-01  DilMax=6.372e-01  dt=4.159e-03
15:44:38.067 [ INFO] step=  1690  t=7.02654  ResidMax=1.407e-01  DilMax=6.372e-01  dt=4.159e-03
15:44:38.111 [ INFO] step=  1691  t=7.03070  ResidMax=1.402e-01  DilMax=6.372e-01  dt=4.159e-03
15:44:38.148 [ INFO] step=  1692  t=7.03486  ResidMax=1.398e-01  DilMax=6.371e-01  dt=4.159e-03
15:44:38.185 [ INFO] step=  1693  t=7.03902  ResidMax=1.394e-01  DilMax=6.371e-01  dt=4.159e-03
15:44:38.222 [ INFO] step=  1694  t=7.04318  ResidMax=1.389e-01  DilMax=6.370e-01  dt=4.159e-03
15:44:38.260 [ INFO] step=  1695  t=7.04734  ResidMax=1.385e-01  DilMax=6.370e-01  dt=4.159e-03
15:44:38.297 [ INFO] step=  1696  t=7.05149  ResidMax=1.380e-01  DilMax=6.369e-01  dt=4.159e-03
15:44:38.334 [ INFO] step=  1697  t=7.05565  ResidMax=1.376e-01  DilMax=6.369e-01  dt=4.159e-03
15:44:38.371 [ INFO] step=  1698  t=7.05981  ResidMax=1.372e-01  DilMax=6.368e-01  dt=4.159e-03
15:44:38.409 [ INFO] step=  1699  t=7.06397  ResidMax=1.367e-01  DilMax=6.368e-01  dt=4.159e-03
15:44:38.446 [ INFO] step=  1700  t=7.06813  ResidMax=1.363e-01  DilMax=6.368e-01  dt=4.159e-03
15:44:38.484 [ INFO] step=  1701  t=7.07229  ResidMax=1.360e-01  DilMax=6.367e-01  dt=4.159e-03
15:44:38.521 [ INFO] step=  1702  t=7.07645  ResidMax=1.356e-01  DilMax=6.367e-01  dt=4.158e-03
15:44:38.558 [ INFO] step=  1703  t=7.08060  ResidMax=1.352e-01  DilMax=6.366e-01  dt=4.158e-03
15:44:38.596 [ INFO] step=  1704  t=7.08476  ResidMax=1.348e-01  DilMax=6.366e-01  dt=4.158e-03
15:44:38.634 [ INFO] step=  1705  t=7.08892  ResidMax=1.344e-01  DilMax=6.365e-01  dt=4.158e-03
15:44:38.671 [ INFO] step=  1706  t=7.09308  ResidMax=1.340e-01  DilMax=6.365e-01  dt=4.158e-03
15:44:38.709 [ INFO] step=  1707  t=7.09724  ResidMax=1.336e-01  DilMax=6.364e-01  dt=4.158e-03
15:44:38.746 [ INFO] step=  1708  t=7.10140  ResidMax=1.332e-01  DilMax=6.364e-01  dt=4.158e-03
15:44:38.783 [ INFO] step=  1709  t=7.10555  ResidMax=1.328e-01  DilMax=6.364e-01  dt=4.158e-03
15:44:38.822 [ INFO] step=  1710  t=7.10971  ResidMax=1.324e-01  DilMax=6.363e-01  dt=4.158e-03
15:44:38.859 [ INFO] step=  1711  t=7.11387  ResidMax=1.320e-01  DilMax=6.363e-01  dt=4.158e-03
15:44:38.896 [ INFO] step=  1712  t=7.11803  ResidMax=1.316e-01  DilMax=6.362e-01  dt=4.158e-03
15:44:38.933 [ INFO] step=  1713  t=7.12219  ResidMax=1.312e-01  DilMax=6.362e-01  dt=4.158e-03
15:44:38.972 [ INFO] step=  1714  t=7.12635  ResidMax=1.308e-01  DilMax=6.361e-01  dt=4.158e-03
15:44:39.011 [ INFO] step=  1715  t=7.13051  ResidMax=1.304e-01  DilMax=6.361e-01  dt=4.158e-03
15:44:39.049 [ INFO] step=  1716  t=7.13466  ResidMax=1.300e-01  DilMax=6.360e-01  dt=4.158e-03
15:44:39.087 [ INFO] step=  1717  t=7.13882  ResidMax=1.296e-01  DilMax=6.360e-01  dt=4.158e-03
15:44:39.124 [ INFO] step=  1718  t=7.14298  ResidMax=1.292e-01  DilMax=6.360e-01  dt=4.158e-03
15:44:39.161 [ INFO] step=  1719  t=7.14714  ResidMax=1.288e-01  DilMax=6.360e-01  dt=4.158e-03
15:44:39.199 [ INFO] step=  1720  t=7.15130  ResidMax=1.284e-01  DilMax=6.359e-01  dt=4.158e-03
15:44:39.236 [ INFO] step=  1721  t=7.15546  ResidMax=1.280e-01  DilMax=6.359e-01  dt=4.158e-03
15:44:39.274 [ INFO] step=  1722  t=7.15961  ResidMax=1.276e-01  DilMax=6.359e-01  dt=4.158e-03
15:44:39.311 [ INFO] step=  1723  t=7.16377  ResidMax=1.272e-01  DilMax=6.359e-01  dt=4.158e-03
15:44:39.348 [ INFO] step=  1724  t=7.16793  ResidMax=1.268e-01  DilMax=6.358e-01  dt=4.158e-03
15:44:39.385 [ INFO] step=  1725  t=7.17209  ResidMax=1.264e-01  DilMax=6.358e-01  dt=4.158e-03
15:44:39.422 [ INFO] step=  1726  t=7.17625  ResidMax=1.260e-01  DilMax=6.358e-01  dt=4.158e-03
15:44:39.459 [ INFO] step=  1727  t=7.18041  ResidMax=1.256e-01  DilMax=6.358e-01  dt=4.158e-03
15:44:39.497 [ INFO] step=  1728  t=7.18456  ResidMax=1.252e-01  DilMax=6.358e-01  dt=4.158e-03
15:44:39.533 [ INFO] step=  1729  t=7.18872  ResidMax=1.248e-01  DilMax=6.357e-01  dt=4.158e-03
15:44:39.570 [ INFO] step=  1730  t=7.19288  ResidMax=1.244e-01  DilMax=6.357e-01  dt=4.158e-03
15:44:39.607 [ INFO] step=  1731  t=7.19704  ResidMax=1.240e-01  DilMax=6.357e-01  dt=4.158e-03
15:44:39.646 [ INFO] step=  1732  t=7.20120  ResidMax=1.235e-01  DilMax=6.357e-01  dt=4.158e-03
15:44:39.684 [ INFO] step=  1733  t=7.20536  ResidMax=1.231e-01  DilMax=6.356e-01  dt=4.158e-03
15:44:39.721 [ INFO] step=  1734  t=7.20951  ResidMax=1.227e-01  DilMax=6.356e-01  dt=4.158e-03
15:44:39.758 [ INFO] step=  1735  t=7.21367  ResidMax=1.223e-01  DilMax=6.356e-01  dt=4.158e-03
15:44:39.795 [ INFO] step=  1736  t=7.21783  ResidMax=1.219e-01  DilMax=6.356e-01  dt=4.158e-03
15:44:39.832 [ INFO] step=  1737  t=7.22199  ResidMax=1.215e-01  DilMax=6.355e-01  dt=4.158e-03
15:44:39.871 [ INFO] step=  1738  t=7.22615  ResidMax=1.211e-01  DilMax=6.355e-01  dt=4.158e-03
15:44:39.910 [ INFO] step=  1739  t=7.23030  ResidMax=1.207e-01  DilMax=6.355e-01  dt=4.158e-03
15:44:39.948 [ INFO] step=  1740  t=7.23446  ResidMax=1.204e-01  DilMax=6.355e-01  dt=4.158e-03
15:44:39.986 [ INFO] step=  1741  t=7.23862  ResidMax=1.200e-01  DilMax=6.354e-01  dt=4.158e-03
15:44:40.025 [ INFO] step=  1742  t=7.24278  ResidMax=1.196e-01  DilMax=6.354e-01  dt=4.158e-03
15:44:40.063 [ INFO] step=  1743  t=7.24694  ResidMax=1.193e-01  DilMax=6.354e-01  dt=4.158e-03
15:44:40.102 [ INFO] step=  1744  t=7.25110  ResidMax=1.189e-01  DilMax=6.354e-01  dt=4.158e-03
15:44:40.140 [ INFO] step=  1745  t=7.25525  ResidMax=1.185e-01  DilMax=6.353e-01  dt=4.158e-03
15:44:40.179 [ INFO] step=  1746  t=7.25941  ResidMax=1.181e-01  DilMax=6.353e-01  dt=4.158e-03
15:44:40.218 [ INFO] step=  1747  t=7.26357  ResidMax=1.178e-01  DilMax=6.353e-01  dt=4.158e-03
15:44:40.257 [ INFO] step=  1748  t=7.26773  ResidMax=1.174e-01  DilMax=6.353e-01  dt=4.158e-03
15:44:40.296 [ INFO] step=  1749  t=7.27189  ResidMax=1.170e-01  DilMax=6.352e-01  dt=4.158e-03
15:44:40.338 [ INFO] step=  1750  t=7.27605  ResidMax=1.166e-01  DilMax=6.352e-01  dt=4.158e-03
15:44:40.382 [ INFO] step=  1751  t=7.28020  ResidMax=1.163e-01  DilMax=6.352e-01  dt=4.158e-03
15:44:40.425 [ INFO] step=  1752  t=7.28436  ResidMax=1.159e-01  DilMax=6.352e-01  dt=4.158e-03
15:44:40.468 [ INFO] step=  1753  t=7.28852  ResidMax=1.155e-01  DilMax=6.352e-01  dt=4.158e-03
15:44:40.509 [ INFO] step=  1754  t=7.29268  ResidMax=1.151e-01  DilMax=6.351e-01  dt=4.158e-03
15:44:40.552 [ INFO] step=  1755  t=7.29684  ResidMax=1.147e-01  DilMax=6.351e-01  dt=4.158e-03
15:44:40.593 [ INFO] step=  1756  t=7.30099  ResidMax=1.144e-01  DilMax=6.351e-01  dt=4.158e-03
15:44:40.633 [ INFO] step=  1757  t=7.30515  ResidMax=1.140e-01  DilMax=6.351e-01  dt=4.158e-03
15:44:40.710 [ INFO] step=  1758  t=7.30931  ResidMax=1.136e-01  DilMax=6.350e-01  dt=4.158e-03
15:44:40.750 [ INFO] step=  1759  t=7.31347  ResidMax=1.132e-01  DilMax=6.350e-01  dt=4.158e-03
15:44:40.790 [ INFO] step=  1760  t=7.31763  ResidMax=1.128e-01  DilMax=6.350e-01  dt=4.158e-03
15:44:40.830 [ INFO] step=  1761  t=7.32178  ResidMax=1.125e-01  DilMax=6.350e-01  dt=4.158e-03
15:44:40.870 [ INFO] step=  1762  t=7.32594  ResidMax=1.121e-01  DilMax=6.350e-01  dt=4.158e-03
15:44:40.911 [ INFO] step=  1763  t=7.33010  ResidMax=1.117e-01  DilMax=6.349e-01  dt=4.158e-03
15:44:40.950 [ INFO] step=  1764  t=7.33426  ResidMax=1.113e-01  DilMax=6.349e-01  dt=4.158e-03
15:44:40.992 [ INFO] step=  1765  t=7.33842  ResidMax=1.109e-01  DilMax=6.349e-01  dt=4.158e-03
15:44:41.030 [ INFO] step=  1766  t=7.34258  ResidMax=1.106e-01  DilMax=6.349e-01  dt=4.158e-03
15:44:41.071 [ INFO] step=  1767  t=7.34673  ResidMax=1.102e-01  DilMax=6.349e-01  dt=4.158e-03
15:44:41.133 [ INFO] step=  1768  t=7.35089  ResidMax=1.098e-01  DilMax=6.348e-01  dt=4.158e-03
15:44:41.170 [ INFO] step=  1769  t=7.35505  ResidMax=1.097e-01  DilMax=6.348e-01  dt=4.158e-03
15:44:41.208 [ INFO] step=  1770  t=7.35921  ResidMax=1.095e-01  DilMax=6.348e-01  dt=4.158e-03
15:44:41.245 [ INFO] step=  1771  t=7.36337  ResidMax=1.094e-01  DilMax=6.348e-01  dt=4.158e-03
15:44:41.284 [ INFO] step=  1772  t=7.36752  ResidMax=1.093e-01  DilMax=6.348e-01  dt=4.158e-03
15:44:41.321 [ INFO] step=  1773  t=7.37168  ResidMax=1.091e-01  DilMax=6.347e-01  dt=4.158e-03
15:44:41.358 [ INFO] step=  1774  t=7.37584  ResidMax=1.090e-01  DilMax=6.347e-01  dt=4.158e-03
15:44:41.398 [ INFO] step=  1775  t=7.38000  ResidMax=1.088e-01  DilMax=6.347e-01  dt=4.158e-03
15:44:41.436 [ INFO] step=  1776  t=7.38416  ResidMax=1.087e-01  DilMax=6.347e-01  dt=4.158e-03
15:44:41.474 [ INFO] step=  1777  t=7.38831  ResidMax=1.086e-01  DilMax=6.347e-01  dt=4.158e-03
15:44:41.512 [ INFO] step=  1778  t=7.39247  ResidMax=1.084e-01  DilMax=6.347e-01  dt=4.158e-03
15:44:41.549 [ INFO] step=  1779  t=7.39663  ResidMax=1.083e-01  DilMax=6.346e-01  dt=4.158e-03
15:44:41.589 [ INFO] step=  1780  t=7.40079  ResidMax=1.082e-01  DilMax=6.346e-01  dt=4.158e-03
15:44:41.627 [ INFO] step=  1781  t=7.40495  ResidMax=1.080e-01  DilMax=6.346e-01  dt=4.158e-03
15:44:41.670 [ INFO] step=  1782  t=7.40910  ResidMax=1.079e-01  DilMax=6.346e-01  dt=4.158e-03
15:44:41.707 [ INFO] step=  1783  t=7.41326  ResidMax=1.077e-01  DilMax=6.346e-01  dt=4.158e-03
15:44:41.745 [ INFO] step=  1784  t=7.41742  ResidMax=1.076e-01  DilMax=6.346e-01  dt=4.158e-03
15:44:41.782 [ INFO] step=  1785  t=7.42158  ResidMax=1.075e-01  DilMax=6.345e-01  dt=4.158e-03
15:44:41.819 [ INFO] step=  1786  t=7.42574  ResidMax=1.074e-01  DilMax=6.345e-01  dt=4.158e-03
15:44:41.857 [ INFO] step=  1787  t=7.42989  ResidMax=1.072e-01  DilMax=6.345e-01  dt=4.158e-03
15:44:41.898 [ INFO] step=  1788  t=7.43405  ResidMax=1.071e-01  DilMax=6.345e-01  dt=4.158e-03
15:44:41.938 [ INFO] step=  1789  t=7.43821  ResidMax=1.070e-01  DilMax=6.345e-01  dt=4.158e-03
15:44:41.991 [ INFO] step=  1790  t=7.44237  ResidMax=1.068e-01  DilMax=6.345e-01  dt=4.158e-03
15:44:42.042 [ INFO] step=  1791  t=7.44652  ResidMax=1.067e-01  DilMax=6.345e-01  dt=4.158e-03
15:44:42.081 [ INFO] step=  1792  t=7.45068  ResidMax=1.065e-01  DilMax=6.344e-01  dt=4.158e-03
15:44:42.120 [ INFO] step=  1793  t=7.45484  ResidMax=1.064e-01  DilMax=6.344e-01  dt=4.158e-03
15:44:42.159 [ INFO] step=  1794  t=7.45900  ResidMax=1.063e-01  DilMax=6.344e-01  dt=4.158e-03
15:44:42.198 [ INFO] step=  1795  t=7.46316  ResidMax=1.062e-01  DilMax=6.344e-01  dt=4.158e-03
15:44:42.237 [ INFO] step=  1796  t=7.46731  ResidMax=1.061e-01  DilMax=6.344e-01  dt=4.158e-03
15:44:42.275 [ INFO] step=  1797  t=7.47147  ResidMax=1.059e-01  DilMax=6.344e-01  dt=4.158e-03
15:44:42.315 [ INFO] step=  1798  t=7.47563  ResidMax=1.058e-01  DilMax=6.344e-01  dt=4.158e-03
15:44:42.355 [ INFO] step=  1799  t=7.47979  ResidMax=1.056e-01  DilMax=6.344e-01  dt=4.158e-03
15:44:42.396 [ INFO] step=  1800  t=7.48394  ResidMax=1.055e-01  DilMax=6.343e-01  dt=4.158e-03
15:44:42.477 [ INFO] step=  1801  t=7.48810  ResidMax=1.054e-01  DilMax=6.343e-01  dt=4.158e-03
15:44:42.523 [ INFO] step=  1802  t=7.49226  ResidMax=1.053e-01  DilMax=6.343e-01  dt=4.158e-03
15:44:42.561 [ INFO] step=  1803  t=7.49642  ResidMax=1.051e-01  DilMax=6.343e-01  dt=4.158e-03
15:44:42.600 [ INFO] step=  1804  t=7.50058  ResidMax=1.050e-01  DilMax=6.343e-01  dt=4.158e-03
15:44:42.638 [ INFO] step=  1805  t=7.50473  ResidMax=1.049e-01  DilMax=6.343e-01  dt=4.158e-03
15:44:42.676 [ INFO] step=  1806  t=7.50889  ResidMax=1.048e-01  DilMax=6.343e-01  dt=4.158e-03
15:44:42.714 [ INFO] step=  1807  t=7.51305  ResidMax=1.046e-01  DilMax=6.343e-01  dt=4.158e-03
15:44:42.752 [ INFO] step=  1808  t=7.51721  ResidMax=1.045e-01  DilMax=6.343e-01  dt=4.158e-03
15:44:42.790 [ INFO] step=  1809  t=7.52136  ResidMax=1.044e-01  DilMax=6.342e-01  dt=4.158e-03
15:44:42.828 [ INFO] step=  1810  t=7.52552  ResidMax=1.043e-01  DilMax=6.342e-01  dt=4.158e-03
15:44:42.866 [ INFO] step=  1811  t=7.52968  ResidMax=1.041e-01  DilMax=6.342e-01  dt=4.158e-03
15:44:42.905 [ INFO] step=  1812  t=7.53384  ResidMax=1.040e-01  DilMax=6.342e-01  dt=4.158e-03
15:44:42.943 [ INFO] step=  1813  t=7.53799  ResidMax=1.039e-01  DilMax=6.342e-01  dt=4.158e-03
15:44:42.980 [ INFO] step=  1814  t=7.54215  ResidMax=1.038e-01  DilMax=6.342e-01  dt=4.158e-03
15:44:43.017 [ INFO] step=  1815  t=7.54631  ResidMax=1.036e-01  DilMax=6.342e-01  dt=4.158e-03
15:44:43.055 [ INFO] step=  1816  t=7.55047  ResidMax=1.035e-01  DilMax=6.342e-01  dt=4.158e-03
15:44:43.092 [ INFO] step=  1817  t=7.55462  ResidMax=1.034e-01  DilMax=6.342e-01  dt=4.158e-03
15:44:43.130 [ INFO] step=  1818  t=7.55878  ResidMax=1.033e-01  DilMax=6.342e-01  dt=4.157e-03
15:44:43.167 [ INFO] step=  1819  t=7.56294  ResidMax=1.031e-01  DilMax=6.341e-01  dt=4.157e-03
15:44:43.205 [ INFO] step=  1820  t=7.56710  ResidMax=1.030e-01  DilMax=6.341e-01  dt=4.157e-03
15:44:43.280 [ INFO] step=  1821  t=7.57125  ResidMax=1.029e-01  DilMax=6.341e-01  dt=4.157e-03
15:44:43.317 [ INFO] step=  1822  t=7.57541  ResidMax=1.028e-01  DilMax=6.341e-01  dt=4.157e-03
15:44:43.354 [ INFO] step=  1823  t=7.57957  ResidMax=1.026e-01  DilMax=6.341e-01  dt=4.157e-03
15:44:43.394 [ INFO] step=  1824  t=7.58373  ResidMax=1.025e-01  DilMax=6.341e-01  dt=4.157e-03
15:44:43.432 [ INFO] step=  1825  t=7.58788  ResidMax=1.024e-01  DilMax=6.341e-01  dt=4.157e-03
15:44:43.471 [ INFO] step=  1826  t=7.59204  ResidMax=1.023e-01  DilMax=6.341e-01  dt=4.157e-03
15:44:43.508 [ INFO] step=  1827  t=7.59620  ResidMax=1.022e-01  DilMax=6.341e-01  dt=4.157e-03
15:44:43.546 [ INFO] step=  1828  t=7.60036  ResidMax=1.020e-01  DilMax=6.341e-01  dt=4.157e-03
15:44:43.583 [ INFO] step=  1829  t=7.60451  ResidMax=1.019e-01  DilMax=6.341e-01  dt=4.157e-03
15:44:43.620 [ INFO] step=  1830  t=7.60867  ResidMax=1.018e-01  DilMax=6.341e-01  dt=4.157e-03
15:44:43.658 [ INFO] step=  1831  t=7.61283  ResidMax=1.017e-01  DilMax=6.341e-01  dt=4.157e-03
15:44:43.705 [ INFO] step=  1832  t=7.61699  ResidMax=1.015e-01  DilMax=6.341e-01  dt=4.157e-03
15:44:43.742 [ INFO] step=  1833  t=7.62114  ResidMax=1.014e-01  DilMax=6.341e-01  dt=4.157e-03
15:44:43.780 [ INFO] step=  1834  t=7.62530  ResidMax=1.013e-01  DilMax=6.341e-01  dt=4.157e-03
15:44:43.817 [ INFO] step=  1835  t=7.62946  ResidMax=1.012e-01  DilMax=6.342e-01  dt=4.157e-03
15:44:43.855 [ INFO] step=  1836  t=7.63361  ResidMax=1.011e-01  DilMax=6.342e-01  dt=4.157e-03
15:44:43.896 [ INFO] step=  1837  t=7.63777  ResidMax=1.010e-01  DilMax=6.342e-01  dt=4.157e-03
15:44:43.934 [ INFO] step=  1838  t=7.64193  ResidMax=1.008e-01  DilMax=6.342e-01  dt=4.157e-03
15:44:43.974 [ INFO] step=  1839  t=7.64609  ResidMax=1.007e-01  DilMax=6.342e-01  dt=4.157e-03
15:44:44.029 [ INFO] step=  1840  t=7.65024  ResidMax=1.006e-01  DilMax=6.342e-01  dt=4.157e-03
15:44:44.066 [ INFO] step=  1841  t=7.65440  ResidMax=1.005e-01  DilMax=6.342e-01  dt=4.157e-03
15:44:44.104 [ INFO] step=  1842  t=7.65856  ResidMax=1.004e-01  DilMax=6.342e-01  dt=4.157e-03
15:44:44.142 [ INFO] step=  1843  t=7.66271  ResidMax=1.002e-01  DilMax=6.342e-01  dt=4.157e-03
15:44:44.179 [ INFO] step=  1844  t=7.66687  ResidMax=1.001e-01  DilMax=6.342e-01  dt=4.157e-03
15:44:44.217 [ INFO] step=  1845  t=7.67103  ResidMax=1.000e-01  DilMax=6.342e-01  dt=4.157e-03
15:44:44.254 [ INFO] step=  1846  t=7.67519  ResidMax=9.990e-02  DilMax=6.342e-01  dt=4.157e-03
15:44:44.291 [ INFO] step=  1847  t=7.67934  ResidMax=9.978e-02  DilMax=6.343e-01  dt=4.157e-03
15:44:44.329 [ INFO] step=  1848  t=7.68350  ResidMax=9.965e-02  DilMax=6.343e-01  dt=4.157e-03
15:44:44.367 [ INFO] step=  1849  t=7.68766  ResidMax=9.952e-02  DilMax=6.343e-01  dt=4.157e-03
15:44:44.407 [ INFO] step=  1850  t=7.69181  ResidMax=9.942e-02  DilMax=6.343e-01  dt=4.157e-03
15:44:44.444 [ INFO] step=  1851  t=7.69597  ResidMax=9.931e-02  DilMax=6.343e-01  dt=4.157e-03
15:44:44.485 [ INFO] step=  1852  t=7.70013  ResidMax=9.920e-02  DilMax=6.343e-01  dt=4.157e-03
15:44:44.523 [ INFO] step=  1853  t=7.70428  ResidMax=9.908e-02  DilMax=6.343e-01  dt=4.157e-03
15:44:44.560 [ INFO] step=  1854  t=7.70844  ResidMax=9.896e-02  DilMax=6.343e-01  dt=4.157e-03
15:44:44.599 [ INFO] step=  1855  t=7.71260  ResidMax=9.884e-02  DilMax=6.343e-01  dt=4.157e-03
15:44:44.636 [ INFO] step=  1856  t=7.71676  ResidMax=9.872e-02  DilMax=6.343e-01  dt=4.157e-03
15:44:44.674 [ INFO] step=  1857  t=7.72091  ResidMax=9.859e-02  DilMax=6.343e-01  dt=4.157e-03
15:44:44.711 [ INFO] step=  1858  t=7.72507  ResidMax=9.849e-02  DilMax=6.343e-01  dt=4.157e-03
15:44:44.748 [ INFO] step=  1859  t=7.72923  ResidMax=9.839e-02  DilMax=6.344e-01  dt=4.157e-03
15:44:44.785 [ INFO] step=  1860  t=7.73338  ResidMax=9.828e-02  DilMax=6.344e-01  dt=4.157e-03
15:44:44.822 [ INFO] step=  1861  t=7.73754  ResidMax=9.816e-02  DilMax=6.344e-01  dt=4.157e-03
15:44:44.859 [ INFO] step=  1862  t=7.74170  ResidMax=9.805e-02  DilMax=6.344e-01  dt=4.157e-03
15:44:44.899 [ INFO] step=  1863  t=7.74585  ResidMax=9.793e-02  DilMax=6.344e-01  dt=4.157e-03
15:44:44.937 [ INFO] step=  1864  t=7.75001  ResidMax=9.782e-02  DilMax=6.344e-01  dt=4.157e-03
15:44:44.975 [ INFO] step=  1865  t=7.75417  ResidMax=9.772e-02  DilMax=6.344e-01  dt=4.157e-03
15:44:45.012 [ INFO] step=  1866  t=7.75832  ResidMax=9.761e-02  DilMax=6.344e-01  dt=4.157e-03
15:44:45.049 [ INFO] step=  1867  t=7.76248  ResidMax=9.750e-02  DilMax=6.344e-01  dt=4.157e-03
15:44:45.086 [ INFO] step=  1868  t=7.76664  ResidMax=9.739e-02  DilMax=6.344e-01  dt=4.157e-03
15:44:45.122 [ INFO] step=  1869  t=7.77079  ResidMax=9.727e-02  DilMax=6.344e-01  dt=4.157e-03
15:44:45.160 [ INFO] step=  1870  t=7.77495  ResidMax=9.715e-02  DilMax=6.345e-01  dt=4.157e-03
15:44:45.197 [ INFO] step=  1871  t=7.77911  ResidMax=9.706e-02  DilMax=6.345e-01  dt=4.157e-03
15:44:45.236 [ INFO] step=  1872  t=7.78327  ResidMax=9.696e-02  DilMax=6.345e-01  dt=4.157e-03
15:44:45.290 [ INFO] step=  1873  t=7.78742  ResidMax=9.686e-02  DilMax=6.345e-01  dt=4.157e-03
15:44:45.328 [ INFO] step=  1874  t=7.79158  ResidMax=9.676e-02  DilMax=6.345e-01  dt=4.157e-03
15:44:45.366 [ INFO] step=  1875  t=7.79574  ResidMax=9.665e-02  DilMax=6.345e-01  dt=4.157e-03
15:44:45.405 [ INFO] step=  1876  t=7.79989  ResidMax=9.654e-02  DilMax=6.345e-01  dt=4.157e-03
15:44:45.442 [ INFO] step=  1877  t=7.80405  ResidMax=9.643e-02  DilMax=6.345e-01  dt=4.157e-03
15:44:45.480 [ INFO] step=  1878  t=7.80821  ResidMax=9.631e-02  DilMax=6.345e-01  dt=4.157e-03
15:44:45.517 [ INFO] step=  1879  t=7.81236  ResidMax=9.622e-02  DilMax=6.346e-01  dt=4.157e-03
15:44:45.554 [ INFO] step=  1880  t=7.81652  ResidMax=9.613e-02  DilMax=6.346e-01  dt=4.157e-03
15:44:45.591 [ INFO] step=  1881  t=7.82068  ResidMax=9.603e-02  DilMax=6.346e-01  dt=4.157e-03
15:44:45.628 [ INFO] step=  1882  t=7.82483  ResidMax=9.593e-02  DilMax=6.346e-01  dt=4.157e-03
15:44:45.666 [ INFO] step=  1883  t=7.82899  ResidMax=9.583e-02  DilMax=6.346e-01  dt=4.157e-03
15:44:45.753 [ INFO] step=  1884  t=7.83314  ResidMax=9.572e-02  DilMax=6.346e-01  dt=4.157e-03
15:44:45.791 [ INFO] step=  1885  t=7.83730  ResidMax=9.561e-02  DilMax=6.346e-01  dt=4.157e-03
15:44:45.829 [ INFO] step=  1886  t=7.84146  ResidMax=9.551e-02  DilMax=6.346e-01  dt=4.157e-03
15:44:45.867 [ INFO] step=  1887  t=7.84561  ResidMax=9.542e-02  DilMax=6.347e-01  dt=4.157e-03
15:44:45.905 [ INFO] step=  1888  t=7.84977  ResidMax=9.533e-02  DilMax=6.347e-01  dt=4.157e-03
15:44:45.942 [ INFO] step=  1889  t=7.85393  ResidMax=9.523e-02  DilMax=6.347e-01  dt=4.157e-03
15:44:45.979 [ INFO] step=  1890  t=7.85808  ResidMax=9.513e-02  DilMax=6.347e-01  dt=4.157e-03
15:44:46.016 [ INFO] step=  1891  t=7.86224  ResidMax=9.503e-02  DilMax=6.347e-01  dt=4.156e-03
15:44:46.054 [ INFO] step=  1892  t=7.86640  ResidMax=9.493e-02  DilMax=6.347e-01  dt=4.156e-03
15:44:46.091 [ INFO] step=  1893  t=7.87055  ResidMax=9.482e-02  DilMax=6.347e-01  dt=4.156e-03
15:44:46.128 [ INFO] step=  1894  t=7.87471  ResidMax=9.473e-02  DilMax=6.348e-01  dt=4.156e-03
15:44:46.166 [ INFO] step=  1895  t=7.87887  ResidMax=9.465e-02  DilMax=6.348e-01  dt=4.156e-03
15:44:46.203 [ INFO] step=  1896  t=7.88302  ResidMax=9.456e-02  DilMax=6.348e-01  dt=4.156e-03
15:44:46.241 [ INFO] step=  1897  t=7.88718  ResidMax=9.446e-02  DilMax=6.348e-01  dt=4.156e-03
15:44:46.281 [ INFO] step=  1898  t=7.89134  ResidMax=9.437e-02  DilMax=6.348e-01  dt=4.156e-03
15:44:46.320 [ INFO] step=  1899  t=7.89549  ResidMax=9.427e-02  DilMax=6.348e-01  dt=4.156e-03
15:44:46.356 [ INFO] step=  1900  t=7.89965  ResidMax=9.417e-02  DilMax=6.348e-01  dt=4.156e-03
15:44:46.396 [ INFO] step=  1901  t=7.90381  ResidMax=9.407e-02  DilMax=6.349e-01  dt=4.156e-03
15:44:46.434 [ INFO] step=  1902  t=7.90796  ResidMax=9.399e-02  DilMax=6.349e-01  dt=4.156e-03
15:44:46.472 [ INFO] step=  1903  t=7.91212  ResidMax=9.391e-02  DilMax=6.349e-01  dt=4.156e-03
15:44:46.511 [ INFO] step=  1904  t=7.91627  ResidMax=9.382e-02  DilMax=6.349e-01  dt=4.156e-03
15:44:46.549 [ INFO] step=  1905  t=7.92043  ResidMax=9.373e-02  DilMax=6.349e-01  dt=4.156e-03
15:44:46.587 [ INFO] step=  1906  t=7.92459  ResidMax=9.363e-02  DilMax=6.349e-01  dt=4.156e-03
15:44:46.626 [ INFO] step=  1907  t=7.92874  ResidMax=9.354e-02  DilMax=6.349e-01  dt=4.156e-03
15:44:46.666 [ INFO] step=  1908  t=7.93290  ResidMax=9.344e-02  DilMax=6.350e-01  dt=4.156e-03
15:44:46.704 [ INFO] step=  1909  t=7.93706  ResidMax=9.336e-02  DilMax=6.350e-01  dt=4.156e-03
15:44:46.741 [ INFO] step=  1910  t=7.94121  ResidMax=9.328e-02  DilMax=6.350e-01  dt=4.156e-03
15:44:46.779 [ INFO] step=  1911  t=7.94537  ResidMax=9.320e-02  DilMax=6.350e-01  dt=4.156e-03
15:44:46.818 [ INFO] step=  1912  t=7.94952  ResidMax=9.311e-02  DilMax=6.350e-01  dt=4.156e-03
15:44:46.856 [ INFO] step=  1913  t=7.95368  ResidMax=9.302e-02  DilMax=6.350e-01  dt=4.156e-03
15:44:46.895 [ INFO] step=  1914  t=7.95784  ResidMax=9.293e-02  DilMax=6.351e-01  dt=4.156e-03
15:44:46.935 [ INFO] step=  1915  t=7.96199  ResidMax=9.284e-02  DilMax=6.351e-01  dt=4.156e-03
15:44:46.974 [ INFO] step=  1916  t=7.96615  ResidMax=9.275e-02  DilMax=6.351e-01  dt=4.156e-03
15:44:47.013 [ INFO] step=  1917  t=7.97031  ResidMax=9.268e-02  DilMax=6.351e-01  dt=4.156e-03
15:44:47.051 [ INFO] step=  1918  t=7.97446  ResidMax=9.260e-02  DilMax=6.351e-01  dt=4.156e-03
15:44:47.089 [ INFO] step=  1919  t=7.97862  ResidMax=9.252e-02  DilMax=6.351e-01  dt=4.156e-03
15:44:47.125 [ INFO] step=  1920  t=7.98277  ResidMax=9.244e-02  DilMax=6.352e-01  dt=4.156e-03
15:44:47.166 [ INFO] step=  1921  t=7.98693  ResidMax=9.235e-02  DilMax=6.352e-01  dt=4.156e-03
15:44:47.204 [ INFO] step=  1922  t=7.99109  ResidMax=9.226e-02  DilMax=6.352e-01  dt=4.156e-03
15:44:47.245 [ INFO] step=  1923  t=7.99524  ResidMax=9.217e-02  DilMax=6.352e-01  dt=4.156e-03
15:44:47.288 [ INFO] step=  1924  t=7.99940  ResidMax=9.210e-02  DilMax=6.352e-01  dt=4.156e-03
15:44:47.328 [ INFO] step=  1925  t=8.00356  ResidMax=9.203e-02  DilMax=6.352e-01  dt=4.156e-03
15:44:47.370 [ INFO] step=  1926  t=8.00771  ResidMax=9.195e-02  DilMax=6.353e-01  dt=4.156e-03
15:44:47.410 [ INFO] step=  1927  t=8.01187  ResidMax=9.187e-02  DilMax=6.353e-01  dt=4.156e-03
15:44:47.450 [ INFO] step=  1928  t=8.01602  ResidMax=9.179e-02  DilMax=6.353e-01  dt=4.156e-03
15:44:47.490 [ INFO] step=  1929  t=8.02018  ResidMax=9.173e-02  DilMax=6.353e-01  dt=4.156e-03
15:44:47.530 [ INFO] step=  1930  t=8.02434  ResidMax=9.166e-02  DilMax=6.353e-01  dt=4.156e-03
15:44:47.569 [ INFO] step=  1931  t=8.02849  ResidMax=9.159e-02  DilMax=6.353e-01  dt=4.156e-03
15:44:47.608 [ INFO] step=  1932  t=8.03265  ResidMax=9.152e-02  DilMax=6.354e-01  dt=4.156e-03
15:44:47.648 [ INFO] step=  1933  t=8.03680  ResidMax=9.144e-02  DilMax=6.354e-01  dt=4.156e-03
15:44:47.688 [ INFO] step=  1934  t=8.04096  ResidMax=9.137e-02  DilMax=6.354e-01  dt=4.156e-03
15:44:47.728 [ INFO] step=  1935  t=8.04512  ResidMax=9.132e-02  DilMax=6.354e-01  dt=4.156e-03
15:44:47.768 [ INFO] step=  1936  t=8.04927  ResidMax=9.126e-02  DilMax=6.354e-01  dt=4.156e-03
15:44:47.807 [ INFO] step=  1937  t=8.05343  ResidMax=9.119e-02  DilMax=6.354e-01  dt=4.156e-03
15:44:47.847 [ INFO] step=  1938  t=8.05759  ResidMax=9.112e-02  DilMax=6.355e-01  dt=4.156e-03
15:44:47.887 [ INFO] step=  1939  t=8.06174  ResidMax=9.105e-02  DilMax=6.355e-01  dt=4.156e-03
15:44:47.927 [ INFO] step=  1940  t=8.06590  ResidMax=9.098e-02  DilMax=6.355e-01  dt=4.156e-03
15:44:47.967 [ INFO] step=  1941  t=8.07005  ResidMax=9.092e-02  DilMax=6.355e-01  dt=4.156e-03
15:44:48.011 [ INFO] step=  1942  t=8.07421  ResidMax=9.086e-02  DilMax=6.355e-01  dt=4.156e-03
15:44:48.060 [ INFO] step=  1943  t=8.07837  ResidMax=9.080e-02  DilMax=6.355e-01  dt=4.156e-03
15:44:48.099 [ INFO] step=  1944  t=8.08252  ResidMax=9.074e-02  DilMax=6.356e-01  dt=4.156e-03
15:44:48.137 [ INFO] step=  1945  t=8.08668  ResidMax=9.067e-02  DilMax=6.356e-01  dt=4.156e-03
15:44:48.176 [ INFO] step=  1946  t=8.09083  ResidMax=9.060e-02  DilMax=6.356e-01  dt=4.156e-03
15:44:48.215 [ INFO] step=  1947  t=8.09499  ResidMax=9.054e-02  DilMax=6.356e-01  dt=4.156e-03
15:44:48.254 [ INFO] step=  1948  t=8.09915  ResidMax=9.049e-02  DilMax=6.356e-01  dt=4.156e-03
15:44:48.293 [ INFO] step=  1949  t=8.10330  ResidMax=9.043e-02  DilMax=6.356e-01  dt=4.156e-03
15:44:48.332 [ INFO] step=  1950  t=8.10746  ResidMax=9.037e-02  DilMax=6.357e-01  dt=4.156e-03
15:44:48.370 [ INFO] step=  1951  t=8.11161  ResidMax=9.031e-02  DilMax=6.357e-01  dt=4.156e-03
15:44:48.415 [ INFO] step=  1952  t=8.11577  ResidMax=9.024e-02  DilMax=6.357e-01  dt=4.156e-03
15:44:48.459 [ INFO] step=  1953  t=8.11993  ResidMax=9.018e-02  DilMax=6.357e-01  dt=4.156e-03
15:44:48.501 [ INFO] step=  1954  t=8.12408  ResidMax=9.013e-02  DilMax=6.357e-01  dt=4.156e-03
15:44:48.543 [ INFO] step=  1955  t=8.12824  ResidMax=9.008e-02  DilMax=6.357e-01  dt=4.156e-03
15:44:48.584 [ INFO] step=  1956  t=8.13239  ResidMax=9.002e-02  DilMax=6.358e-01  dt=4.156e-03
15:44:48.626 [ INFO] step=  1957  t=8.13655  ResidMax=8.996e-02  DilMax=6.358e-01  dt=4.156e-03
15:44:48.666 [ INFO] step=  1958  t=8.14071  ResidMax=8.990e-02  DilMax=6.358e-01  dt=4.156e-03
15:44:48.706 [ INFO] step=  1959  t=8.14486  ResidMax=8.984e-02  DilMax=6.358e-01  dt=4.156e-03
15:44:48.745 [ INFO] step=  1960  t=8.14902  ResidMax=8.979e-02  DilMax=6.358e-01  dt=4.156e-03
15:44:48.785 [ INFO] step=  1961  t=8.15317  ResidMax=8.974e-02  DilMax=6.359e-01  dt=4.156e-03
15:44:48.825 [ INFO] step=  1962  t=8.15733  ResidMax=8.968e-02  DilMax=6.359e-01  dt=4.156e-03
15:44:48.865 [ INFO] step=  1963  t=8.16149  ResidMax=8.964e-02  DilMax=6.359e-01  dt=4.156e-03
15:44:48.905 [ INFO] step=  1964  t=8.16564  ResidMax=8.959e-02  DilMax=6.359e-01  dt=4.156e-03
15:44:48.945 [ INFO] step=  1965  t=8.16980  ResidMax=8.955e-02  DilMax=6.359e-01  dt=4.156e-03
15:44:48.986 [ INFO] step=  1966  t=8.17395  ResidMax=8.951e-02  DilMax=6.359e-01  dt=4.156e-03
15:44:49.025 [ INFO] step=  1967  t=8.17811  ResidMax=8.948e-02  DilMax=6.360e-01  dt=4.156e-03
15:44:49.066 [ INFO] step=  1968  t=8.18226  ResidMax=8.943e-02  DilMax=6.360e-01  dt=4.156e-03
15:44:49.111 [ INFO] step=  1969  t=8.18642  ResidMax=8.939e-02  DilMax=6.360e-01  dt=4.156e-03
15:44:49.153 [ INFO] step=  1970  t=8.19058  ResidMax=8.936e-02  DilMax=6.360e-01  dt=4.156e-03
15:44:49.195 [ INFO] step=  1971  t=8.19473  ResidMax=8.932e-02  DilMax=6.360e-01  dt=4.156e-03
15:44:49.236 [ INFO] step=  1972  t=8.19889  ResidMax=8.928e-02  DilMax=6.361e-01  dt=4.156e-03
15:44:49.276 [ INFO] step=  1973  t=8.20304  ResidMax=8.925e-02  DilMax=6.361e-01  dt=4.156e-03
15:44:49.316 [ INFO] step=  1974  t=8.20720  ResidMax=8.922e-02  DilMax=6.361e-01  dt=4.156e-03
15:44:49.355 [ INFO] step=  1975  t=8.21136  ResidMax=8.920e-02  DilMax=6.361e-01  dt=4.156e-03
15:44:49.395 [ INFO] step=  1976  t=8.21551  ResidMax=8.918e-02  DilMax=6.361e-01  dt=4.156e-03
15:44:49.436 [ INFO] step=  1977  t=8.21967  ResidMax=8.916e-02  DilMax=6.362e-01  dt=4.156e-03
15:44:49.476 [ INFO] step=  1978  t=8.22382  ResidMax=8.913e-02  DilMax=6.362e-01  dt=4.156e-03
15:44:49.516 [ INFO] step=  1979  t=8.22798  ResidMax=8.910e-02  DilMax=6.362e-01  dt=4.156e-03
15:44:49.558 [ INFO] step=  1980  t=8.23214  ResidMax=8.907e-02  DilMax=6.362e-01  dt=4.156e-03
15:44:49.599 [ INFO] step=  1981  t=8.23629  ResidMax=8.903e-02  DilMax=6.362e-01  dt=4.156e-03
15:44:49.642 [ INFO] step=  1982  t=8.24045  ResidMax=8.899e-02  DilMax=6.362e-01  dt=4.156e-03
15:44:49.697 [ INFO] step=  1983  t=8.24460  ResidMax=8.894e-02  DilMax=6.363e-01  dt=4.156e-03
15:44:49.737 [ INFO] step=  1984  t=8.24876  ResidMax=8.889e-02  DilMax=6.363e-01  dt=4.156e-03
15:44:49.776 [ INFO] step=  1985  t=8.25292  ResidMax=8.884e-02  DilMax=6.363e-01  dt=4.156e-03
15:44:49.815 [ INFO] step=  1986  t=8.25707  ResidMax=8.878e-02  DilMax=6.363e-01  dt=4.156e-03
15:44:49.856 [ INFO] step=  1987  t=8.26123  ResidMax=8.872e-02  DilMax=6.363e-01  dt=4.156e-03
15:44:49.894 [ INFO] step=  1988  t=8.26538  ResidMax=8.866e-02  DilMax=6.364e-01  dt=4.156e-03
15:44:49.933 [ INFO] step=  1989  t=8.26954  ResidMax=8.859e-02  DilMax=6.364e-01  dt=4.156e-03
15:44:49.971 [ INFO] step=  1990  t=8.27369  ResidMax=8.852e-02  DilMax=6.364e-01  dt=4.156e-03
15:44:50.010 [ INFO] step=  1991  t=8.27785  ResidMax=8.844e-02  DilMax=6.364e-01  dt=4.156e-03
15:44:50.051 [ INFO] step=  1992  t=8.28201  ResidMax=8.837e-02  DilMax=6.364e-01  dt=4.156e-03
15:44:50.090 [ INFO] step=  1993  t=8.28616  ResidMax=8.828e-02  DilMax=6.365e-01  dt=4.156e-03
15:44:50.128 [ INFO] step=  1994  t=8.29032  ResidMax=8.821e-02  DilMax=6.365e-01  dt=4.156e-03
15:44:50.169 [ INFO] step=  1995  t=8.29447  ResidMax=8.814e-02  DilMax=6.365e-01  dt=4.156e-03
15:44:50.208 [ INFO] step=  1996  t=8.29863  ResidMax=8.808e-02  DilMax=6.365e-01  dt=4.156e-03
15:44:50.248 [ INFO] step=  1997  t=8.30279  ResidMax=8.801e-02  DilMax=6.365e-01  dt=4.156e-03
15:44:50.288 [ INFO] step=  1998  t=8.30694  ResidMax=8.793e-02  DilMax=6.366e-01  dt=4.156e-03
15:44:50.327 [ INFO] step=  1999  t=8.31110  ResidMax=8.785e-02  DilMax=6.366e-01  dt=4.156e-03
15:44:50.366 [ INFO] step=  2000  t=8.31525  ResidMax=8.777e-02  DilMax=6.366e-01  dt=4.156e-03
15:44:50.682 [ INFO] VTK snapshot written → results/backstep_validation/step_re100_t002000.vtk
15:44:52.683 [ INFO] step=  2001  t=8.31941  ResidMax=8.769e-02  DilMax=6.366e-01  dt=4.156e-03
15:44:52.721 [ INFO] step=  2002  t=8.32357  ResidMax=8.760e-02  DilMax=6.366e-01  dt=4.156e-03
15:44:52.761 [ INFO] step=  2003  t=8.32772  ResidMax=8.751e-02  DilMax=6.367e-01  dt=4.156e-03
15:44:52.799 [ INFO] step=  2004  t=8.33188  ResidMax=8.741e-02  DilMax=6.367e-01  dt=4.156e-03
15:44:52.837 [ INFO] step=  2005  t=8.33603  ResidMax=8.731e-02  DilMax=6.367e-01  dt=4.156e-03
15:44:52.875 [ INFO] step=  2006  t=8.34019  ResidMax=8.721e-02  DilMax=6.367e-01  dt=4.156e-03
15:44:52.915 [ INFO] step=  2007  t=8.34435  ResidMax=8.710e-02  DilMax=6.368e-01  dt=4.156e-03
15:44:52.954 [ INFO] step=  2008  t=8.34850  ResidMax=8.699e-02  DilMax=6.368e-01  dt=4.156e-03
15:44:52.993 [ INFO] step=  2009  t=8.35266  ResidMax=8.688e-02  DilMax=6.368e-01  dt=4.156e-03
15:44:53.032 [ INFO] step=  2010  t=8.35681  ResidMax=8.676e-02  DilMax=6.368e-01  dt=4.156e-03
15:44:53.071 [ INFO] step=  2011  t=8.36097  ResidMax=8.664e-02  DilMax=6.368e-01  dt=4.156e-03
15:44:53.108 [ INFO] step=  2012  t=8.36513  ResidMax=8.652e-02  DilMax=6.369e-01  dt=4.156e-03
15:44:53.147 [ INFO] step=  2013  t=8.36928  ResidMax=8.639e-02  DilMax=6.369e-01  dt=4.156e-03
15:44:53.186 [ INFO] step=  2014  t=8.37344  ResidMax=8.626e-02  DilMax=6.369e-01  dt=4.156e-03
15:44:53.225 [ INFO] step=  2015  t=8.37759  ResidMax=8.613e-02  DilMax=6.369e-01  dt=4.156e-03
15:44:53.263 [ INFO] step=  2016  t=8.38175  ResidMax=8.599e-02  DilMax=6.369e-01  dt=4.156e-03
15:44:53.300 [ INFO] step=  2017  t=8.38590  ResidMax=8.585e-02  DilMax=6.370e-01  dt=4.156e-03
15:44:53.337 [ INFO] step=  2018  t=8.39006  ResidMax=8.570e-02  DilMax=6.370e-01  dt=4.156e-03
15:44:53.375 [ INFO] step=  2019  t=8.39422  ResidMax=8.555e-02  DilMax=6.370e-01  dt=4.156e-03
15:44:53.414 [ INFO] step=  2020  t=8.39837  ResidMax=8.542e-02  DilMax=6.370e-01  dt=4.156e-03
15:44:53.453 [ INFO] step=  2021  t=8.40253  ResidMax=8.529e-02  DilMax=6.370e-01  dt=4.156e-03
15:44:53.491 [ INFO] step=  2022  t=8.40668  ResidMax=8.517e-02  DilMax=6.371e-01  dt=4.156e-03
15:44:53.531 [ INFO] step=  2023  t=8.41084  ResidMax=8.503e-02  DilMax=6.371e-01  dt=4.156e-03
15:44:53.570 [ INFO] step=  2024  t=8.41500  ResidMax=8.490e-02  DilMax=6.371e-01  dt=4.156e-03
15:44:53.608 [ INFO] step=  2025  t=8.41915  ResidMax=8.476e-02  DilMax=6.371e-01  dt=4.156e-03
15:44:53.647 [ INFO] step=  2026  t=8.42331  ResidMax=8.461e-02  DilMax=6.371e-01  dt=4.156e-03
15:44:53.685 [ INFO] step=  2027  t=8.42746  ResidMax=8.447e-02  DilMax=6.372e-01  dt=4.156e-03
15:44:53.729 [ INFO] step=  2028  t=8.43162  ResidMax=8.432e-02  DilMax=6.372e-01  dt=4.156e-03
15:44:53.767 [ INFO] step=  2029  t=8.43578  ResidMax=8.416e-02  DilMax=6.372e-01  dt=4.156e-03
15:44:53.803 [ INFO] step=  2030  t=8.43993  ResidMax=8.401e-02  DilMax=6.372e-01  dt=4.156e-03
15:44:53.841 [ INFO] step=  2031  t=8.44409  ResidMax=8.385e-02  DilMax=6.372e-01  dt=4.156e-03
15:44:53.879 [ INFO] step=  2032  t=8.44824  ResidMax=8.368e-02  DilMax=6.373e-01  dt=4.156e-03
15:44:53.918 [ INFO] step=  2033  t=8.45240  ResidMax=8.352e-02  DilMax=6.373e-01  dt=4.156e-03
15:44:53.958 [ INFO] step=  2034  t=8.45656  ResidMax=8.335e-02  DilMax=6.373e-01  dt=4.156e-03
15:44:53.997 [ INFO] step=  2035  t=8.46071  ResidMax=8.318e-02  DilMax=6.373e-01  dt=4.156e-03
15:44:54.036 [ INFO] step=  2036  t=8.46487  ResidMax=8.300e-02  DilMax=6.373e-01  dt=4.156e-03
15:44:54.076 [ INFO] step=  2037  t=8.46902  ResidMax=8.282e-02  DilMax=6.374e-01  dt=4.156e-03
15:44:54.115 [ INFO] step=  2038  t=8.47318  ResidMax=8.264e-02  DilMax=6.374e-01  dt=4.156e-03
15:44:54.152 [ INFO] step=  2039  t=8.47734  ResidMax=8.245e-02  DilMax=6.374e-01  dt=4.156e-03
15:44:54.192 [ INFO] step=  2040  t=8.48149  ResidMax=8.227e-02  DilMax=6.374e-01  dt=4.156e-03
15:44:54.232 [ INFO] step=  2041  t=8.48565  ResidMax=8.207e-02  DilMax=6.374e-01  dt=4.156e-03
15:44:54.269 [ INFO] step=  2042  t=8.48981  ResidMax=8.188e-02  DilMax=6.375e-01  dt=4.156e-03
15:44:54.307 [ INFO] step=  2043  t=8.49396  ResidMax=8.172e-02  DilMax=6.375e-01  dt=4.156e-03
15:44:54.347 [ INFO] step=  2044  t=8.49812  ResidMax=8.155e-02  DilMax=6.375e-01  dt=4.156e-03
15:44:54.385 [ INFO] step=  2045  t=8.50227  ResidMax=8.137e-02  DilMax=6.375e-01  dt=4.156e-03
15:44:54.423 [ INFO] step=  2046  t=8.50643  ResidMax=8.120e-02  DilMax=6.376e-01  dt=4.156e-03
15:44:54.463 [ INFO] step=  2047  t=8.51059  ResidMax=8.102e-02  DilMax=6.376e-01  dt=4.156e-03
15:44:54.500 [ INFO] step=  2048  t=8.51474  ResidMax=8.084e-02  DilMax=6.376e-01  dt=4.156e-03
15:44:54.536 [ INFO] step=  2049  t=8.51890  ResidMax=8.065e-02  DilMax=6.376e-01  dt=4.156e-03
15:44:54.578 [ INFO] step=  2050  t=8.52305  ResidMax=8.046e-02  DilMax=6.376e-01  dt=4.156e-03
15:44:54.617 [ INFO] step=  2051  t=8.52721  ResidMax=8.027e-02  DilMax=6.377e-01  dt=4.156e-03
15:44:54.657 [ INFO] step=  2052  t=8.53137  ResidMax=8.008e-02  DilMax=6.377e-01  dt=4.156e-03
15:44:54.696 [ INFO] step=  2053  t=8.53552  ResidMax=7.988e-02  DilMax=6.377e-01  dt=4.156e-03
15:44:54.763 [ INFO] step=  2054  t=8.53968  ResidMax=7.968e-02  DilMax=6.377e-01  dt=4.156e-03
15:44:54.800 [ INFO] step=  2055  t=8.54383  ResidMax=7.948e-02  DilMax=6.377e-01  dt=4.156e-03
15:44:54.838 [ INFO] step=  2056  t=8.54799  ResidMax=7.927e-02  DilMax=6.378e-01  dt=4.156e-03
15:44:54.875 [ INFO] step=  2057  t=8.55215  ResidMax=7.906e-02  DilMax=6.378e-01  dt=4.156e-03
15:44:54.911 [ INFO] step=  2058  t=8.55630  ResidMax=7.885e-02  DilMax=6.378e-01  dt=4.156e-03
15:44:54.949 [ INFO] step=  2059  t=8.56046  ResidMax=7.864e-02  DilMax=6.378e-01  dt=4.156e-03
15:44:54.988 [ INFO] step=  2060  t=8.56462  ResidMax=7.844e-02  DilMax=6.378e-01  dt=4.156e-03
15:44:55.025 [ INFO] step=  2061  t=8.56877  ResidMax=7.826e-02  DilMax=6.379e-01  dt=4.156e-03
15:44:55.064 [ INFO] step=  2062  t=8.57293  ResidMax=7.808e-02  DilMax=6.379e-01  dt=4.156e-03
15:44:55.102 [ INFO] step=  2063  t=8.57708  ResidMax=7.790e-02  DilMax=6.379e-01  dt=4.156e-03
15:44:55.139 [ INFO] step=  2064  t=8.58124  ResidMax=7.771e-02  DilMax=6.379e-01  dt=4.156e-03
15:44:55.179 [ INFO] step=  2065  t=8.58540  ResidMax=7.752e-02  DilMax=6.379e-01  dt=4.156e-03
15:44:55.216 [ INFO] step=  2066  t=8.58955  ResidMax=7.732e-02  DilMax=6.380e-01  dt=4.156e-03
15:44:55.255 [ INFO] step=  2067  t=8.59371  ResidMax=7.713e-02  DilMax=6.380e-01  dt=4.156e-03
15:44:55.294 [ INFO] step=  2068  t=8.59787  ResidMax=7.693e-02  DilMax=6.380e-01  dt=4.156e-03
15:44:55.332 [ INFO] step=  2069  t=8.60202  ResidMax=7.673e-02  DilMax=6.380e-01  dt=4.156e-03
15:44:55.370 [ INFO] step=  2070  t=8.60618  ResidMax=7.652e-02  DilMax=6.380e-01  dt=4.156e-03
15:44:55.408 [ INFO] step=  2071  t=8.61034  ResidMax=7.631e-02  DilMax=6.381e-01  dt=4.156e-03
15:44:55.447 [ INFO] step=  2072  t=8.61449  ResidMax=7.610e-02  DilMax=6.381e-01  dt=4.156e-03
15:44:55.486 [ INFO] step=  2073  t=8.61865  ResidMax=7.589e-02  DilMax=6.381e-01  dt=4.156e-03
15:44:55.523 [ INFO] step=  2074  t=8.62280  ResidMax=7.567e-02  DilMax=6.381e-01  dt=4.156e-03
15:44:55.561 [ INFO] step=  2075  t=8.62696  ResidMax=7.546e-02  DilMax=6.381e-01  dt=4.156e-03
15:44:55.598 [ INFO] step=  2076  t=8.63112  ResidMax=7.523e-02  DilMax=6.382e-01  dt=4.156e-03
15:44:55.636 [ INFO] step=  2077  t=8.63527  ResidMax=7.501e-02  DilMax=6.382e-01  dt=4.156e-03
15:44:55.675 [ INFO] step=  2078  t=8.63943  ResidMax=7.479e-02  DilMax=6.382e-01  dt=4.156e-03
15:44:55.713 [ INFO] step=  2079  t=8.64359  ResidMax=7.459e-02  DilMax=6.382e-01  dt=4.156e-03
15:44:55.750 [ INFO] step=  2080  t=8.64774  ResidMax=7.439e-02  DilMax=6.382e-01  dt=4.156e-03
15:44:55.791 [ INFO] step=  2081  t=8.65190  ResidMax=7.418e-02  DilMax=6.383e-01  dt=4.156e-03
15:44:55.830 [ INFO] step=  2082  t=8.65606  ResidMax=7.397e-02  DilMax=6.383e-01  dt=4.156e-03
15:44:55.867 [ INFO] step=  2083  t=8.66021  ResidMax=7.376e-02  DilMax=6.383e-01  dt=4.156e-03
15:44:55.905 [ INFO] step=  2084  t=8.66437  ResidMax=7.355e-02  DilMax=6.383e-01  dt=4.156e-03
15:44:55.942 [ INFO] step=  2085  t=8.66852  ResidMax=7.334e-02  DilMax=6.383e-01  dt=4.156e-03
15:44:55.980 [ INFO] step=  2086  t=8.67268  ResidMax=7.312e-02  DilMax=6.384e-01  dt=4.156e-03
15:44:56.017 [ INFO] step=  2087  t=8.67684  ResidMax=7.290e-02  DilMax=6.384e-01  dt=4.157e-03
15:44:56.054 [ INFO] step=  2088  t=8.68099  ResidMax=7.268e-02  DilMax=6.384e-01  dt=4.157e-03
15:44:56.092 [ INFO] step=  2089  t=8.68515  ResidMax=7.246e-02  DilMax=6.384e-01  dt=4.157e-03
15:44:56.129 [ INFO] step=  2090  t=8.68931  ResidMax=7.223e-02  DilMax=6.384e-01  dt=4.157e-03
15:44:56.166 [ INFO] step=  2091  t=8.69346  ResidMax=7.200e-02  DilMax=6.385e-01  dt=4.157e-03
15:44:56.203 [ INFO] step=  2092  t=8.69762  ResidMax=7.177e-02  DilMax=6.385e-01  dt=4.157e-03
15:44:56.240 [ INFO] step=  2093  t=8.70178  ResidMax=7.154e-02  DilMax=6.385e-01  dt=4.157e-03
15:44:56.278 [ INFO] step=  2094  t=8.70593  ResidMax=7.130e-02  DilMax=6.385e-01  dt=4.157e-03
15:44:56.318 [ INFO] step=  2095  t=8.71009  ResidMax=7.106e-02  DilMax=6.385e-01  dt=4.157e-03
15:44:56.357 [ INFO] step=  2096  t=8.71425  ResidMax=7.082e-02  DilMax=6.386e-01  dt=4.157e-03
15:44:56.395 [ INFO] step=  2097  t=8.71840  ResidMax=7.059e-02  DilMax=6.386e-01  dt=4.157e-03
15:44:56.432 [ INFO] step=  2098  t=8.72256  ResidMax=7.038e-02  DilMax=6.386e-01  dt=4.157e-03
15:44:56.470 [ INFO] step=  2099  t=8.72672  ResidMax=7.017e-02  DilMax=6.386e-01  dt=4.157e-03
15:44:56.508 [ INFO] step=  2100  t=8.73087  ResidMax=6.995e-02  DilMax=6.386e-01  dt=4.157e-03
15:44:56.545 [ INFO] step=  2101  t=8.73503  ResidMax=6.973e-02  DilMax=6.387e-01  dt=4.157e-03
15:44:56.582 [ INFO] step=  2102  t=8.73919  ResidMax=6.951e-02  DilMax=6.387e-01  dt=4.157e-03
15:44:56.618 [ INFO] step=  2103  t=8.74334  ResidMax=6.928e-02  DilMax=6.387e-01  dt=4.157e-03
15:44:56.655 [ INFO] step=  2104  t=8.74750  ResidMax=6.906e-02  DilMax=6.387e-01  dt=4.157e-03
15:44:56.692 [ INFO] step=  2105  t=8.75166  ResidMax=6.883e-02  DilMax=6.387e-01  dt=4.157e-03
15:44:56.729 [ INFO] step=  2106  t=8.75581  ResidMax=6.860e-02  DilMax=6.387e-01  dt=4.157e-03
15:44:56.766 [ INFO] step=  2107  t=8.75997  ResidMax=6.837e-02  DilMax=6.388e-01  dt=4.157e-03
15:44:56.803 [ INFO] step=  2108  t=8.76413  ResidMax=6.814e-02  DilMax=6.388e-01  dt=4.157e-03
15:44:56.841 [ INFO] step=  2109  t=8.76828  ResidMax=6.790e-02  DilMax=6.388e-01  dt=4.157e-03
15:44:56.878 [ INFO] step=  2110  t=8.77244  ResidMax=6.767e-02  DilMax=6.388e-01  dt=4.157e-03
15:44:56.915 [ INFO] step=  2111  t=8.77660  ResidMax=6.743e-02  DilMax=6.388e-01  dt=4.157e-03
15:44:56.952 [ INFO] step=  2112  t=8.78075  ResidMax=6.719e-02  DilMax=6.389e-01  dt=4.157e-03
15:44:56.990 [ INFO] step=  2113  t=8.78491  ResidMax=6.694e-02  DilMax=6.389e-01  dt=4.157e-03
15:44:57.026 [ INFO] step=  2114  t=8.78907  ResidMax=6.670e-02  DilMax=6.389e-01  dt=4.157e-03
15:44:57.063 [ INFO] step=  2115  t=8.79322  ResidMax=6.646e-02  DilMax=6.389e-01  dt=4.157e-03
15:44:57.100 [ INFO] step=  2116  t=8.79738  ResidMax=6.624e-02  DilMax=6.389e-01  dt=4.157e-03
15:44:57.137 [ INFO] step=  2117  t=8.80154  ResidMax=6.603e-02  DilMax=6.390e-01  dt=4.157e-03
15:44:57.174 [ INFO] step=  2118  t=8.80570  ResidMax=6.581e-02  DilMax=6.390e-01  dt=4.157e-03
15:44:57.211 [ INFO] step=  2119  t=8.80985  ResidMax=6.559e-02  DilMax=6.390e-01  dt=4.157e-03
15:44:57.249 [ INFO] step=  2120  t=8.81401  ResidMax=6.536e-02  DilMax=6.390e-01  dt=4.157e-03
15:44:57.285 [ INFO] step=  2121  t=8.81817  ResidMax=6.514e-02  DilMax=6.390e-01  dt=4.157e-03
15:44:57.322 [ INFO] step=  2122  t=8.82232  ResidMax=6.491e-02  DilMax=6.391e-01  dt=4.157e-03
15:44:57.363 [ INFO] step=  2123  t=8.82648  ResidMax=6.468e-02  DilMax=6.391e-01  dt=4.157e-03
15:44:57.400 [ INFO] step=  2124  t=8.83064  ResidMax=6.445e-02  DilMax=6.391e-01  dt=4.157e-03
15:44:57.437 [ INFO] step=  2125  t=8.83479  ResidMax=6.422e-02  DilMax=6.391e-01  dt=4.157e-03
15:44:57.475 [ INFO] step=  2126  t=8.83895  ResidMax=6.399e-02  DilMax=6.391e-01  dt=4.157e-03
15:44:57.513 [ INFO] step=  2127  t=8.84311  ResidMax=6.376e-02  DilMax=6.391e-01  dt=4.157e-03
15:44:57.553 [ INFO] step=  2128  t=8.84726  ResidMax=6.352e-02  DilMax=6.392e-01  dt=4.157e-03
15:44:57.592 [ INFO] step=  2129  t=8.85142  ResidMax=6.328e-02  DilMax=6.392e-01  dt=4.157e-03
15:44:57.632 [ INFO] step=  2130  t=8.85558  ResidMax=6.305e-02  DilMax=6.392e-01  dt=4.157e-03
15:44:57.670 [ INFO] step=  2131  t=8.85974  ResidMax=6.281e-02  DilMax=6.392e-01  dt=4.157e-03
15:44:57.708 [ INFO] step=  2132  t=8.86389  ResidMax=6.256e-02  DilMax=6.392e-01  dt=4.157e-03
15:44:57.746 [ INFO] step=  2133  t=8.86805  ResidMax=6.232e-02  DilMax=6.392e-01  dt=4.157e-03
15:44:57.785 [ INFO] step=  2134  t=8.87221  ResidMax=6.211e-02  DilMax=6.393e-01  dt=4.157e-03
15:44:57.824 [ INFO] step=  2135  t=8.87636  ResidMax=6.189e-02  DilMax=6.393e-01  dt=4.157e-03
15:44:57.864 [ INFO] step=  2136  t=8.88052  ResidMax=6.168e-02  DilMax=6.393e-01  dt=4.157e-03
15:44:57.904 [ INFO] step=  2137  t=8.88468  ResidMax=6.146e-02  DilMax=6.393e-01  dt=4.157e-03
15:44:57.944 [ INFO] step=  2138  t=8.88883  ResidMax=6.124e-02  DilMax=6.393e-01  dt=4.157e-03
15:44:57.983 [ INFO] step=  2139  t=8.89299  ResidMax=6.103e-02  DilMax=6.393e-01  dt=4.157e-03
15:44:58.020 [ INFO] step=  2140  t=8.89715  ResidMax=6.080e-02  DilMax=6.394e-01  dt=4.157e-03
15:44:58.058 [ INFO] step=  2141  t=8.90131  ResidMax=6.058e-02  DilMax=6.394e-01  dt=4.157e-03
15:44:58.096 [ INFO] step=  2142  t=8.90546  ResidMax=6.036e-02  DilMax=6.394e-01  dt=4.157e-03
15:44:58.135 [ INFO] step=  2143  t=8.90962  ResidMax=6.013e-02  DilMax=6.394e-01  dt=4.157e-03
15:44:58.175 [ INFO] step=  2144  t=8.91378  ResidMax=5.991e-02  DilMax=6.394e-01  dt=4.157e-03
15:44:58.214 [ INFO] step=  2145  t=8.91794  ResidMax=5.968e-02  DilMax=6.394e-01  dt=4.157e-03
15:44:58.253 [ INFO] step=  2146  t=8.92209  ResidMax=5.945e-02  DilMax=6.395e-01  dt=4.157e-03
15:44:58.291 [ INFO] step=  2147  t=8.92625  ResidMax=5.922e-02  DilMax=6.395e-01  dt=4.157e-03
15:44:58.329 [ INFO] step=  2148  t=8.93041  ResidMax=5.899e-02  DilMax=6.395e-01  dt=4.157e-03
15:44:58.368 [ INFO] step=  2149  t=8.93456  ResidMax=5.876e-02  DilMax=6.395e-01  dt=4.157e-03
15:44:58.407 [ INFO] step=  2150  t=8.93872  ResidMax=5.852e-02  DilMax=6.395e-01  dt=4.157e-03
15:44:58.445 [ INFO] step=  2151  t=8.94288  ResidMax=5.829e-02  DilMax=6.395e-01  dt=4.157e-03
15:44:58.484 [ INFO] step=  2152  t=8.94704  ResidMax=5.807e-02  DilMax=6.396e-01  dt=4.157e-03
15:44:58.523 [ INFO] step=  2153  t=8.95119  ResidMax=5.786e-02  DilMax=6.396e-01  dt=4.157e-03
15:44:58.563 [ INFO] step=  2154  t=8.95535  ResidMax=5.766e-02  DilMax=6.396e-01  dt=4.157e-03
15:44:58.602 [ INFO] step=  2155  t=8.95951  ResidMax=5.745e-02  DilMax=6.396e-01  dt=4.157e-03
15:44:58.640 [ INFO] step=  2156  t=8.96367  ResidMax=5.724e-02  DilMax=6.396e-01  dt=4.157e-03
15:44:58.678 [ INFO] step=  2157  t=8.96782  ResidMax=5.703e-02  DilMax=6.396e-01  dt=4.157e-03
15:44:58.715 [ INFO] step=  2158  t=8.97198  ResidMax=5.682e-02  DilMax=6.397e-01  dt=4.157e-03
15:44:58.805 [ INFO] step=  2159  t=8.97614  ResidMax=5.661e-02  DilMax=6.397e-01  dt=4.157e-03
15:44:58.842 [ INFO] step=  2160  t=8.98029  ResidMax=5.639e-02  DilMax=6.397e-01  dt=4.157e-03
15:44:58.878 [ INFO] step=  2161  t=8.98445  ResidMax=5.618e-02  DilMax=6.397e-01  dt=4.157e-03
15:44:58.916 [ INFO] step=  2162  t=8.98861  ResidMax=5.596e-02  DilMax=6.397e-01  dt=4.157e-03
15:44:58.952 [ INFO] step=  2163  t=8.99277  ResidMax=5.574e-02  DilMax=6.397e-01  dt=4.157e-03
15:44:58.989 [ INFO] step=  2164  t=8.99692  ResidMax=5.553e-02  DilMax=6.397e-01  dt=4.157e-03
15:44:59.026 [ INFO] step=  2165  t=9.00108  ResidMax=5.531e-02  DilMax=6.398e-01  dt=4.157e-03
15:44:59.063 [ INFO] step=  2166  t=9.00524  ResidMax=5.510e-02  DilMax=6.398e-01  dt=4.157e-03
15:44:59.100 [ INFO] step=  2167  t=9.00940  ResidMax=5.490e-02  DilMax=6.398e-01  dt=4.157e-03
15:44:59.137 [ INFO] step=  2168  t=9.01355  ResidMax=5.471e-02  DilMax=6.398e-01  dt=4.157e-03
15:44:59.176 [ INFO] step=  2169  t=9.01771  ResidMax=5.451e-02  DilMax=6.398e-01  dt=4.157e-03
15:44:59.215 [ INFO] step=  2170  t=9.02187  ResidMax=5.431e-02  DilMax=6.398e-01  dt=4.157e-03
15:44:59.255 [ INFO] step=  2171  t=9.02603  ResidMax=5.411e-02  DilMax=6.398e-01  dt=4.158e-03
15:44:59.293 [ INFO] step=  2172  t=9.03018  ResidMax=5.391e-02  DilMax=6.399e-01  dt=4.158e-03
15:44:59.329 [ INFO] step=  2173  t=9.03434  ResidMax=5.371e-02  DilMax=6.399e-01  dt=4.158e-03
15:44:59.367 [ INFO] step=  2174  t=9.03850  ResidMax=5.350e-02  DilMax=6.399e-01  dt=4.158e-03
15:44:59.404 [ INFO] step=  2175  t=9.04266  ResidMax=5.330e-02  DilMax=6.399e-01  dt=4.158e-03
15:44:59.442 [ INFO] step=  2176  t=9.04681  ResidMax=5.310e-02  DilMax=6.399e-01  dt=4.158e-03
15:44:59.479 [ INFO] step=  2177  t=9.05097  ResidMax=5.289e-02  DilMax=6.399e-01  dt=4.158e-03
15:44:59.516 [ INFO] step=  2178  t=9.05513  ResidMax=5.269e-02  DilMax=6.399e-01  dt=4.158e-03
15:44:59.553 [ INFO] step=  2179  t=9.05929  ResidMax=5.248e-02  DilMax=6.400e-01  dt=4.158e-03
15:44:59.591 [ INFO] step=  2180  t=9.06344  ResidMax=5.227e-02  DilMax=6.400e-01  dt=4.158e-03
15:44:59.630 [ INFO] step=  2181  t=9.06760  ResidMax=5.206e-02  DilMax=6.400e-01  dt=4.158e-03
15:44:59.669 [ INFO] step=  2182  t=9.07176  ResidMax=5.186e-02  DilMax=6.400e-01  dt=4.158e-03
15:44:59.707 [ INFO] step=  2183  t=9.07592  ResidMax=5.165e-02  DilMax=6.400e-01  dt=4.158e-03
15:44:59.745 [ INFO] step=  2184  t=9.08008  ResidMax=5.145e-02  DilMax=6.400e-01  dt=4.158e-03
15:44:59.782 [ INFO] step=  2185  t=9.08423  ResidMax=5.127e-02  DilMax=6.400e-01  dt=4.158e-03
15:44:59.821 [ INFO] step=  2186  t=9.08839  ResidMax=5.109e-02  DilMax=6.401e-01  dt=4.158e-03
15:44:59.859 [ INFO] step=  2187  t=9.09255  ResidMax=5.091e-02  DilMax=6.401e-01  dt=4.158e-03
15:44:59.896 [ INFO] step=  2188  t=9.09671  ResidMax=5.073e-02  DilMax=6.401e-01  dt=4.158e-03
15:44:59.933 [ INFO] step=  2189  t=9.10086  ResidMax=5.054e-02  DilMax=6.401e-01  dt=4.158e-03
15:44:59.972 [ INFO] step=  2190  t=9.10502  ResidMax=5.036e-02  DilMax=6.401e-01  dt=4.158e-03
15:45:00.012 [ INFO] step=  2191  t=9.10918  ResidMax=5.017e-02  DilMax=6.401e-01  dt=4.158e-03
15:45:00.050 [ INFO] step=  2192  t=9.11334  ResidMax=4.999e-02  DilMax=6.401e-01  dt=4.158e-03
15:45:00.090 [ INFO] step=  2193  t=9.11749  ResidMax=4.980e-02  DilMax=6.401e-01  dt=4.158e-03
15:45:00.132 [ INFO] step=  2194  t=9.12165  ResidMax=4.962e-02  DilMax=6.402e-01  dt=4.158e-03
15:45:00.179 [ INFO] step=  2195  t=9.12581  ResidMax=4.943e-02  DilMax=6.402e-01  dt=4.158e-03
15:45:00.221 [ INFO] step=  2196  t=9.12997  ResidMax=4.924e-02  DilMax=6.402e-01  dt=4.158e-03
15:45:00.262 [ INFO] step=  2197  t=9.13413  ResidMax=4.905e-02  DilMax=6.402e-01  dt=4.158e-03
15:45:00.302 [ INFO] step=  2198  t=9.13828  ResidMax=4.886e-02  DilMax=6.402e-01  dt=4.158e-03
15:45:00.344 [ INFO] step=  2199  t=9.14244  ResidMax=4.868e-02  DilMax=6.402e-01  dt=4.158e-03
15:45:00.386 [ INFO] step=  2200  t=9.14660  ResidMax=4.849e-02  DilMax=6.402e-01  dt=4.158e-03
15:45:00.426 [ INFO] step=  2201  t=9.15076  ResidMax=4.830e-02  DilMax=6.402e-01  dt=4.158e-03
15:45:00.467 [ INFO] step=  2202  t=9.15491  ResidMax=4.810e-02  DilMax=6.403e-01  dt=4.158e-03
15:45:00.508 [ INFO] step=  2203  t=9.15907  ResidMax=4.791e-02  DilMax=6.403e-01  dt=4.158e-03
15:45:00.549 [ INFO] step=  2204  t=9.16323  ResidMax=4.772e-02  DilMax=6.403e-01  dt=4.158e-03
15:45:00.590 [ INFO] step=  2205  t=9.16739  ResidMax=4.753e-02  DilMax=6.403e-01  dt=4.158e-03
15:45:00.632 [ INFO] step=  2206  t=9.17155  ResidMax=4.734e-02  DilMax=6.403e-01  dt=4.158e-03
15:45:00.673 [ INFO] step=  2207  t=9.17570  ResidMax=4.714e-02  DilMax=6.403e-01  dt=4.158e-03
15:45:00.713 [ INFO] step=  2208  t=9.17986  ResidMax=4.698e-02  DilMax=6.403e-01  dt=4.158e-03
15:45:00.753 [ INFO] step=  2209  t=9.18402  ResidMax=4.681e-02  DilMax=6.403e-01  dt=4.158e-03
15:45:00.794 [ INFO] step=  2210  t=9.18818  ResidMax=4.664e-02  DilMax=6.404e-01  dt=4.158e-03
15:45:00.834 [ INFO] step=  2211  t=9.19234  ResidMax=4.648e-02  DilMax=6.404e-01  dt=4.158e-03
15:45:00.874 [ INFO] step=  2212  t=9.19649  ResidMax=4.631e-02  DilMax=6.404e-01  dt=4.158e-03
15:45:00.913 [ INFO] step=  2213  t=9.20065  ResidMax=4.614e-02  DilMax=6.404e-01  dt=4.158e-03
15:45:00.953 [ INFO] step=  2214  t=9.20481  ResidMax=4.597e-02  DilMax=6.404e-01  dt=4.158e-03
15:45:00.994 [ INFO] step=  2215  t=9.20897  ResidMax=4.580e-02  DilMax=6.404e-01  dt=4.158e-03
15:45:01.033 [ INFO] step=  2216  t=9.21313  ResidMax=4.563e-02  DilMax=6.404e-01  dt=4.158e-03
15:45:01.072 [ INFO] step=  2217  t=9.21728  ResidMax=4.546e-02  DilMax=6.404e-01  dt=4.158e-03
15:45:01.111 [ INFO] step=  2218  t=9.22144  ResidMax=4.529e-02  DilMax=6.405e-01  dt=4.158e-03
15:45:01.150 [ INFO] step=  2219  t=9.22560  ResidMax=4.512e-02  DilMax=6.405e-01  dt=4.158e-03
15:45:01.190 [ INFO] step=  2220  t=9.22976  ResidMax=4.495e-02  DilMax=6.405e-01  dt=4.158e-03
15:45:01.229 [ INFO] step=  2221  t=9.23392  ResidMax=4.478e-02  DilMax=6.405e-01  dt=4.158e-03
15:45:01.270 [ INFO] step=  2222  t=9.23807  ResidMax=4.461e-02  DilMax=6.406e-01  dt=4.158e-03
15:45:01.311 [ INFO] step=  2223  t=9.24223  ResidMax=4.444e-02  DilMax=6.406e-01  dt=4.158e-03
15:45:01.350 [ INFO] step=  2224  t=9.24639  ResidMax=4.427e-02  DilMax=6.406e-01  dt=4.158e-03
15:45:01.389 [ INFO] step=  2225  t=9.25055  ResidMax=4.409e-02  DilMax=6.406e-01  dt=4.158e-03
15:45:01.428 [ INFO] step=  2226  t=9.25471  ResidMax=4.392e-02  DilMax=6.407e-01  dt=4.158e-03
15:45:01.467 [ INFO] step=  2227  t=9.25886  ResidMax=4.375e-02  DilMax=6.407e-01  dt=4.158e-03
15:45:01.504 [ INFO] step=  2228  t=9.26302  ResidMax=4.357e-02  DilMax=6.407e-01  dt=4.158e-03
15:45:01.542 [ INFO] step=  2229  t=9.26718  ResidMax=4.340e-02  DilMax=6.407e-01  dt=4.158e-03
15:45:01.580 [ INFO] step=  2230  t=9.27134  ResidMax=4.323e-02  DilMax=6.408e-01  dt=4.158e-03
15:45:01.619 [ INFO] step=  2231  t=9.27550  ResidMax=4.305e-02  DilMax=6.408e-01  dt=4.158e-03
15:45:01.672 [ INFO] step=  2232  t=9.27965  ResidMax=4.288e-02  DilMax=6.408e-01  dt=4.158e-03
15:45:01.712 [ INFO] step=  2233  t=9.28381  ResidMax=4.272e-02  DilMax=6.408e-01  dt=4.158e-03
15:45:01.756 [ INFO] step=  2234  t=9.28797  ResidMax=4.257e-02  DilMax=6.408e-01  dt=4.158e-03
15:45:01.797 [ INFO] step=  2235  t=9.29213  ResidMax=4.242e-02  DilMax=6.409e-01  dt=4.158e-03
15:45:01.839 [ INFO] step=  2236  t=9.29629  ResidMax=4.227e-02  DilMax=6.409e-01  dt=4.158e-03
15:45:01.881 [ INFO] step=  2237  t=9.30044  ResidMax=4.211e-02  DilMax=6.409e-01  dt=4.158e-03
15:45:01.921 [ INFO] step=  2238  t=9.30460  ResidMax=4.196e-02  DilMax=6.409e-01  dt=4.158e-03
15:45:01.962 [ INFO] step=  2239  t=9.30876  ResidMax=4.181e-02  DilMax=6.410e-01  dt=4.158e-03
15:45:02.002 [ INFO] step=  2240  t=9.31292  ResidMax=4.166e-02  DilMax=6.410e-01  dt=4.158e-03
15:45:02.043 [ INFO] step=  2241  t=9.31708  ResidMax=4.151e-02  DilMax=6.410e-01  dt=4.158e-03
15:45:02.083 [ INFO] step=  2242  t=9.32123  ResidMax=4.136e-02  DilMax=6.410e-01  dt=4.158e-03
15:45:02.124 [ INFO] step=  2243  t=9.32539  ResidMax=4.120e-02  DilMax=6.410e-01  dt=4.158e-03
15:45:02.163 [ INFO] step=  2244  t=9.32955  ResidMax=4.105e-02  DilMax=6.411e-01  dt=4.158e-03
15:45:02.202 [ INFO] step=  2245  t=9.33371  ResidMax=4.090e-02  DilMax=6.411e-01  dt=4.158e-03
15:45:02.241 [ INFO] step=  2246  t=9.33787  ResidMax=4.074e-02  DilMax=6.411e-01  dt=4.158e-03
15:45:02.280 [ INFO] step=  2247  t=9.34202  ResidMax=4.059e-02  DilMax=6.411e-01  dt=4.158e-03
15:45:02.318 [ INFO] step=  2248  t=9.34618  ResidMax=4.044e-02  DilMax=6.412e-01  dt=4.158e-03
15:45:02.356 [ INFO] step=  2249  t=9.35034  ResidMax=4.028e-02  DilMax=6.412e-01  dt=4.158e-03
15:45:02.396 [ INFO] step=  2250  t=9.35450  ResidMax=4.013e-02  DilMax=6.412e-01  dt=4.158e-03
15:45:02.442 [ INFO] step=  2251  t=9.35866  ResidMax=3.997e-02  DilMax=6.412e-01  dt=4.158e-03
15:45:02.486 [ INFO] step=  2252  t=9.36282  ResidMax=3.982e-02  DilMax=6.412e-01  dt=4.158e-03
15:45:02.526 [ INFO] step=  2253  t=9.36697  ResidMax=3.966e-02  DilMax=6.413e-01  dt=4.158e-03
15:45:02.567 [ INFO] step=  2254  t=9.37113  ResidMax=3.951e-02  DilMax=6.413e-01  dt=4.158e-03
15:45:02.608 [ INFO] step=  2255  t=9.37529  ResidMax=3.935e-02  DilMax=6.413e-01  dt=4.158e-03
15:45:02.652 [ INFO] step=  2256  t=9.37945  ResidMax=3.920e-02  DilMax=6.413e-01  dt=4.158e-03
15:45:02.694 [ INFO] step=  2257  t=9.38361  ResidMax=3.904e-02  DilMax=6.414e-01  dt=4.158e-03
15:45:02.737 [ INFO] step=  2258  t=9.38776  ResidMax=3.889e-02  DilMax=6.414e-01  dt=4.158e-03
15:45:02.802 [ INFO] step=  2259  t=9.39192  ResidMax=3.873e-02  DilMax=6.414e-01  dt=4.158e-03
15:45:02.845 [ INFO] step=  2260  t=9.39608  ResidMax=3.858e-02  DilMax=6.414e-01  dt=4.158e-03
15:45:02.888 [ INFO] step=  2261  t=9.40024  ResidMax=3.844e-02  DilMax=6.414e-01  dt=4.158e-03
15:45:02.928 [ INFO] step=  2262  t=9.40440  ResidMax=3.831e-02  DilMax=6.415e-01  dt=4.158e-03
15:45:02.969 [ INFO] step=  2263  t=9.40855  ResidMax=3.817e-02  DilMax=6.415e-01  dt=4.158e-03
15:45:03.011 [ INFO] step=  2264  t=9.41271  ResidMax=3.804e-02  DilMax=6.415e-01  dt=4.158e-03
15:45:03.051 [ INFO] step=  2265  t=9.41687  ResidMax=3.790e-02  DilMax=6.415e-01  dt=4.158e-03
15:45:03.095 [ INFO] step=  2266  t=9.42103  ResidMax=3.777e-02  DilMax=6.415e-01  dt=4.158e-03
15:45:03.137 [ INFO] step=  2267  t=9.42519  ResidMax=3.763e-02  DilMax=6.416e-01  dt=4.158e-03
15:45:03.179 [ INFO] step=  2268  t=9.42935  ResidMax=3.750e-02  DilMax=6.416e-01  dt=4.158e-03
15:45:03.220 [ INFO] step=  2269  t=9.43350  ResidMax=3.736e-02  DilMax=6.416e-01  dt=4.158e-03
15:45:03.262 [ INFO] step=  2270  t=9.43766  ResidMax=3.723e-02  DilMax=6.416e-01  dt=4.158e-03
15:45:03.304 [ INFO] step=  2271  t=9.44182  ResidMax=3.709e-02  DilMax=6.416e-01  dt=4.158e-03
15:45:03.344 [ INFO] step=  2272  t=9.44598  ResidMax=3.695e-02  DilMax=6.417e-01  dt=4.158e-03
15:45:03.384 [ INFO] step=  2273  t=9.45014  ResidMax=3.682e-02  DilMax=6.417e-01  dt=4.158e-03
15:45:03.424 [ INFO] step=  2274  t=9.45429  ResidMax=3.668e-02  DilMax=6.417e-01  dt=4.158e-03
15:45:03.465 [ INFO] step=  2275  t=9.45845  ResidMax=3.654e-02  DilMax=6.417e-01  dt=4.158e-03
15:45:03.506 [ INFO] step=  2276  t=9.46261  ResidMax=3.640e-02  DilMax=6.418e-01  dt=4.158e-03
15:45:03.546 [ INFO] step=  2277  t=9.46677  ResidMax=3.627e-02  DilMax=6.418e-01  dt=4.158e-03
15:45:03.585 [ INFO] step=  2278  t=9.47093  ResidMax=3.613e-02  DilMax=6.418e-01  dt=4.158e-03
15:45:03.625 [ INFO] step=  2279  t=9.47509  ResidMax=3.599e-02  DilMax=6.418e-01  dt=4.158e-03
15:45:03.664 [ INFO] step=  2280  t=9.47924  ResidMax=3.585e-02  DilMax=6.418e-01  dt=4.158e-03
15:45:03.704 [ INFO] step=  2281  t=9.48340  ResidMax=3.571e-02  DilMax=6.419e-01  dt=4.158e-03
15:45:03.744 [ INFO] step=  2282  t=9.48756  ResidMax=3.557e-02  DilMax=6.419e-01  dt=4.158e-03
15:45:03.784 [ INFO] step=  2283  t=9.49172  ResidMax=3.544e-02  DilMax=6.419e-01  dt=4.158e-03
15:45:03.824 [ INFO] step=  2284  t=9.49588  ResidMax=3.530e-02  DilMax=6.419e-01  dt=4.158e-03
15:45:03.865 [ INFO] step=  2285  t=9.50003  ResidMax=3.516e-02  DilMax=6.419e-01  dt=4.158e-03
15:45:03.906 [ INFO] step=  2286  t=9.50419  ResidMax=3.502e-02  DilMax=6.420e-01  dt=4.158e-03
15:45:03.944 [ INFO] step=  2287  t=9.50835  ResidMax=3.488e-02  DilMax=6.420e-01  dt=4.158e-03
15:45:03.985 [ INFO] step=  2288  t=9.51251  ResidMax=3.474e-02  DilMax=6.420e-01  dt=4.158e-03
15:45:04.024 [ INFO] step=  2289  t=9.51667  ResidMax=3.460e-02  DilMax=6.420e-01  dt=4.158e-03
15:45:04.063 [ INFO] step=  2290  t=9.52083  ResidMax=3.447e-02  DilMax=6.420e-01  dt=4.158e-03
15:45:04.101 [ INFO] step=  2291  t=9.52498  ResidMax=3.435e-02  DilMax=6.421e-01  dt=4.158e-03
15:45:04.138 [ INFO] step=  2292  t=9.52914  ResidMax=3.423e-02  DilMax=6.421e-01  dt=4.158e-03
15:45:04.175 [ INFO] step=  2293  t=9.53330  ResidMax=3.411e-02  DilMax=6.421e-01  dt=4.158e-03
15:45:04.213 [ INFO] step=  2294  t=9.53746  ResidMax=3.399e-02  DilMax=6.421e-01  dt=4.158e-03
15:45:04.250 [ INFO] step=  2295  t=9.54162  ResidMax=3.387e-02  DilMax=6.421e-01  dt=4.158e-03
15:45:04.288 [ INFO] step=  2296  t=9.54578  ResidMax=3.375e-02  DilMax=6.422e-01  dt=4.158e-03
15:45:04.326 [ INFO] step=  2297  t=9.54993  ResidMax=3.363e-02  DilMax=6.422e-01  dt=4.158e-03
15:45:04.367 [ INFO] step=  2298  t=9.55409  ResidMax=3.350e-02  DilMax=6.422e-01  dt=4.158e-03
15:45:04.427 [ INFO] step=  2299  t=9.55825  ResidMax=3.338e-02  DilMax=6.422e-01  dt=4.158e-03
15:45:04.475 [ INFO] step=  2300  t=9.56241  ResidMax=3.326e-02  DilMax=6.422e-01  dt=4.158e-03
15:45:04.517 [ INFO] step=  2301  t=9.56657  ResidMax=3.314e-02  DilMax=6.423e-01  dt=4.158e-03
15:45:04.559 [ INFO] step=  2302  t=9.57073  ResidMax=3.302e-02  DilMax=6.423e-01  dt=4.158e-03
15:45:04.601 [ INFO] step=  2303  t=9.57488  ResidMax=3.289e-02  DilMax=6.423e-01  dt=4.158e-03
15:45:04.647 [ INFO] step=  2304  t=9.57904  ResidMax=3.277e-02  DilMax=6.423e-01  dt=4.158e-03
15:45:04.687 [ INFO] step=  2305  t=9.58320  ResidMax=3.265e-02  DilMax=6.423e-01  dt=4.158e-03
15:45:04.737 [ INFO] step=  2306  t=9.58736  ResidMax=3.253e-02  DilMax=6.424e-01  dt=4.158e-03
15:45:04.778 [ INFO] step=  2307  t=9.59152  ResidMax=3.240e-02  DilMax=6.424e-01  dt=4.158e-03
15:45:04.820 [ INFO] step=  2308  t=9.59567  ResidMax=3.228e-02  DilMax=6.424e-01  dt=4.158e-03
15:45:04.860 [ INFO] step=  2309  t=9.59983  ResidMax=3.216e-02  DilMax=6.424e-01  dt=4.158e-03
15:45:04.900 [ INFO] step=  2310  t=9.60399  ResidMax=3.203e-02  DilMax=6.425e-01  dt=4.158e-03
15:45:04.942 [ INFO] step=  2311  t=9.60815  ResidMax=3.191e-02  DilMax=6.425e-01  dt=4.158e-03
15:45:04.986 [ INFO] step=  2312  t=9.61231  ResidMax=3.179e-02  DilMax=6.425e-01  dt=4.158e-03
15:45:05.027 [ INFO] step=  2313  t=9.61647  ResidMax=3.166e-02  DilMax=6.425e-01  dt=4.158e-03
15:45:05.070 [ INFO] step=  2314  t=9.62062  ResidMax=3.154e-02  DilMax=6.425e-01  dt=4.158e-03
15:45:05.112 [ INFO] step=  2315  t=9.62478  ResidMax=3.142e-02  DilMax=6.426e-01  dt=4.158e-03
15:45:05.152 [ INFO] step=  2316  t=9.62894  ResidMax=3.129e-02  DilMax=6.426e-01  dt=4.158e-03
15:45:05.193 [ INFO] step=  2317  t=9.63310  ResidMax=3.117e-02  DilMax=6.426e-01  dt=4.158e-03
15:45:05.237 [ INFO] step=  2318  t=9.63726  ResidMax=3.105e-02  DilMax=6.426e-01  dt=4.158e-03
15:45:05.281 [ INFO] step=  2319  t=9.64142  ResidMax=3.092e-02  DilMax=6.426e-01  dt=4.158e-03
15:45:05.321 [ INFO] step=  2320  t=9.64557  ResidMax=3.080e-02  DilMax=6.427e-01  dt=4.158e-03
15:45:05.360 [ INFO] step=  2321  t=9.64973  ResidMax=3.067e-02  DilMax=6.427e-01  dt=4.158e-03
15:45:05.401 [ INFO] step=  2322  t=9.65389  ResidMax=3.056e-02  DilMax=6.427e-01  dt=4.158e-03
15:45:05.442 [ INFO] step=  2323  t=9.65805  ResidMax=3.045e-02  DilMax=6.427e-01  dt=4.158e-03
15:45:05.483 [ INFO] step=  2324  t=9.66221  ResidMax=3.034e-02  DilMax=6.427e-01  dt=4.158e-03
15:45:05.527 [ INFO] step=  2325  t=9.66637  ResidMax=3.024e-02  DilMax=6.428e-01  dt=4.158e-03
15:45:05.571 [ INFO] step=  2326  t=9.67052  ResidMax=3.013e-02  DilMax=6.428e-01  dt=4.158e-03
15:45:05.612 [ INFO] step=  2327  t=9.67468  ResidMax=3.002e-02  DilMax=6.428e-01  dt=4.158e-03
15:45:05.653 [ INFO] step=  2328  t=9.67884  ResidMax=2.991e-02  DilMax=6.428e-01  dt=4.158e-03
15:45:05.693 [ INFO] step=  2329  t=9.68300  ResidMax=2.981e-02  DilMax=6.428e-01  dt=4.158e-03
15:45:05.733 [ INFO] step=  2330  t=9.68716  ResidMax=2.970e-02  DilMax=6.429e-01  dt=4.158e-03
15:45:05.780 [ INFO] step=  2331  t=9.69132  ResidMax=2.959e-02  DilMax=6.429e-01  dt=4.158e-03
15:45:05.823 [ INFO] step=  2332  t=9.69547  ResidMax=2.948e-02  DilMax=6.429e-01  dt=4.158e-03
15:45:05.868 [ INFO] step=  2333  t=9.69963  ResidMax=2.937e-02  DilMax=6.429e-01  dt=4.158e-03
15:45:05.910 [ INFO] step=  2334  t=9.70379  ResidMax=2.927e-02  DilMax=6.429e-01  dt=4.158e-03
15:45:05.950 [ INFO] step=  2335  t=9.70795  ResidMax=2.916e-02  DilMax=6.430e-01  dt=4.158e-03
15:45:05.989 [ INFO] step=  2336  t=9.71211  ResidMax=2.905e-02  DilMax=6.430e-01  dt=4.158e-03
15:45:06.029 [ INFO] step=  2337  t=9.71627  ResidMax=2.894e-02  DilMax=6.430e-01  dt=4.158e-03
15:45:06.070 [ INFO] step=  2338  t=9.72042  ResidMax=2.883e-02  DilMax=6.430e-01  dt=4.158e-03
15:45:06.112 [ INFO] step=  2339  t=9.72458  ResidMax=2.872e-02  DilMax=6.430e-01  dt=4.158e-03
15:45:06.155 [ INFO] step=  2340  t=9.72874  ResidMax=2.862e-02  DilMax=6.431e-01  dt=4.158e-03
15:45:06.195 [ INFO] step=  2341  t=9.73290  ResidMax=2.851e-02  DilMax=6.431e-01  dt=4.158e-03
15:45:06.232 [ INFO] step=  2342  t=9.73706  ResidMax=2.840e-02  DilMax=6.431e-01  dt=4.158e-03
15:45:06.270 [ INFO] step=  2343  t=9.74122  ResidMax=2.829e-02  DilMax=6.431e-01  dt=4.158e-03
15:45:06.307 [ INFO] step=  2344  t=9.74537  ResidMax=2.818e-02  DilMax=6.431e-01  dt=4.158e-03
15:45:06.350 [ INFO] step=  2345  t=9.74953  ResidMax=2.807e-02  DilMax=6.432e-01  dt=4.158e-03
15:45:06.393 [ INFO] step=  2346  t=9.75369  ResidMax=2.796e-02  DilMax=6.432e-01  dt=4.158e-03
15:45:06.436 [ INFO] step=  2347  t=9.75785  ResidMax=2.786e-02  DilMax=6.432e-01  dt=4.158e-03
15:45:06.477 [ INFO] step=  2348  t=9.76201  ResidMax=2.775e-02  DilMax=6.432e-01  dt=4.158e-03
15:45:06.515 [ INFO] step=  2349  t=9.76617  ResidMax=2.764e-02  DilMax=6.432e-01  dt=4.158e-03
15:45:06.552 [ INFO] step=  2350  t=9.77032  ResidMax=2.753e-02  DilMax=6.433e-01  dt=4.158e-03
15:45:06.590 [ INFO] step=  2351  t=9.77448  ResidMax=2.742e-02  DilMax=6.433e-01  dt=4.158e-03
15:45:06.627 [ INFO] step=  2352  t=9.77864  ResidMax=2.731e-02  DilMax=6.433e-01  dt=4.158e-03
15:45:06.669 [ INFO] step=  2353  t=9.78280  ResidMax=2.720e-02  DilMax=6.433e-01  dt=4.158e-03
15:45:06.712 [ INFO] step=  2354  t=9.78696  ResidMax=2.709e-02  DilMax=6.433e-01  dt=4.158e-03
15:45:06.754 [ INFO] step=  2355  t=9.79112  ResidMax=2.698e-02  DilMax=6.434e-01  dt=4.158e-03
15:45:06.794 [ INFO] step=  2356  t=9.79527  ResidMax=2.687e-02  DilMax=6.434e-01  dt=4.158e-03
15:45:06.833 [ INFO] step=  2357  t=9.79943  ResidMax=2.678e-02  DilMax=6.434e-01  dt=4.158e-03
15:45:06.872 [ INFO] step=  2358  t=9.80359  ResidMax=2.668e-02  DilMax=6.434e-01  dt=4.158e-03
15:45:06.912 [ INFO] step=  2359  t=9.80775  ResidMax=2.659e-02  DilMax=6.434e-01  dt=4.158e-03
15:45:06.956 [ INFO] step=  2360  t=9.81191  ResidMax=2.649e-02  DilMax=6.435e-01  dt=4.158e-03
15:45:07.000 [ INFO] step=  2361  t=9.81607  ResidMax=2.640e-02  DilMax=6.435e-01  dt=4.158e-03
15:45:07.040 [ INFO] step=  2362  t=9.82022  ResidMax=2.630e-02  DilMax=6.435e-01  dt=4.158e-03
15:45:07.081 [ INFO] step=  2363  t=9.82438  ResidMax=2.621e-02  DilMax=6.435e-01  dt=4.158e-03
15:45:07.119 [ INFO] step=  2364  t=9.82854  ResidMax=2.617e-02  DilMax=6.435e-01  dt=4.158e-03
15:45:07.158 [ INFO] step=  2365  t=9.83270  ResidMax=2.613e-02  DilMax=6.436e-01  dt=4.158e-03
15:45:07.198 [ INFO] step=  2366  t=9.83686  ResidMax=2.610e-02  DilMax=6.436e-01  dt=4.158e-03
15:45:07.240 [ INFO] step=  2367  t=9.84102  ResidMax=2.606e-02  DilMax=6.436e-01  dt=4.158e-03
15:45:07.284 [ INFO] step=  2368  t=9.84518  ResidMax=2.603e-02  DilMax=6.436e-01  dt=4.158e-03
15:45:07.327 [ INFO] step=  2369  t=9.84933  ResidMax=2.599e-02  DilMax=6.436e-01  dt=4.158e-03
15:45:07.366 [ INFO] step=  2370  t=9.85349  ResidMax=2.596e-02  DilMax=6.437e-01  dt=4.158e-03
15:45:07.404 [ INFO] step=  2371  t=9.85765  ResidMax=2.592e-02  DilMax=6.437e-01  dt=4.158e-03
15:45:07.443 [ INFO] step=  2372  t=9.86181  ResidMax=2.589e-02  DilMax=6.437e-01  dt=4.158e-03
15:45:07.482 [ INFO] step=  2373  t=9.86597  ResidMax=2.585e-02  DilMax=6.437e-01  dt=4.158e-03
15:45:07.522 [ INFO] step=  2374  t=9.87013  ResidMax=2.582e-02  DilMax=6.437e-01  dt=4.158e-03
15:45:07.562 [ INFO] step=  2375  t=9.87428  ResidMax=2.579e-02  DilMax=6.438e-01  dt=4.158e-03
15:45:07.601 [ INFO] step=  2376  t=9.87844  ResidMax=2.575e-02  DilMax=6.438e-01  dt=4.158e-03
15:45:07.641 [ INFO] step=  2377  t=9.88260  ResidMax=2.572e-02  DilMax=6.438e-01  dt=4.158e-03
15:45:07.679 [ INFO] step=  2378  t=9.88676  ResidMax=2.568e-02  DilMax=6.438e-01  dt=4.158e-03
15:45:07.717 [ INFO] step=  2379  t=9.89092  ResidMax=2.565e-02  DilMax=6.438e-01  dt=4.158e-03
15:45:07.758 [ INFO] step=  2380  t=9.89508  ResidMax=2.561e-02  DilMax=6.438e-01  dt=4.158e-03
15:45:07.797 [ INFO] step=  2381  t=9.89923  ResidMax=2.558e-02  DilMax=6.439e-01  dt=4.158e-03
15:45:07.840 [ INFO] step=  2382  t=9.90339  ResidMax=2.555e-02  DilMax=6.439e-01  dt=4.158e-03
15:45:07.879 [ INFO] step=  2383  t=9.90755  ResidMax=2.551e-02  DilMax=6.439e-01  dt=4.158e-03
15:45:07.918 [ INFO] step=  2384  t=9.91171  ResidMax=2.548e-02  DilMax=6.439e-01  dt=4.158e-03
15:45:07.956 [ INFO] step=  2385  t=9.91587  ResidMax=2.545e-02  DilMax=6.439e-01  dt=4.158e-03
15:45:07.996 [ INFO] step=  2386  t=9.92003  ResidMax=2.541e-02  DilMax=6.440e-01  dt=4.158e-03
15:45:08.034 [ INFO] step=  2387  t=9.92419  ResidMax=2.538e-02  DilMax=6.440e-01  dt=4.158e-03
15:45:08.071 [ INFO] step=  2388  t=9.92834  ResidMax=2.534e-02  DilMax=6.440e-01  dt=4.158e-03
15:45:08.111 [ INFO] step=  2389  t=9.93250  ResidMax=2.531e-02  DilMax=6.440e-01  dt=4.158e-03
15:45:08.150 [ INFO] step=  2390  t=9.93666  ResidMax=2.528e-02  DilMax=6.440e-01  dt=4.158e-03
15:45:08.189 [ INFO] step=  2391  t=9.94082  ResidMax=2.524e-02  DilMax=6.441e-01  dt=4.158e-03
15:45:08.228 [ INFO] step=  2392  t=9.94498  ResidMax=2.521e-02  DilMax=6.441e-01  dt=4.158e-03
15:45:08.267 [ INFO] step=  2393  t=9.94914  ResidMax=2.518e-02  DilMax=6.441e-01  dt=4.158e-03
15:45:08.304 [ INFO] step=  2394  t=9.95329  ResidMax=2.515e-02  DilMax=6.441e-01  dt=4.158e-03
15:45:08.343 [ INFO] step=  2395  t=9.95745  ResidMax=2.511e-02  DilMax=6.441e-01  dt=4.158e-03
15:45:08.384 [ INFO] step=  2396  t=9.96161  ResidMax=2.508e-02  DilMax=6.442e-01  dt=4.158e-03
15:45:08.423 [ INFO] step=  2397  t=9.96577  ResidMax=2.505e-02  DilMax=6.442e-01  dt=4.158e-03
15:45:08.463 [ INFO] step=  2398  t=9.96993  ResidMax=2.501e-02  DilMax=6.442e-01  dt=4.158e-03
15:45:08.500 [ INFO] step=  2399  t=9.97409  ResidMax=2.498e-02  DilMax=6.442e-01  dt=4.158e-03
15:45:08.537 [ INFO] step=  2400  t=9.97825  ResidMax=2.495e-02  DilMax=6.442e-01  dt=4.158e-03
15:45:08.574 [ INFO] step=  2401  t=9.98240  ResidMax=2.491e-02  DilMax=6.442e-01  dt=4.158e-03
15:45:08.611 [ INFO] step=  2402  t=9.98656  ResidMax=2.488e-02  DilMax=6.443e-01  dt=4.158e-03
15:45:08.649 [ INFO] step=  2403  t=9.99072  ResidMax=2.485e-02  DilMax=6.443e-01  dt=4.158e-03
15:45:08.686 [ INFO] step=  2404  t=9.99488  ResidMax=2.482e-02  DilMax=6.443e-01  dt=4.158e-03
15:45:08.724 [ INFO] step=  2405  t=9.99904  ResidMax=2.479e-02  DilMax=6.443e-01  dt=4.158e-03
15:45:08.762 [ INFO] step=  2406  t=10.00320  ResidMax=2.475e-02  DilMax=6.443e-01  dt=4.158e-03
15:45:08.800 [ INFO] step=  2407  t=10.00735  ResidMax=2.472e-02  DilMax=6.444e-01  dt=4.158e-03
15:45:08.839 [ INFO] step=  2408  t=10.01151  ResidMax=2.469e-02  DilMax=6.444e-01  dt=4.158e-03
15:45:08.877 [ INFO] step=  2409  t=10.01567  ResidMax=2.466e-02  DilMax=6.444e-01  dt=4.158e-03
15:45:08.916 [ INFO] step=  2410  t=10.01983  ResidMax=2.462e-02  DilMax=6.444e-01  dt=4.158e-03
15:45:08.954 [ INFO] step=  2411  t=10.02399  ResidMax=2.459e-02  DilMax=6.444e-01  dt=4.158e-03
15:45:08.996 [ INFO] step=  2412  t=10.02815  ResidMax=2.456e-02  DilMax=6.445e-01  dt=4.158e-03
15:45:09.035 [ INFO] step=  2413  t=10.03231  ResidMax=2.453e-02  DilMax=6.445e-01  dt=4.158e-03
15:45:09.074 [ INFO] step=  2414  t=10.03646  ResidMax=2.450e-02  DilMax=6.445e-01  dt=4.158e-03
15:45:09.114 [ INFO] step=  2415  t=10.04062  ResidMax=2.447e-02  DilMax=6.445e-01  dt=4.158e-03
15:45:09.153 [ INFO] step=  2416  t=10.04478  ResidMax=2.443e-02  DilMax=6.445e-01  dt=4.158e-03
15:45:09.192 [ INFO] step=  2417  t=10.04894  ResidMax=2.440e-02  DilMax=6.446e-01  dt=4.158e-03
15:45:09.231 [ INFO] step=  2418  t=10.05310  ResidMax=2.437e-02  DilMax=6.446e-01  dt=4.158e-03
15:45:09.270 [ INFO] step=  2419  t=10.05726  ResidMax=2.434e-02  DilMax=6.446e-01  dt=4.158e-03
15:45:09.309 [ INFO] step=  2420  t=10.06141  ResidMax=2.431e-02  DilMax=6.446e-01  dt=4.158e-03
15:45:09.347 [ INFO] step=  2421  t=10.06557  ResidMax=2.427e-02  DilMax=6.446e-01  dt=4.158e-03
15:45:09.395 [ INFO] step=  2422  t=10.06973  ResidMax=2.424e-02  DilMax=6.446e-01  dt=4.158e-03
15:45:09.433 [ INFO] step=  2423  t=10.07389  ResidMax=2.421e-02  DilMax=6.447e-01  dt=4.158e-03
15:45:09.470 [ INFO] step=  2424  t=10.07805  ResidMax=2.418e-02  DilMax=6.447e-01  dt=4.158e-03
15:45:09.507 [ INFO] step=  2425  t=10.08221  ResidMax=2.415e-02  DilMax=6.447e-01  dt=4.159e-03
15:45:09.544 [ INFO] step=  2426  t=10.08637  ResidMax=2.412e-02  DilMax=6.447e-01  dt=4.159e-03
15:45:09.581 [ INFO] step=  2427  t=10.09052  ResidMax=2.409e-02  DilMax=6.447e-01  dt=4.159e-03
15:45:09.618 [ INFO] step=  2428  t=10.09468  ResidMax=2.406e-02  DilMax=6.448e-01  dt=4.159e-03
15:45:09.656 [ INFO] step=  2429  t=10.09884  ResidMax=2.403e-02  DilMax=6.448e-01  dt=4.159e-03
15:45:09.693 [ INFO] step=  2430  t=10.10300  ResidMax=2.399e-02  DilMax=6.448e-01  dt=4.159e-03
15:45:09.733 [ INFO] step=  2431  t=10.10716  ResidMax=2.396e-02  DilMax=6.448e-01  dt=4.159e-03
15:45:09.787 [ INFO] step=  2432  t=10.11132  ResidMax=2.393e-02  DilMax=6.448e-01  dt=4.159e-03
15:45:09.832 [ INFO] step=  2433  t=10.11548  ResidMax=2.390e-02  DilMax=6.449e-01  dt=4.159e-03
15:45:09.870 [ INFO] step=  2434  t=10.11963  ResidMax=2.387e-02  DilMax=6.449e-01  dt=4.159e-03
15:45:09.910 [ INFO] step=  2435  t=10.12379  ResidMax=2.384e-02  DilMax=6.449e-01  dt=4.159e-03
15:45:09.949 [ INFO] step=  2436  t=10.12795  ResidMax=2.381e-02  DilMax=6.449e-01  dt=4.159e-03
15:45:09.988 [ INFO] step=  2437  t=10.13211  ResidMax=2.378e-02  DilMax=6.449e-01  dt=4.159e-03
15:45:10.027 [ INFO] step=  2438  t=10.13627  ResidMax=2.375e-02  DilMax=6.450e-01  dt=4.159e-03
15:45:10.068 [ INFO] step=  2439  t=10.14043  ResidMax=2.372e-02  DilMax=6.450e-01  dt=4.159e-03
15:45:10.106 [ INFO] step=  2440  t=10.14458  ResidMax=2.369e-02  DilMax=6.450e-01  dt=4.159e-03
15:45:10.145 [ INFO] step=  2441  t=10.14874  ResidMax=2.365e-02  DilMax=6.450e-01  dt=4.159e-03
15:45:10.185 [ INFO] step=  2442  t=10.15290  ResidMax=2.362e-02  DilMax=6.450e-01  dt=4.159e-03
15:45:10.223 [ INFO] step=  2443  t=10.15706  ResidMax=2.360e-02  DilMax=6.451e-01  dt=4.159e-03
15:45:10.262 [ INFO] step=  2444  t=10.16122  ResidMax=2.357e-02  DilMax=6.451e-01  dt=4.159e-03
15:45:10.308 [ INFO] step=  2445  t=10.16538  ResidMax=2.354e-02  DilMax=6.451e-01  dt=4.159e-03
15:45:10.367 [ INFO] step=  2446  t=10.16954  ResidMax=2.351e-02  DilMax=6.452e-01  dt=4.159e-03
15:45:10.415 [ INFO] step=  2447  t=10.17369  ResidMax=2.348e-02  DilMax=6.452e-01  dt=4.159e-03
15:45:10.455 [ INFO] step=  2448  t=10.17785  ResidMax=2.344e-02  DilMax=6.452e-01  dt=4.159e-03
15:45:10.495 [ INFO] step=  2449  t=10.18201  ResidMax=2.341e-02  DilMax=6.453e-01  dt=4.159e-03
15:45:10.534 [ INFO] step=  2450  t=10.18617  ResidMax=2.338e-02  DilMax=6.453e-01  dt=4.159e-03
15:45:10.573 [ INFO] step=  2451  t=10.19033  ResidMax=2.335e-02  DilMax=6.453e-01  dt=4.159e-03
15:45:10.613 [ INFO] step=  2452  t=10.19449  ResidMax=2.332e-02  DilMax=6.454e-01  dt=4.159e-03
15:45:10.651 [ INFO] step=  2453  t=10.19865  ResidMax=2.329e-02  DilMax=6.454e-01  dt=4.159e-03
15:45:10.689 [ INFO] step=  2454  t=10.20280  ResidMax=2.327e-02  DilMax=6.454e-01  dt=4.159e-03
15:45:10.727 [ INFO] step=  2455  t=10.20696  ResidMax=2.324e-02  DilMax=6.455e-01  dt=4.159e-03
15:45:10.764 [ INFO] step=  2456  t=10.21112  ResidMax=2.321e-02  DilMax=6.455e-01  dt=4.159e-03
15:45:10.816 [ INFO] step=  2457  t=10.21528  ResidMax=2.318e-02  DilMax=6.455e-01  dt=4.159e-03
15:45:10.854 [ INFO] step=  2458  t=10.21944  ResidMax=2.315e-02  DilMax=6.456e-01  dt=4.159e-03
15:45:10.891 [ INFO] step=  2459  t=10.22360  ResidMax=2.312e-02  DilMax=6.456e-01  dt=4.159e-03
15:45:10.928 [ INFO] step=  2460  t=10.22776  ResidMax=2.309e-02  DilMax=6.456e-01  dt=4.159e-03
15:45:10.968 [ INFO] step=  2461  t=10.23191  ResidMax=2.306e-02  DilMax=6.457e-01  dt=4.159e-03
15:45:11.006 [ INFO] step=  2462  t=10.23607  ResidMax=2.303e-02  DilMax=6.457e-01  dt=4.159e-03
15:45:11.043 [ INFO] step=  2463  t=10.24023  ResidMax=2.300e-02  DilMax=6.457e-01  dt=4.159e-03
15:45:11.080 [ INFO] step=  2464  t=10.24439  ResidMax=2.297e-02  DilMax=6.457e-01  dt=4.159e-03
15:45:11.117 [ INFO] step=  2465  t=10.24855  ResidMax=2.294e-02  DilMax=6.458e-01  dt=4.159e-03
15:45:11.154 [ INFO] step=  2466  t=10.25271  ResidMax=2.291e-02  DilMax=6.458e-01  dt=4.159e-03
15:45:11.191 [ INFO] step=  2467  t=10.25687  ResidMax=2.288e-02  DilMax=6.458e-01  dt=4.159e-03
15:45:11.228 [ INFO] step=  2468  t=10.26102  ResidMax=2.285e-02  DilMax=6.459e-01  dt=4.159e-03
15:45:11.265 [ INFO] step=  2469  t=10.26518  ResidMax=2.282e-02  DilMax=6.459e-01  dt=4.159e-03
15:45:11.302 [ INFO] step=  2470  t=10.26934  ResidMax=2.279e-02  DilMax=6.459e-01  dt=4.159e-03
15:45:11.338 [ INFO] step=  2471  t=10.27350  ResidMax=2.276e-02  DilMax=6.460e-01  dt=4.159e-03
15:45:11.375 [ INFO] step=  2472  t=10.27766  ResidMax=2.274e-02  DilMax=6.460e-01  dt=4.159e-03
15:45:11.412 [ INFO] step=  2473  t=10.28182  ResidMax=2.271e-02  DilMax=6.460e-01  dt=4.159e-03
15:45:11.451 [ INFO] step=  2474  t=10.28598  ResidMax=2.268e-02  DilMax=6.461e-01  dt=4.159e-03
15:45:11.489 [ INFO] step=  2475  t=10.29013  ResidMax=2.265e-02  DilMax=6.461e-01  dt=4.159e-03
15:45:11.526 [ INFO] step=  2476  t=10.29429  ResidMax=2.262e-02  DilMax=6.461e-01  dt=4.159e-03
15:45:11.565 [ INFO] step=  2477  t=10.29845  ResidMax=2.260e-02  DilMax=6.462e-01  dt=4.159e-03
15:45:11.603 [ INFO] step=  2478  t=10.30261  ResidMax=2.257e-02  DilMax=6.462e-01  dt=4.159e-03
15:45:11.641 [ INFO] step=  2479  t=10.30677  ResidMax=2.254e-02  DilMax=6.462e-01  dt=4.159e-03
15:45:11.678 [ INFO] step=  2480  t=10.31093  ResidMax=2.251e-02  DilMax=6.463e-01  dt=4.159e-03
15:45:11.717 [ INFO] step=  2481  t=10.31509  ResidMax=2.248e-02  DilMax=6.463e-01  dt=4.159e-03
15:45:11.755 [ INFO] step=  2482  t=10.31924  ResidMax=2.245e-02  DilMax=6.463e-01  dt=4.159e-03
15:45:11.792 [ INFO] step=  2483  t=10.32340  ResidMax=2.242e-02  DilMax=6.464e-01  dt=4.159e-03
15:45:11.841 [ INFO] step=  2484  t=10.32756  ResidMax=2.240e-02  DilMax=6.464e-01  dt=4.159e-03
15:45:11.889 [ INFO] step=  2485  t=10.33172  ResidMax=2.237e-02  DilMax=6.464e-01  dt=4.159e-03
15:45:11.928 [ INFO] step=  2486  t=10.33588  ResidMax=2.234e-02  DilMax=6.464e-01  dt=4.159e-03
15:45:11.965 [ INFO] step=  2487  t=10.34004  ResidMax=2.231e-02  DilMax=6.465e-01  dt=4.159e-03
15:45:12.003 [ INFO] step=  2488  t=10.34420  ResidMax=2.228e-02  DilMax=6.465e-01  dt=4.159e-03
15:45:12.041 [ INFO] step=  2489  t=10.34835  ResidMax=2.226e-02  DilMax=6.465e-01  dt=4.159e-03
15:45:12.085 [ INFO] step=  2490  t=10.35251  ResidMax=2.223e-02  DilMax=6.466e-01  dt=4.159e-03
15:45:12.130 [ INFO] step=  2491  t=10.35667  ResidMax=2.220e-02  DilMax=6.466e-01  dt=4.159e-03
15:45:12.170 [ INFO] step=  2492  t=10.36083  ResidMax=2.217e-02  DilMax=6.466e-01  dt=4.159e-03
15:45:12.209 [ INFO] step=  2493  t=10.36499  ResidMax=2.215e-02  DilMax=6.467e-01  dt=4.159e-03
15:45:12.248 [ INFO] step=  2494  t=10.36915  ResidMax=2.212e-02  DilMax=6.467e-01  dt=4.159e-03
15:45:12.287 [ INFO] step=  2495  t=10.37331  ResidMax=2.209e-02  DilMax=6.467e-01  dt=4.159e-03
15:45:12.328 [ INFO] step=  2496  t=10.37746  ResidMax=2.206e-02  DilMax=6.468e-01  dt=4.159e-03
15:45:12.366 [ INFO] step=  2497  t=10.38162  ResidMax=2.204e-02  DilMax=6.468e-01  dt=4.159e-03
15:45:12.412 [ INFO] step=  2498  t=10.38578  ResidMax=2.201e-02  DilMax=6.468e-01  dt=4.159e-03
15:45:12.453 [ INFO] step=  2499  t=10.38994  ResidMax=2.198e-02  DilMax=6.468e-01  dt=4.159e-03
15:45:12.492 [ INFO] step=  2500  t=10.39410  ResidMax=2.195e-02  DilMax=6.469e-01  dt=4.159e-03
15:45:12.821 [ INFO] VTK snapshot written → results/backstep_validation/step_re100_t002500.vtk
15:45:14.854 [ INFO] step=  2501  t=10.39826  ResidMax=2.193e-02  DilMax=6.469e-01  dt=4.159e-03
15:45:14.893 [ INFO] step=  2502  t=10.40242  ResidMax=2.190e-02  DilMax=6.469e-01  dt=4.159e-03
15:45:14.937 [ INFO] step=  2503  t=10.40657  ResidMax=2.187e-02  DilMax=6.470e-01  dt=4.159e-03
15:45:14.978 [ INFO] step=  2504  t=10.41073  ResidMax=2.185e-02  DilMax=6.470e-01  dt=4.159e-03
15:45:15.020 [ INFO] step=  2505  t=10.41489  ResidMax=2.182e-02  DilMax=6.470e-01  dt=4.159e-03
15:45:15.060 [ INFO] step=  2506  t=10.41905  ResidMax=2.179e-02  DilMax=6.471e-01  dt=4.159e-03
15:45:15.099 [ INFO] step=  2507  t=10.42321  ResidMax=2.176e-02  DilMax=6.471e-01  dt=4.159e-03
15:45:15.140 [ INFO] step=  2508  t=10.42737  ResidMax=2.174e-02  DilMax=6.471e-01  dt=4.159e-03
15:45:15.179 [ INFO] step=  2509  t=10.43153  ResidMax=2.171e-02  DilMax=6.471e-01  dt=4.159e-03
15:45:15.219 [ INFO] step=  2510  t=10.43568  ResidMax=2.169e-02  DilMax=6.472e-01  dt=4.159e-03
15:45:15.258 [ INFO] step=  2511  t=10.43984  ResidMax=2.166e-02  DilMax=6.472e-01  dt=4.159e-03
15:45:15.298 [ INFO] step=  2512  t=10.44400  ResidMax=2.163e-02  DilMax=6.472e-01  dt=4.159e-03
15:45:15.337 [ INFO] step=  2513  t=10.44816  ResidMax=2.161e-02  DilMax=6.473e-01  dt=4.159e-03
15:45:15.377 [ INFO] step=  2514  t=10.45232  ResidMax=2.158e-02  DilMax=6.473e-01  dt=4.159e-03
15:45:15.416 [ INFO] step=  2515  t=10.45648  ResidMax=2.157e-02  DilMax=6.473e-01  dt=4.159e-03
15:45:15.456 [ INFO] step=  2516  t=10.46064  ResidMax=2.158e-02  DilMax=6.473e-01  dt=4.159e-03
15:45:15.496 [ INFO] step=  2517  t=10.46479  ResidMax=2.158e-02  DilMax=6.474e-01  dt=4.159e-03
15:45:15.535 [ INFO] step=  2518  t=10.46895  ResidMax=2.158e-02  DilMax=6.474e-01  dt=4.159e-03
15:45:15.575 [ INFO] step=  2519  t=10.47311  ResidMax=2.159e-02  DilMax=6.474e-01  dt=4.159e-03
15:45:15.614 [ INFO] step=  2520  t=10.47727  ResidMax=2.159e-02  DilMax=6.475e-01  dt=4.159e-03
15:45:15.653 [ INFO] step=  2521  t=10.48143  ResidMax=2.160e-02  DilMax=6.475e-01  dt=4.159e-03
15:45:15.693 [ INFO] step=  2522  t=10.48559  ResidMax=2.160e-02  DilMax=6.475e-01  dt=4.159e-03
15:45:15.733 [ INFO] step=  2523  t=10.48975  ResidMax=2.161e-02  DilMax=6.475e-01  dt=4.159e-03
15:45:15.772 [ INFO] step=  2524  t=10.49390  ResidMax=2.161e-02  DilMax=6.476e-01  dt=4.159e-03
15:45:15.811 [ INFO] step=  2525  t=10.49806  ResidMax=2.161e-02  DilMax=6.476e-01  dt=4.159e-03
15:45:15.850 [ INFO] step=  2526  t=10.50222  ResidMax=2.162e-02  DilMax=6.476e-01  dt=4.159e-03
15:45:15.892 [ INFO] step=  2527  t=10.50638  ResidMax=2.162e-02  DilMax=6.477e-01  dt=4.159e-03
15:45:15.934 [ INFO] step=  2528  t=10.51054  ResidMax=2.163e-02  DilMax=6.477e-01  dt=4.159e-03
15:45:15.976 [ INFO] step=  2529  t=10.51470  ResidMax=2.163e-02  DilMax=6.477e-01  dt=4.159e-03
15:45:16.016 [ INFO] step=  2530  t=10.51886  ResidMax=2.164e-02  DilMax=6.477e-01  dt=4.159e-03
15:45:16.057 [ INFO] step=  2531  t=10.52302  ResidMax=2.164e-02  DilMax=6.478e-01  dt=4.159e-03
15:45:16.096 [ INFO] step=  2532  t=10.52717  ResidMax=2.165e-02  DilMax=6.478e-01  dt=4.159e-03
15:45:16.136 [ INFO] step=  2533  t=10.53133  ResidMax=2.165e-02  DilMax=6.478e-01  dt=4.159e-03
15:45:16.176 [ INFO] step=  2534  t=10.53549  ResidMax=2.166e-02  DilMax=6.479e-01  dt=4.159e-03
15:45:16.216 [ INFO] step=  2535  t=10.53965  ResidMax=2.166e-02  DilMax=6.479e-01  dt=4.159e-03
15:45:16.256 [ INFO] step=  2536  t=10.54381  ResidMax=2.166e-02  DilMax=6.479e-01  dt=4.159e-03
15:45:16.296 [ INFO] step=  2537  t=10.54797  ResidMax=2.167e-02  DilMax=6.479e-01  dt=4.159e-03
15:45:16.335 [ INFO] step=  2538  t=10.55213  ResidMax=2.167e-02  DilMax=6.480e-01  dt=4.159e-03
15:45:16.373 [ INFO] step=  2539  t=10.55628  ResidMax=2.168e-02  DilMax=6.480e-01  dt=4.159e-03
15:45:16.411 [ INFO] step=  2540  t=10.56044  ResidMax=2.168e-02  DilMax=6.480e-01  dt=4.159e-03
15:45:16.449 [ INFO] step=  2541  t=10.56460  ResidMax=2.169e-02  DilMax=6.481e-01  dt=4.159e-03
15:45:16.489 [ INFO] step=  2542  t=10.56876  ResidMax=2.169e-02  DilMax=6.481e-01  dt=4.159e-03
15:45:16.529 [ INFO] step=  2543  t=10.57292  ResidMax=2.170e-02  DilMax=6.481e-01  dt=4.159e-03
15:45:16.569 [ INFO] step=  2544  t=10.57708  ResidMax=2.170e-02  DilMax=6.481e-01  dt=4.159e-03
15:45:16.610 [ INFO] step=  2545  t=10.58124  ResidMax=2.170e-02  DilMax=6.482e-01  dt=4.159e-03
15:45:16.650 [ INFO] step=  2546  t=10.58539  ResidMax=2.171e-02  DilMax=6.482e-01  dt=4.159e-03
15:45:16.688 [ INFO] step=  2547  t=10.58955  ResidMax=2.171e-02  DilMax=6.482e-01  dt=4.159e-03
15:45:16.726 [ INFO] step=  2548  t=10.59371  ResidMax=2.172e-02  DilMax=6.482e-01  dt=4.159e-03
15:45:16.764 [ INFO] step=  2549  t=10.59787  ResidMax=2.172e-02  DilMax=6.483e-01  dt=4.159e-03
15:45:16.805 [ INFO] step=  2550  t=10.60203  ResidMax=2.172e-02  DilMax=6.483e-01  dt=4.159e-03
15:45:16.844 [ INFO] step=  2551  t=10.60619  ResidMax=2.173e-02  DilMax=6.483e-01  dt=4.159e-03
15:45:16.882 [ INFO] step=  2552  t=10.61035  ResidMax=2.173e-02  DilMax=6.483e-01  dt=4.159e-03
15:45:16.919 [ INFO] step=  2553  t=10.61451  ResidMax=2.173e-02  DilMax=6.484e-01  dt=4.159e-03
15:45:16.958 [ INFO] step=  2554  t=10.61866  ResidMax=2.174e-02  DilMax=6.484e-01  dt=4.159e-03
15:45:16.995 [ INFO] step=  2555  t=10.62282  ResidMax=2.174e-02  DilMax=6.484e-01  dt=4.159e-03
15:45:17.032 [ INFO] step=  2556  t=10.62698  ResidMax=2.174e-02  DilMax=6.485e-01  dt=4.159e-03
15:45:17.072 [ INFO] step=  2557  t=10.63114  ResidMax=2.175e-02  DilMax=6.485e-01  dt=4.159e-03
15:45:17.112 [ INFO] step=  2558  t=10.63530  ResidMax=2.175e-02  DilMax=6.485e-01  dt=4.159e-03
15:45:17.150 [ INFO] step=  2559  t=10.63946  ResidMax=2.175e-02  DilMax=6.485e-01  dt=4.159e-03
15:45:17.188 [ INFO] step=  2560  t=10.64362  ResidMax=2.176e-02  DilMax=6.486e-01  dt=4.159e-03
15:45:17.228 [ INFO] step=  2561  t=10.64777  ResidMax=2.176e-02  DilMax=6.486e-01  dt=4.159e-03
15:45:17.271 [ INFO] step=  2562  t=10.65193  ResidMax=2.176e-02  DilMax=6.486e-01  dt=4.159e-03
15:45:17.310 [ INFO] step=  2563  t=10.65609  ResidMax=2.176e-02  DilMax=6.486e-01  dt=4.159e-03
15:45:17.349 [ INFO] step=  2564  t=10.66025  ResidMax=2.177e-02  DilMax=6.487e-01  dt=4.159e-03
15:45:17.387 [ INFO] step=  2565  t=10.66441  ResidMax=2.177e-02  DilMax=6.487e-01  dt=4.159e-03
15:45:17.426 [ INFO] step=  2566  t=10.66857  ResidMax=2.177e-02  DilMax=6.487e-01  dt=4.159e-03
15:45:17.464 [ INFO] step=  2567  t=10.67273  ResidMax=2.178e-02  DilMax=6.487e-01  dt=4.159e-03
15:45:17.502 [ INFO] step=  2568  t=10.67689  ResidMax=2.178e-02  DilMax=6.488e-01  dt=4.159e-03
15:45:17.541 [ INFO] step=  2569  t=10.68104  ResidMax=2.178e-02  DilMax=6.488e-01  dt=4.159e-03
15:45:17.579 [ INFO] step=  2570  t=10.68520  ResidMax=2.178e-02  DilMax=6.488e-01  dt=4.159e-03
15:45:17.617 [ INFO] step=  2571  t=10.68936  ResidMax=2.178e-02  DilMax=6.488e-01  dt=4.159e-03
15:45:17.656 [ INFO] step=  2572  t=10.69352  ResidMax=2.178e-02  DilMax=6.489e-01  dt=4.159e-03
15:45:17.694 [ INFO] step=  2573  t=10.69768  ResidMax=2.179e-02  DilMax=6.489e-01  dt=4.159e-03
15:45:17.733 [ INFO] step=  2574  t=10.70184  ResidMax=2.179e-02  DilMax=6.489e-01  dt=4.159e-03
15:45:17.772 [ INFO] step=  2575  t=10.70600  ResidMax=2.179e-02  DilMax=6.489e-01  dt=4.159e-03
15:45:17.810 [ INFO] step=  2576  t=10.71015  ResidMax=2.179e-02  DilMax=6.490e-01  dt=4.159e-03
15:45:17.850 [ INFO] step=  2577  t=10.71431  ResidMax=2.180e-02  DilMax=6.490e-01  dt=4.159e-03
15:45:17.891 [ INFO] step=  2578  t=10.71847  ResidMax=2.180e-02  DilMax=6.490e-01  dt=4.159e-03
15:45:17.931 [ INFO] step=  2579  t=10.72263  ResidMax=2.180e-02  DilMax=6.490e-01  dt=4.159e-03
15:45:17.971 [ INFO] step=  2580  t=10.72679  ResidMax=2.180e-02  DilMax=6.491e-01  dt=4.159e-03
15:45:18.010 [ INFO] step=  2581  t=10.73095  ResidMax=2.180e-02  DilMax=6.491e-01  dt=4.159e-03
15:45:18.050 [ INFO] step=  2582  t=10.73511  ResidMax=2.180e-02  DilMax=6.491e-01  dt=4.159e-03
15:45:18.089 [ INFO] step=  2583  t=10.73926  ResidMax=2.180e-02  DilMax=6.491e-01  dt=4.159e-03
15:45:18.128 [ INFO] step=  2584  t=10.74342  ResidMax=2.181e-02  DilMax=6.491e-01  dt=4.159e-03
15:45:18.168 [ INFO] step=  2585  t=10.74758  ResidMax=2.181e-02  DilMax=6.492e-01  dt=4.159e-03
15:45:18.209 [ INFO] step=  2586  t=10.75174  ResidMax=2.181e-02  DilMax=6.492e-01  dt=4.159e-03
15:45:18.286 [ INFO] step=  2587  t=10.75590  ResidMax=2.181e-02  DilMax=6.492e-01  dt=4.159e-03
15:45:18.325 [ INFO] step=  2588  t=10.76006  ResidMax=2.181e-02  DilMax=6.492e-01  dt=4.159e-03
15:45:18.364 [ INFO] step=  2589  t=10.76422  ResidMax=2.181e-02  DilMax=6.493e-01  dt=4.159e-03
15:45:18.405 [ INFO] step=  2590  t=10.76838  ResidMax=2.181e-02  DilMax=6.493e-01  dt=4.159e-03
15:45:18.444 [ INFO] step=  2591  t=10.77253  ResidMax=2.181e-02  DilMax=6.493e-01  dt=4.159e-03
15:45:18.484 [ INFO] step=  2592  t=10.77669  ResidMax=2.181e-02  DilMax=6.493e-01  dt=4.159e-03
15:45:18.523 [ INFO] step=  2593  t=10.78085  ResidMax=2.181e-02  DilMax=6.493e-01  dt=4.159e-03
15:45:18.563 [ INFO] step=  2594  t=10.78501  ResidMax=2.181e-02  DilMax=6.494e-01  dt=4.159e-03
15:45:18.602 [ INFO] step=  2595  t=10.78917  ResidMax=2.181e-02  DilMax=6.494e-01  dt=4.159e-03
15:45:18.642 [ INFO] step=  2596  t=10.79333  ResidMax=2.181e-02  DilMax=6.494e-01  dt=4.159e-03
15:45:18.681 [ INFO] step=  2597  t=10.79749  ResidMax=2.181e-02  DilMax=6.494e-01  dt=4.159e-03
15:45:18.720 [ INFO] step=  2598  t=10.80165  ResidMax=2.181e-02  DilMax=6.495e-01  dt=4.159e-03
15:45:18.759 [ INFO] step=  2599  t=10.80580  ResidMax=2.181e-02  DilMax=6.495e-01  dt=4.159e-03
15:45:18.798 [ INFO] step=  2600  t=10.80996  ResidMax=2.181e-02  DilMax=6.495e-01  dt=4.159e-03
15:45:18.836 [ INFO] step=  2601  t=10.81412  ResidMax=2.181e-02  DilMax=6.495e-01  dt=4.159e-03
15:45:18.873 [ INFO] step=  2602  t=10.81828  ResidMax=2.181e-02  DilMax=6.495e-01  dt=4.159e-03
15:45:18.911 [ INFO] step=  2603  t=10.82244  ResidMax=2.181e-02  DilMax=6.496e-01  dt=4.159e-03
15:45:18.949 [ INFO] step=  2604  t=10.82660  ResidMax=2.181e-02  DilMax=6.496e-01  dt=4.159e-03
15:45:18.986 [ INFO] step=  2605  t=10.83076  ResidMax=2.181e-02  DilMax=6.496e-01  dt=4.159e-03
15:45:19.023 [ INFO] step=  2606  t=10.83491  ResidMax=2.181e-02  DilMax=6.496e-01  dt=4.159e-03
15:45:19.059 [ INFO] step=  2607  t=10.83907  ResidMax=2.181e-02  DilMax=6.496e-01  dt=4.159e-03
15:45:19.097 [ INFO] step=  2608  t=10.84323  ResidMax=2.181e-02  DilMax=6.497e-01  dt=4.159e-03
15:45:19.134 [ INFO] step=  2609  t=10.84739  ResidMax=2.181e-02  DilMax=6.497e-01  dt=4.159e-03
15:45:19.170 [ INFO] step=  2610  t=10.85155  ResidMax=2.181e-02  DilMax=6.497e-01  dt=4.159e-03
15:45:19.208 [ INFO] step=  2611  t=10.85571  ResidMax=2.180e-02  DilMax=6.497e-01  dt=4.159e-03
15:45:19.246 [ INFO] step=  2612  t=10.85987  ResidMax=2.180e-02  DilMax=6.497e-01  dt=4.159e-03
15:45:19.284 [ INFO] step=  2613  t=10.86403  ResidMax=2.180e-02  DilMax=6.498e-01  dt=4.159e-03
15:45:19.321 [ INFO] step=  2614  t=10.86818  ResidMax=2.180e-02  DilMax=6.498e-01  dt=4.159e-03
15:45:19.358 [ INFO] step=  2615  t=10.87234  ResidMax=2.180e-02  DilMax=6.498e-01  dt=4.159e-03
15:45:19.395 [ INFO] step=  2616  t=10.87650  ResidMax=2.180e-02  DilMax=6.498e-01  dt=4.159e-03
15:45:19.432 [ INFO] step=  2617  t=10.88066  ResidMax=2.180e-02  DilMax=6.498e-01  dt=4.159e-03
15:45:19.469 [ INFO] step=  2618  t=10.88482  ResidMax=2.180e-02  DilMax=6.499e-01  dt=4.159e-03
15:45:19.506 [ INFO] step=  2619  t=10.88898  ResidMax=2.180e-02  DilMax=6.499e-01  dt=4.159e-03
15:45:19.543 [ INFO] step=  2620  t=10.89314  ResidMax=2.180e-02  DilMax=6.499e-01  dt=4.159e-03
15:45:19.580 [ INFO] step=  2621  t=10.89729  ResidMax=2.179e-02  DilMax=6.499e-01  dt=4.159e-03
15:45:19.618 [ INFO] step=  2622  t=10.90145  ResidMax=2.179e-02  DilMax=6.499e-01  dt=4.159e-03
15:45:19.654 [ INFO] step=  2623  t=10.90561  ResidMax=2.179e-02  DilMax=6.500e-01  dt=4.159e-03
15:45:19.692 [ INFO] step=  2624  t=10.90977  ResidMax=2.179e-02  DilMax=6.500e-01  dt=4.159e-03
15:45:19.729 [ INFO] step=  2625  t=10.91393  ResidMax=2.179e-02  DilMax=6.500e-01  dt=4.159e-03
15:45:19.767 [ INFO] step=  2626  t=10.91809  ResidMax=2.179e-02  DilMax=6.500e-01  dt=4.159e-03
15:45:19.806 [ INFO] step=  2627  t=10.92225  ResidMax=2.179e-02  DilMax=6.500e-01  dt=4.159e-03
15:45:19.845 [ INFO] step=  2628  t=10.92641  ResidMax=2.178e-02  DilMax=6.501e-01  dt=4.159e-03
15:45:19.882 [ INFO] step=  2629  t=10.93056  ResidMax=2.178e-02  DilMax=6.501e-01  dt=4.159e-03
15:45:19.919 [ INFO] step=  2630  t=10.93472  ResidMax=2.178e-02  DilMax=6.501e-01  dt=4.159e-03
15:45:19.957 [ INFO] step=  2631  t=10.93888  ResidMax=2.178e-02  DilMax=6.501e-01  dt=4.159e-03
15:45:19.994 [ INFO] step=  2632  t=10.94304  ResidMax=2.178e-02  DilMax=6.501e-01  dt=4.159e-03
15:45:20.031 [ INFO] step=  2633  t=10.94720  ResidMax=2.178e-02  DilMax=6.501e-01  dt=4.159e-03
15:45:20.069 [ INFO] step=  2634  t=10.95136  ResidMax=2.177e-02  DilMax=6.502e-01  dt=4.159e-03
15:45:20.108 [ INFO] step=  2635  t=10.95552  ResidMax=2.177e-02  DilMax=6.502e-01  dt=4.159e-03
15:45:20.146 [ INFO] step=  2636  t=10.95968  ResidMax=2.177e-02  DilMax=6.502e-01  dt=4.159e-03
15:45:20.184 [ INFO] step=  2637  t=10.96383  ResidMax=2.177e-02  DilMax=6.502e-01  dt=4.159e-03
15:45:20.222 [ INFO] step=  2638  t=10.96799  ResidMax=2.177e-02  DilMax=6.502e-01  dt=4.159e-03
15:45:20.261 [ INFO] step=  2639  t=10.97215  ResidMax=2.176e-02  DilMax=6.503e-01  dt=4.159e-03
15:45:20.299 [ INFO] step=  2640  t=10.97631  ResidMax=2.176e-02  DilMax=6.503e-01  dt=4.159e-03
15:45:20.337 [ INFO] step=  2641  t=10.98047  ResidMax=2.176e-02  DilMax=6.503e-01  dt=4.159e-03
15:45:20.375 [ INFO] step=  2642  t=10.98463  ResidMax=2.176e-02  DilMax=6.503e-01  dt=4.159e-03
15:45:20.413 [ INFO] step=  2643  t=10.98879  ResidMax=2.175e-02  DilMax=6.503e-01  dt=4.159e-03
15:45:20.451 [ INFO] step=  2644  t=10.99294  ResidMax=2.175e-02  DilMax=6.503e-01  dt=4.159e-03
15:45:20.490 [ INFO] step=  2645  t=10.99710  ResidMax=2.175e-02  DilMax=6.504e-01  dt=4.159e-03
15:45:20.527 [ INFO] step=  2646  t=11.00126  ResidMax=2.175e-02  DilMax=6.504e-01  dt=4.159e-03
15:45:20.565 [ INFO] step=  2647  t=11.00542  ResidMax=2.175e-02  DilMax=6.504e-01  dt=4.159e-03
15:45:20.603 [ INFO] step=  2648  t=11.00958  ResidMax=2.174e-02  DilMax=6.504e-01  dt=4.159e-03
15:45:20.641 [ INFO] step=  2649  t=11.01374  ResidMax=2.174e-02  DilMax=6.504e-01  dt=4.159e-03
15:45:20.678 [ INFO] step=  2650  t=11.01790  ResidMax=2.174e-02  DilMax=6.504e-01  dt=4.159e-03
15:45:20.716 [ INFO] step=  2651  t=11.02206  ResidMax=2.173e-02  DilMax=6.505e-01  dt=4.159e-03
15:45:20.754 [ INFO] step=  2652  t=11.02621  ResidMax=2.173e-02  DilMax=6.505e-01  dt=4.159e-03
15:45:20.793 [ INFO] step=  2653  t=11.03037  ResidMax=2.173e-02  DilMax=6.505e-01  dt=4.159e-03
15:45:20.832 [ INFO] step=  2654  t=11.03453  ResidMax=2.173e-02  DilMax=6.505e-01  dt=4.159e-03
15:45:20.870 [ INFO] step=  2655  t=11.03869  ResidMax=2.172e-02  DilMax=6.505e-01  dt=4.159e-03
15:45:20.907 [ INFO] step=  2656  t=11.04285  ResidMax=2.172e-02  DilMax=6.505e-01  dt=4.159e-03
15:45:20.944 [ INFO] step=  2657  t=11.04701  ResidMax=2.172e-02  DilMax=6.506e-01  dt=4.159e-03
15:45:20.983 [ INFO] step=  2658  t=11.05117  ResidMax=2.171e-02  DilMax=6.506e-01  dt=4.159e-03
15:45:21.021 [ INFO] step=  2659  t=11.05533  ResidMax=2.171e-02  DilMax=6.506e-01  dt=4.159e-03
15:45:21.075 [ INFO] step=  2660  t=11.05948  ResidMax=2.171e-02  DilMax=6.506e-01  dt=4.159e-03
15:45:21.121 [ INFO] step=  2661  t=11.06364  ResidMax=2.170e-02  DilMax=6.506e-01  dt=4.159e-03
15:45:21.172 [ INFO] step=  2662  t=11.06780  ResidMax=2.170e-02  DilMax=6.506e-01  dt=4.159e-03
15:45:21.210 [ INFO] step=  2663  t=11.07196  ResidMax=2.170e-02  DilMax=6.506e-01  dt=4.159e-03
15:45:21.247 [ INFO] step=  2664  t=11.07612  ResidMax=2.169e-02  DilMax=6.507e-01  dt=4.159e-03
15:45:21.284 [ INFO] step=  2665  t=11.08028  ResidMax=2.169e-02  DilMax=6.507e-01  dt=4.159e-03
15:45:21.322 [ INFO] step=  2666  t=11.08444  ResidMax=2.169e-02  DilMax=6.507e-01  dt=4.159e-03
15:45:21.359 [ INFO] step=  2667  t=11.08860  ResidMax=2.168e-02  DilMax=6.507e-01  dt=4.159e-03
15:45:21.396 [ INFO] step=  2668  t=11.09275  ResidMax=2.168e-02  DilMax=6.507e-01  dt=4.159e-03
15:45:21.433 [ INFO] step=  2669  t=11.09691  ResidMax=2.168e-02  DilMax=6.507e-01  dt=4.159e-03
15:45:21.470 [ INFO] step=  2670  t=11.10107  ResidMax=2.167e-02  DilMax=6.507e-01  dt=4.159e-03
15:45:21.507 [ INFO] step=  2671  t=11.10523  ResidMax=2.167e-02  DilMax=6.508e-01  dt=4.159e-03
15:45:21.544 [ INFO] step=  2672  t=11.10939  ResidMax=2.166e-02  DilMax=6.508e-01  dt=4.159e-03
15:45:21.582 [ INFO] step=  2673  t=11.11355  ResidMax=2.166e-02  DilMax=6.508e-01  dt=4.159e-03
15:45:21.619 [ INFO] step=  2674  t=11.11771  ResidMax=2.166e-02  DilMax=6.508e-01  dt=4.159e-03
15:45:21.657 [ INFO] step=  2675  t=11.12187  ResidMax=2.165e-02  DilMax=6.508e-01  dt=4.159e-03
15:45:21.694 [ INFO] step=  2676  t=11.12602  ResidMax=2.166e-02  DilMax=6.508e-01  dt=4.159e-03
15:45:21.732 [ INFO] step=  2677  t=11.13018  ResidMax=2.166e-02  DilMax=6.508e-01  dt=4.159e-03
15:45:21.769 [ INFO] step=  2678  t=11.13434  ResidMax=2.166e-02  DilMax=6.509e-01  dt=4.159e-03
15:45:21.806 [ INFO] step=  2679  t=11.13850  ResidMax=2.166e-02  DilMax=6.509e-01  dt=4.159e-03
15:45:21.844 [ INFO] step=  2680  t=11.14266  ResidMax=2.166e-02  DilMax=6.509e-01  dt=4.159e-03
15:45:21.881 [ INFO] step=  2681  t=11.14682  ResidMax=2.166e-02  DilMax=6.509e-01  dt=4.159e-03
15:45:21.918 [ INFO] step=  2682  t=11.15098  ResidMax=2.166e-02  DilMax=6.509e-01  dt=4.159e-03
15:45:21.955 [ INFO] step=  2683  t=11.15513  ResidMax=2.166e-02  DilMax=6.509e-01  dt=4.159e-03
15:45:21.992 [ INFO] step=  2684  t=11.15929  ResidMax=2.166e-02  DilMax=6.509e-01  dt=4.159e-03
15:45:22.029 [ INFO] step=  2685  t=11.16345  ResidMax=2.166e-02  DilMax=6.510e-01  dt=4.159e-03
15:45:22.067 [ INFO] step=  2686  t=11.16761  ResidMax=2.167e-02  DilMax=6.510e-01  dt=4.159e-03
15:45:22.104 [ INFO] step=  2687  t=11.17177  ResidMax=2.167e-02  DilMax=6.510e-01  dt=4.159e-03
15:45:22.141 [ INFO] step=  2688  t=11.17593  ResidMax=2.167e-02  DilMax=6.510e-01  dt=4.159e-03
15:45:22.179 [ INFO] step=  2689  t=11.18009  ResidMax=2.167e-02  DilMax=6.510e-01  dt=4.159e-03
15:45:22.216 [ INFO] step=  2690  t=11.18425  ResidMax=2.166e-02  DilMax=6.510e-01  dt=4.159e-03
15:45:22.254 [ INFO] step=  2691  t=11.18840  ResidMax=2.166e-02  DilMax=6.510e-01  dt=4.159e-03
15:45:22.292 [ INFO] step=  2692  t=11.19256  ResidMax=2.166e-02  DilMax=6.510e-01  dt=4.159e-03
15:45:22.329 [ INFO] step=  2693  t=11.19672  ResidMax=2.166e-02  DilMax=6.510e-01  dt=4.159e-03
15:45:22.366 [ INFO] step=  2694  t=11.20088  ResidMax=2.166e-02  DilMax=6.511e-01  dt=4.159e-03
15:45:22.403 [ INFO] step=  2695  t=11.20504  ResidMax=2.166e-02  DilMax=6.511e-01  dt=4.159e-03
15:45:22.440 [ INFO] step=  2696  t=11.20920  ResidMax=2.166e-02  DilMax=6.511e-01  dt=4.159e-03
15:45:22.476 [ INFO] step=  2697  t=11.21336  ResidMax=2.166e-02  DilMax=6.511e-01  dt=4.159e-03
15:45:22.513 [ INFO] step=  2698  t=11.21752  ResidMax=2.166e-02  DilMax=6.511e-01  dt=4.159e-03
15:45:22.550 [ INFO] step=  2699  t=11.22167  ResidMax=2.166e-02  DilMax=6.511e-01  dt=4.159e-03
15:45:22.587 [ INFO] step=  2700  t=11.22583  ResidMax=2.166e-02  DilMax=6.511e-01  dt=4.159e-03
15:45:22.625 [ INFO] step=  2701  t=11.22999  ResidMax=2.166e-02  DilMax=6.511e-01  dt=4.159e-03
15:45:22.661 [ INFO] step=  2702  t=11.23415  ResidMax=2.166e-02  DilMax=6.512e-01  dt=4.159e-03
15:45:22.698 [ INFO] step=  2703  t=11.23831  ResidMax=2.166e-02  DilMax=6.512e-01  dt=4.159e-03
15:45:22.735 [ INFO] step=  2704  t=11.24247  ResidMax=2.166e-02  DilMax=6.512e-01  dt=4.159e-03
15:45:22.772 [ INFO] step=  2705  t=11.24663  ResidMax=2.166e-02  DilMax=6.512e-01  dt=4.159e-03
15:45:22.809 [ INFO] step=  2706  t=11.25079  ResidMax=2.166e-02  DilMax=6.512e-01  dt=4.159e-03
15:45:22.848 [ INFO] step=  2707  t=11.25494  ResidMax=2.166e-02  DilMax=6.512e-01  dt=4.159e-03
15:45:22.885 [ INFO] step=  2708  t=11.25910  ResidMax=2.166e-02  DilMax=6.512e-01  dt=4.159e-03
15:45:22.922 [ INFO] step=  2709  t=11.26326  ResidMax=2.166e-02  DilMax=6.512e-01  dt=4.159e-03
15:45:22.959 [ INFO] step=  2710  t=11.26742  ResidMax=2.166e-02  DilMax=6.512e-01  dt=4.159e-03
15:45:22.997 [ INFO] step=  2711  t=11.27158  ResidMax=2.166e-02  DilMax=6.512e-01  dt=4.159e-03
15:45:23.034 [ INFO] step=  2712  t=11.27574  ResidMax=2.166e-02  DilMax=6.513e-01  dt=4.159e-03
15:45:23.070 [ INFO] step=  2713  t=11.27990  ResidMax=2.166e-02  DilMax=6.513e-01  dt=4.159e-03
15:45:23.107 [ INFO] step=  2714  t=11.28406  ResidMax=2.166e-02  DilMax=6.513e-01  dt=4.159e-03
15:45:23.144 [ INFO] step=  2715  t=11.28821  ResidMax=2.166e-02  DilMax=6.513e-01  dt=4.159e-03
15:45:23.182 [ INFO] step=  2716  t=11.29237  ResidMax=2.166e-02  DilMax=6.513e-01  dt=4.159e-03
15:45:23.219 [ INFO] step=  2717  t=11.29653  ResidMax=2.166e-02  DilMax=6.513e-01  dt=4.159e-03
15:45:23.256 [ INFO] step=  2718  t=11.30069  ResidMax=2.165e-02  DilMax=6.513e-01  dt=4.159e-03
15:45:23.293 [ INFO] step=  2719  t=11.30485  ResidMax=2.165e-02  DilMax=6.513e-01  dt=4.159e-03
15:45:23.330 [ INFO] step=  2720  t=11.30901  ResidMax=2.165e-02  DilMax=6.513e-01  dt=4.159e-03
15:45:23.367 [ INFO] step=  2721  t=11.31317  ResidMax=2.165e-02  DilMax=6.513e-01  dt=4.159e-03
15:45:23.404 [ INFO] step=  2722  t=11.31733  ResidMax=2.165e-02  DilMax=6.513e-01  dt=4.159e-03
15:45:23.441 [ INFO] step=  2723  t=11.32148  ResidMax=2.164e-02  DilMax=6.513e-01  dt=4.159e-03
15:45:23.478 [ INFO] step=  2724  t=11.32564  ResidMax=2.164e-02  DilMax=6.514e-01  dt=4.159e-03
15:45:23.516 [ INFO] step=  2725  t=11.32980  ResidMax=2.164e-02  DilMax=6.514e-01  dt=4.159e-03
15:45:23.553 [ INFO] step=  2726  t=11.33396  ResidMax=2.164e-02  DilMax=6.514e-01  dt=4.159e-03
15:45:23.590 [ INFO] step=  2727  t=11.33812  ResidMax=2.164e-02  DilMax=6.514e-01  dt=4.159e-03
15:45:23.627 [ INFO] step=  2728  t=11.34228  ResidMax=2.164e-02  DilMax=6.514e-01  dt=4.159e-03
15:45:23.664 [ INFO] step=  2729  t=11.34644  ResidMax=2.163e-02  DilMax=6.514e-01  dt=4.159e-03
15:45:23.701 [ INFO] step=  2730  t=11.35060  ResidMax=2.163e-02  DilMax=6.514e-01  dt=4.159e-03
15:45:23.738 [ INFO] step=  2731  t=11.35475  ResidMax=2.163e-02  DilMax=6.514e-01  dt=4.159e-03
15:45:23.778 [ INFO] step=  2732  t=11.35891  ResidMax=2.163e-02  DilMax=6.514e-01  dt=4.159e-03
15:45:23.833 [ INFO] step=  2733  t=11.36307  ResidMax=2.162e-02  DilMax=6.514e-01  dt=4.159e-03
15:45:23.870 [ INFO] step=  2734  t=11.36723  ResidMax=2.162e-02  DilMax=6.514e-01  dt=4.159e-03
15:45:23.906 [ INFO] step=  2735  t=11.37139  ResidMax=2.162e-02  DilMax=6.514e-01  dt=4.159e-03
15:45:23.944 [ INFO] step=  2736  t=11.37555  ResidMax=2.162e-02  DilMax=6.514e-01  dt=4.159e-03
15:45:23.981 [ INFO] step=  2737  t=11.37971  ResidMax=2.161e-02  DilMax=6.515e-01  dt=4.159e-03
15:45:24.018 [ INFO] step=  2738  t=11.38387  ResidMax=2.161e-02  DilMax=6.515e-01  dt=4.159e-03
15:45:24.056 [ INFO] step=  2739  t=11.38802  ResidMax=2.161e-02  DilMax=6.515e-01  dt=4.159e-03
15:45:24.094 [ INFO] step=  2740  t=11.39218  ResidMax=2.161e-02  DilMax=6.515e-01  dt=4.159e-03
15:45:24.131 [ INFO] step=  2741  t=11.39634  ResidMax=2.161e-02  DilMax=6.515e-01  dt=4.159e-03
15:45:24.169 [ INFO] step=  2742  t=11.40050  ResidMax=2.161e-02  DilMax=6.515e-01  dt=4.159e-03
15:45:24.205 [ INFO] step=  2743  t=11.40466  ResidMax=2.160e-02  DilMax=6.515e-01  dt=4.159e-03
15:45:24.242 [ INFO] step=  2744  t=11.40882  ResidMax=2.160e-02  DilMax=6.515e-01  dt=4.159e-03
15:45:24.279 [ INFO] step=  2745  t=11.41298  ResidMax=2.160e-02  DilMax=6.515e-01  dt=4.159e-03
15:45:24.316 [ INFO] step=  2746  t=11.41714  ResidMax=2.160e-02  DilMax=6.515e-01  dt=4.159e-03
15:45:24.352 [ INFO] step=  2747  t=11.42129  ResidMax=2.159e-02  DilMax=6.515e-01  dt=4.159e-03
15:45:24.389 [ INFO] step=  2748  t=11.42545  ResidMax=2.159e-02  DilMax=6.515e-01  dt=4.159e-03
15:45:24.426 [ INFO] step=  2749  t=11.42961  ResidMax=2.159e-02  DilMax=6.515e-01  dt=4.159e-03
15:45:24.463 [ INFO] step=  2750  t=11.43377  ResidMax=2.159e-02  DilMax=6.515e-01  dt=4.159e-03
15:45:24.500 [ INFO] step=  2751  t=11.43793  ResidMax=2.158e-02  DilMax=6.515e-01  dt=4.159e-03
15:45:24.537 [ INFO] step=  2752  t=11.44209  ResidMax=2.158e-02  DilMax=6.516e-01  dt=4.159e-03
15:45:24.574 [ INFO] step=  2753  t=11.44625  ResidMax=2.158e-02  DilMax=6.516e-01  dt=4.159e-03
15:45:24.612 [ INFO] step=  2754  t=11.45041  ResidMax=2.157e-02  DilMax=6.516e-01  dt=4.159e-03
15:45:24.650 [ INFO] step=  2755  t=11.45456  ResidMax=2.157e-02  DilMax=6.516e-01  dt=4.159e-03
15:45:24.688 [ INFO] step=  2756  t=11.45872  ResidMax=2.157e-02  DilMax=6.516e-01  dt=4.159e-03
15:45:24.725 [ INFO] step=  2757  t=11.46288  ResidMax=2.156e-02  DilMax=6.516e-01  dt=4.159e-03
15:45:24.763 [ INFO] step=  2758  t=11.46704  ResidMax=2.156e-02  DilMax=6.516e-01  dt=4.159e-03
15:45:24.800 [ INFO] step=  2759  t=11.47120  ResidMax=2.156e-02  DilMax=6.516e-01  dt=4.159e-03
15:45:24.839 [ INFO] step=  2760  t=11.47536  ResidMax=2.156e-02  DilMax=6.516e-01  dt=4.159e-03
15:45:24.876 [ INFO] step=  2761  t=11.47952  ResidMax=2.155e-02  DilMax=6.516e-01  dt=4.159e-03
15:45:24.913 [ INFO] step=  2762  t=11.48368  ResidMax=2.155e-02  DilMax=6.516e-01  dt=4.159e-03
15:45:24.951 [ INFO] step=  2763  t=11.48783  ResidMax=2.154e-02  DilMax=6.516e-01  dt=4.159e-03
15:45:24.988 [ INFO] step=  2764  t=11.49199  ResidMax=2.154e-02  DilMax=6.516e-01  dt=4.159e-03
15:45:25.025 [ INFO] step=  2765  t=11.49615  ResidMax=2.154e-02  DilMax=6.516e-01  dt=4.159e-03
15:45:25.061 [ INFO] step=  2766  t=11.50031  ResidMax=2.153e-02  DilMax=6.516e-01  dt=4.159e-03
15:45:25.099 [ INFO] step=  2767  t=11.50447  ResidMax=2.153e-02  DilMax=6.516e-01  dt=4.159e-03
15:45:25.136 [ INFO] step=  2768  t=11.50863  ResidMax=2.153e-02  DilMax=6.516e-01  dt=4.159e-03
15:45:25.173 [ INFO] step=  2769  t=11.51279  ResidMax=2.152e-02  DilMax=6.516e-01  dt=4.159e-03
15:45:25.211 [ INFO] step=  2770  t=11.51695  ResidMax=2.152e-02  DilMax=6.516e-01  dt=4.159e-03
15:45:25.248 [ INFO] step=  2771  t=11.52110  ResidMax=2.151e-02  DilMax=6.516e-01  dt=4.159e-03
15:45:25.286 [ INFO] step=  2772  t=11.52526  ResidMax=2.151e-02  DilMax=6.516e-01  dt=4.159e-03
15:45:25.323 [ INFO] step=  2773  t=11.52942  ResidMax=2.150e-02  DilMax=6.516e-01  dt=4.159e-03
15:45:25.361 [ INFO] step=  2774  t=11.53358  ResidMax=2.150e-02  DilMax=6.517e-01  dt=4.159e-03
15:45:25.398 [ INFO] step=  2775  t=11.53774  ResidMax=2.149e-02  DilMax=6.517e-01  dt=4.159e-03
15:45:25.435 [ INFO] step=  2776  t=11.54190  ResidMax=2.149e-02  DilMax=6.517e-01  dt=4.159e-03
15:45:25.472 [ INFO] step=  2777  t=11.54606  ResidMax=2.149e-02  DilMax=6.517e-01  dt=4.159e-03
15:45:25.509 [ INFO] step=  2778  t=11.55022  ResidMax=2.148e-02  DilMax=6.517e-01  dt=4.159e-03
15:45:25.547 [ INFO] step=  2779  t=11.55437  ResidMax=2.148e-02  DilMax=6.517e-01  dt=4.159e-03
15:45:25.584 [ INFO] step=  2780  t=11.55853  ResidMax=2.147e-02  DilMax=6.517e-01  dt=4.159e-03
15:45:25.622 [ INFO] step=  2781  t=11.56269  ResidMax=2.147e-02  DilMax=6.517e-01  dt=4.159e-03
15:45:25.660 [ INFO] step=  2782  t=11.56685  ResidMax=2.147e-02  DilMax=6.517e-01  dt=4.159e-03
15:45:25.697 [ INFO] step=  2783  t=11.57101  ResidMax=2.146e-02  DilMax=6.517e-01  dt=4.159e-03
15:45:25.736 [ INFO] step=  2784  t=11.57517  ResidMax=2.146e-02  DilMax=6.517e-01  dt=4.159e-03
15:45:25.774 [ INFO] step=  2785  t=11.57933  ResidMax=2.145e-02  DilMax=6.517e-01  dt=4.159e-03
15:45:25.811 [ INFO] step=  2786  t=11.58349  ResidMax=2.145e-02  DilMax=6.517e-01  dt=4.159e-03
15:45:25.850 [ INFO] step=  2787  t=11.58764  ResidMax=2.145e-02  DilMax=6.517e-01  dt=4.159e-03
15:45:25.887 [ INFO] step=  2788  t=11.59180  ResidMax=2.144e-02  DilMax=6.517e-01  dt=4.159e-03
15:45:25.925 [ INFO] step=  2789  t=11.59596  ResidMax=2.144e-02  DilMax=6.517e-01  dt=4.159e-03
15:45:25.962 [ INFO] step=  2790  t=11.60012  ResidMax=2.143e-02  DilMax=6.517e-01  dt=4.159e-03
15:45:26.000 [ INFO] step=  2791  t=11.60428  ResidMax=2.143e-02  DilMax=6.517e-01  dt=4.159e-03
15:45:26.036 [ INFO] step=  2792  t=11.60844  ResidMax=2.142e-02  DilMax=6.517e-01  dt=4.159e-03
15:45:26.073 [ INFO] step=  2793  t=11.61260  ResidMax=2.142e-02  DilMax=6.517e-01  dt=4.159e-03
15:45:26.110 [ INFO] step=  2794  t=11.61676  ResidMax=2.141e-02  DilMax=6.517e-01  dt=4.159e-03
15:45:26.148 [ INFO] step=  2795  t=11.62091  ResidMax=2.141e-02  DilMax=6.517e-01  dt=4.159e-03
15:45:26.184 [ INFO] step=  2796  t=11.62507  ResidMax=2.141e-02  DilMax=6.517e-01  dt=4.159e-03
15:45:26.221 [ INFO] step=  2797  t=11.62923  ResidMax=2.140e-02  DilMax=6.517e-01  dt=4.159e-03
15:45:26.258 [ INFO] step=  2798  t=11.63339  ResidMax=2.140e-02  DilMax=6.517e-01  dt=4.159e-03
15:45:26.296 [ INFO] step=  2799  t=11.63755  ResidMax=2.139e-02  DilMax=6.517e-01  dt=4.159e-03
15:45:26.333 [ INFO] step=  2800  t=11.64171  ResidMax=2.138e-02  DilMax=6.517e-01  dt=4.159e-03
15:45:26.370 [ INFO] step=  2801  t=11.64587  ResidMax=2.138e-02  DilMax=6.517e-01  dt=4.159e-03
15:45:26.407 [ INFO] step=  2802  t=11.65003  ResidMax=2.137e-02  DilMax=6.517e-01  dt=4.159e-03
15:45:26.444 [ INFO] step=  2803  t=11.65418  ResidMax=2.137e-02  DilMax=6.517e-01  dt=4.159e-03
15:45:26.482 [ INFO] step=  2804  t=11.65834  ResidMax=2.136e-02  DilMax=6.517e-01  dt=4.159e-03
15:45:26.519 [ INFO] step=  2805  t=11.66250  ResidMax=2.136e-02  DilMax=6.517e-01  dt=4.159e-03
15:45:26.556 [ INFO] step=  2806  t=11.66666  ResidMax=2.135e-02  DilMax=6.517e-01  dt=4.159e-03
15:45:26.593 [ INFO] step=  2807  t=11.67082  ResidMax=2.135e-02  DilMax=6.517e-01  dt=4.159e-03
15:45:26.630 [ INFO] step=  2808  t=11.67498  ResidMax=2.134e-02  DilMax=6.517e-01  dt=4.159e-03
15:45:26.668 [ INFO] step=  2809  t=11.67914  ResidMax=2.134e-02  DilMax=6.517e-01  dt=4.159e-03
15:45:26.705 [ INFO] step=  2810  t=11.68330  ResidMax=2.133e-02  DilMax=6.517e-01  dt=4.159e-03
15:45:26.743 [ INFO] step=  2811  t=11.68745  ResidMax=2.132e-02  DilMax=6.517e-01  dt=4.159e-03
15:45:26.780 [ INFO] step=  2812  t=11.69161  ResidMax=2.132e-02  DilMax=6.517e-01  dt=4.159e-03
15:45:26.817 [ INFO] step=  2813  t=11.69577  ResidMax=2.131e-02  DilMax=6.517e-01  dt=4.159e-03
15:45:26.855 [ INFO] step=  2814  t=11.69993  ResidMax=2.131e-02  DilMax=6.517e-01  dt=4.159e-03
15:45:26.892 [ INFO] step=  2815  t=11.70409  ResidMax=2.130e-02  DilMax=6.517e-01  dt=4.159e-03
15:45:26.930 [ INFO] step=  2816  t=11.70825  ResidMax=2.129e-02  DilMax=6.517e-01  dt=4.159e-03
15:45:26.967 [ INFO] step=  2817  t=11.71241  ResidMax=2.129e-02  DilMax=6.517e-01  dt=4.159e-03
15:45:27.004 [ INFO] step=  2818  t=11.71657  ResidMax=2.128e-02  DilMax=6.517e-01  dt=4.159e-03
15:45:27.042 [ INFO] step=  2819  t=11.72073  ResidMax=2.127e-02  DilMax=6.517e-01  dt=4.159e-03
15:45:27.080 [ INFO] step=  2820  t=11.72488  ResidMax=2.127e-02  DilMax=6.517e-01  dt=4.159e-03
15:45:27.117 [ INFO] step=  2821  t=11.72904  ResidMax=2.126e-02  DilMax=6.517e-01  dt=4.159e-03
15:45:27.155 [ INFO] step=  2822  t=11.73320  ResidMax=2.126e-02  DilMax=6.517e-01  dt=4.159e-03
15:45:27.192 [ INFO] step=  2823  t=11.73736  ResidMax=2.125e-02  DilMax=6.517e-01  dt=4.159e-03
15:45:27.229 [ INFO] step=  2824  t=11.74152  ResidMax=2.124e-02  DilMax=6.517e-01  dt=4.159e-03
15:45:27.267 [ INFO] step=  2825  t=11.74568  ResidMax=2.124e-02  DilMax=6.517e-01  dt=4.159e-03
15:45:27.303 [ INFO] step=  2826  t=11.74984  ResidMax=2.123e-02  DilMax=6.517e-01  dt=4.159e-03
15:45:27.341 [ INFO] step=  2827  t=11.75400  ResidMax=2.122e-02  DilMax=6.517e-01  dt=4.159e-03
15:45:27.378 [ INFO] step=  2828  t=11.75815  ResidMax=2.121e-02  DilMax=6.517e-01  dt=4.159e-03
15:45:27.415 [ INFO] step=  2829  t=11.76231  ResidMax=2.121e-02  DilMax=6.517e-01  dt=4.159e-03
15:45:27.452 [ INFO] step=  2830  t=11.76647  ResidMax=2.120e-02  DilMax=6.517e-01  dt=4.159e-03
15:45:27.489 [ INFO] step=  2831  t=11.77063  ResidMax=2.120e-02  DilMax=6.517e-01  dt=4.159e-03
15:45:27.527 [ INFO] step=  2832  t=11.77479  ResidMax=2.119e-02  DilMax=6.517e-01  dt=4.159e-03
15:45:27.564 [ INFO] step=  2833  t=11.77895  ResidMax=2.118e-02  DilMax=6.517e-01  dt=4.159e-03
15:45:27.601 [ INFO] step=  2834  t=11.78311  ResidMax=2.118e-02  DilMax=6.517e-01  dt=4.159e-03
15:45:27.638 [ INFO] step=  2835  t=11.78727  ResidMax=2.117e-02  DilMax=6.517e-01  dt=4.159e-03
15:45:27.677 [ INFO] step=  2836  t=11.79142  ResidMax=2.116e-02  DilMax=6.517e-01  dt=4.159e-03
15:45:27.714 [ INFO] step=  2837  t=11.79558  ResidMax=2.116e-02  DilMax=6.517e-01  dt=4.159e-03
15:45:27.752 [ INFO] step=  2838  t=11.79974  ResidMax=2.115e-02  DilMax=6.517e-01  dt=4.159e-03
15:45:27.843 [ INFO] step=  2839  t=11.80390  ResidMax=2.114e-02  DilMax=6.517e-01  dt=4.159e-03
15:45:27.880 [ INFO] step=  2840  t=11.80806  ResidMax=2.114e-02  DilMax=6.517e-01  dt=4.159e-03
15:45:27.917 [ INFO] step=  2841  t=11.81222  ResidMax=2.113e-02  DilMax=6.517e-01  dt=4.159e-03
15:45:27.955 [ INFO] step=  2842  t=11.81638  ResidMax=2.112e-02  DilMax=6.517e-01  dt=4.159e-03
15:45:27.992 [ INFO] step=  2843  t=11.82054  ResidMax=2.112e-02  DilMax=6.517e-01  dt=4.159e-03
15:45:28.029 [ INFO] step=  2844  t=11.82469  ResidMax=2.111e-02  DilMax=6.517e-01  dt=4.159e-03
15:45:28.067 [ INFO] step=  2845  t=11.82885  ResidMax=2.110e-02  DilMax=6.517e-01  dt=4.159e-03
15:45:28.149 [ INFO] step=  2846  t=11.83301  ResidMax=2.109e-02  DilMax=6.517e-01  dt=4.159e-03
15:45:28.186 [ INFO] step=  2847  t=11.83717  ResidMax=2.109e-02  DilMax=6.517e-01  dt=4.159e-03
15:45:28.222 [ INFO] step=  2848  t=11.84133  ResidMax=2.108e-02  DilMax=6.517e-01  dt=4.159e-03
15:45:28.260 [ INFO] step=  2849  t=11.84549  ResidMax=2.107e-02  DilMax=6.517e-01  dt=4.159e-03
15:45:28.297 [ INFO] step=  2850  t=11.84965  ResidMax=2.107e-02  DilMax=6.517e-01  dt=4.159e-03
15:45:28.336 [ INFO] step=  2851  t=11.85381  ResidMax=2.106e-02  DilMax=6.517e-01  dt=4.159e-03
15:45:28.373 [ INFO] step=  2852  t=11.85796  ResidMax=2.105e-02  DilMax=6.517e-01  dt=4.159e-03
15:45:28.410 [ INFO] step=  2853  t=11.86212  ResidMax=2.104e-02  DilMax=6.517e-01  dt=4.159e-03
15:45:28.447 [ INFO] step=  2854  t=11.86628  ResidMax=2.103e-02  DilMax=6.517e-01  dt=4.159e-03
15:45:28.485 [ INFO] step=  2855  t=11.87044  ResidMax=2.103e-02  DilMax=6.517e-01  dt=4.159e-03
15:45:28.522 [ INFO] step=  2856  t=11.87460  ResidMax=2.102e-02  DilMax=6.517e-01  dt=4.159e-03
15:45:28.560 [ INFO] step=  2857  t=11.87876  ResidMax=2.101e-02  DilMax=6.516e-01  dt=4.159e-03
15:45:28.597 [ INFO] step=  2858  t=11.88292  ResidMax=2.100e-02  DilMax=6.516e-01  dt=4.159e-03
15:45:28.634 [ INFO] step=  2859  t=11.88708  ResidMax=2.099e-02  DilMax=6.516e-01  dt=4.159e-03
15:45:28.671 [ INFO] step=  2860  t=11.89123  ResidMax=2.098e-02  DilMax=6.516e-01  dt=4.159e-03
15:45:28.709 [ INFO] step=  2861  t=11.89539  ResidMax=2.098e-02  DilMax=6.516e-01  dt=4.159e-03
15:45:28.746 [ INFO] step=  2862  t=11.89955  ResidMax=2.097e-02  DilMax=6.516e-01  dt=4.159e-03
15:45:28.783 [ INFO] step=  2863  t=11.90371  ResidMax=2.096e-02  DilMax=6.516e-01  dt=4.159e-03
15:45:28.821 [ INFO] step=  2864  t=11.90787  ResidMax=2.095e-02  DilMax=6.516e-01  dt=4.159e-03
15:45:28.858 [ INFO] step=  2865  t=11.91203  ResidMax=2.094e-02  DilMax=6.516e-01  dt=4.159e-03
15:45:28.896 [ INFO] step=  2866  t=11.91619  ResidMax=2.093e-02  DilMax=6.516e-01  dt=4.159e-03
15:45:28.933 [ INFO] step=  2867  t=11.92035  ResidMax=2.093e-02  DilMax=6.516e-01  dt=4.159e-03
15:45:28.971 [ INFO] step=  2868  t=11.92450  ResidMax=2.092e-02  DilMax=6.516e-01  dt=4.159e-03
15:45:29.007 [ INFO] step=  2869  t=11.92866  ResidMax=2.091e-02  DilMax=6.516e-01  dt=4.159e-03
15:45:29.045 [ INFO] step=  2870  t=11.93282  ResidMax=2.090e-02  DilMax=6.516e-01  dt=4.159e-03
15:45:29.082 [ INFO] step=  2871  t=11.93698  ResidMax=2.090e-02  DilMax=6.516e-01  dt=4.159e-03
15:45:29.120 [ INFO] step=  2872  t=11.94114  ResidMax=2.089e-02  DilMax=6.516e-01  dt=4.159e-03
15:45:29.158 [ INFO] step=  2873  t=11.94530  ResidMax=2.088e-02  DilMax=6.516e-01  dt=4.159e-03
15:45:29.195 [ INFO] step=  2874  t=11.94946  ResidMax=2.087e-02  DilMax=6.516e-01  dt=4.159e-03
15:45:29.232 [ INFO] step=  2875  t=11.95362  ResidMax=2.086e-02  DilMax=6.516e-01  dt=4.159e-03
15:45:29.270 [ INFO] step=  2876  t=11.95777  ResidMax=2.086e-02  DilMax=6.516e-01  dt=4.159e-03
15:45:29.306 [ INFO] step=  2877  t=11.96193  ResidMax=2.085e-02  DilMax=6.516e-01  dt=4.159e-03
15:45:29.344 [ INFO] step=  2878  t=11.96609  ResidMax=2.084e-02  DilMax=6.516e-01  dt=4.159e-03
15:45:29.382 [ INFO] step=  2879  t=11.97025  ResidMax=2.083e-02  DilMax=6.516e-01  dt=4.159e-03
15:45:29.419 [ INFO] step=  2880  t=11.97441  ResidMax=2.082e-02  DilMax=6.516e-01  dt=4.159e-03
15:45:29.457 [ INFO] step=  2881  t=11.97857  ResidMax=2.082e-02  DilMax=6.516e-01  dt=4.159e-03
15:45:29.494 [ INFO] step=  2882  t=11.98273  ResidMax=2.081e-02  DilMax=6.515e-01  dt=4.159e-03
15:45:29.531 [ INFO] step=  2883  t=11.98689  ResidMax=2.080e-02  DilMax=6.515e-01  dt=4.159e-03
15:45:29.569 [ INFO] step=  2884  t=11.99104  ResidMax=2.079e-02  DilMax=6.515e-01  dt=4.159e-03
15:45:29.610 [ INFO] step=  2885  t=11.99520  ResidMax=2.078e-02  DilMax=6.515e-01  dt=4.159e-03
15:45:29.649 [ INFO] step=  2886  t=11.99936  ResidMax=2.077e-02  DilMax=6.515e-01  dt=4.159e-03
15:45:29.689 [ INFO] step=  2887  t=12.00352  ResidMax=2.077e-02  DilMax=6.515e-01  dt=4.159e-03
15:45:29.726 [ INFO] step=  2888  t=12.00768  ResidMax=2.076e-02  DilMax=6.515e-01  dt=4.159e-03
15:45:29.764 [ INFO] step=  2889  t=12.01184  ResidMax=2.075e-02  DilMax=6.515e-01  dt=4.159e-03
15:45:29.800 [ INFO] step=  2890  t=12.01600  ResidMax=2.074e-02  DilMax=6.515e-01  dt=4.159e-03
15:45:29.838 [ INFO] step=  2891  t=12.02016  ResidMax=2.073e-02  DilMax=6.515e-01  dt=4.159e-03
15:45:29.875 [ INFO] step=  2892  t=12.02431  ResidMax=2.072e-02  DilMax=6.515e-01  dt=4.159e-03
15:45:29.912 [ INFO] step=  2893  t=12.02847  ResidMax=2.071e-02  DilMax=6.515e-01  dt=4.159e-03
15:45:29.949 [ INFO] step=  2894  t=12.03263  ResidMax=2.071e-02  DilMax=6.515e-01  dt=4.159e-03
15:45:29.986 [ INFO] step=  2895  t=12.03679  ResidMax=2.070e-02  DilMax=6.515e-01  dt=4.159e-03
15:45:30.023 [ INFO] step=  2896  t=12.04095  ResidMax=2.069e-02  DilMax=6.515e-01  dt=4.159e-03
15:45:30.061 [ INFO] step=  2897  t=12.04511  ResidMax=2.068e-02  DilMax=6.515e-01  dt=4.159e-03
15:45:30.098 [ INFO] step=  2898  t=12.04927  ResidMax=2.067e-02  DilMax=6.515e-01  dt=4.159e-03
15:45:30.135 [ INFO] step=  2899  t=12.05343  ResidMax=2.066e-02  DilMax=6.515e-01  dt=4.159e-03
15:45:30.173 [ INFO] step=  2900  t=12.05758  ResidMax=2.065e-02  DilMax=6.515e-01  dt=4.159e-03
15:45:30.210 [ INFO] step=  2901  t=12.06174  ResidMax=2.064e-02  DilMax=6.514e-01  dt=4.159e-03
15:45:30.246 [ INFO] step=  2902  t=12.06590  ResidMax=2.063e-02  DilMax=6.514e-01  dt=4.159e-03
15:45:30.283 [ INFO] step=  2903  t=12.07006  ResidMax=2.062e-02  DilMax=6.514e-01  dt=4.159e-03
15:45:30.321 [ INFO] step=  2904  t=12.07422  ResidMax=2.061e-02  DilMax=6.514e-01  dt=4.159e-03
15:45:30.358 [ INFO] step=  2905  t=12.07838  ResidMax=2.060e-02  DilMax=6.514e-01  dt=4.159e-03
15:45:30.394 [ INFO] step=  2906  t=12.08254  ResidMax=2.059e-02  DilMax=6.514e-01  dt=4.159e-03
15:45:30.432 [ INFO] step=  2907  t=12.08670  ResidMax=2.059e-02  DilMax=6.514e-01  dt=4.159e-03
15:45:30.469 [ INFO] step=  2908  t=12.09085  ResidMax=2.058e-02  DilMax=6.514e-01  dt=4.159e-03
15:45:30.505 [ INFO] step=  2909  t=12.09501  ResidMax=2.057e-02  DilMax=6.514e-01  dt=4.159e-03
15:45:30.542 [ INFO] step=  2910  t=12.09917  ResidMax=2.056e-02  DilMax=6.514e-01  dt=4.159e-03
15:45:30.580 [ INFO] step=  2911  t=12.10333  ResidMax=2.055e-02  DilMax=6.514e-01  dt=4.159e-03
15:45:30.617 [ INFO] step=  2912  t=12.10749  ResidMax=2.054e-02  DilMax=6.514e-01  dt=4.159e-03
15:45:30.655 [ INFO] step=  2913  t=12.11165  ResidMax=2.053e-02  DilMax=6.514e-01  dt=4.159e-03
15:45:30.694 [ INFO] step=  2914  t=12.11581  ResidMax=2.052e-02  DilMax=6.514e-01  dt=4.159e-03
15:45:30.730 [ INFO] step=  2915  t=12.11997  ResidMax=2.051e-02  DilMax=6.514e-01  dt=4.159e-03
15:45:30.768 [ INFO] step=  2916  t=12.12412  ResidMax=2.050e-02  DilMax=6.514e-01  dt=4.159e-03
15:45:30.805 [ INFO] step=  2917  t=12.12828  ResidMax=2.049e-02  DilMax=6.513e-01  dt=4.159e-03
15:45:30.844 [ INFO] step=  2918  t=12.13244  ResidMax=2.048e-02  DilMax=6.513e-01  dt=4.159e-03
15:45:30.880 [ INFO] step=  2919  t=12.13660  ResidMax=2.047e-02  DilMax=6.513e-01  dt=4.159e-03
15:45:30.917 [ INFO] step=  2920  t=12.14076  ResidMax=2.046e-02  DilMax=6.513e-01  dt=4.159e-03
15:45:30.955 [ INFO] step=  2921  t=12.14492  ResidMax=2.045e-02  DilMax=6.513e-01  dt=4.159e-03
15:45:30.993 [ INFO] step=  2922  t=12.14908  ResidMax=2.044e-02  DilMax=6.513e-01  dt=4.159e-03
15:45:31.030 [ INFO] step=  2923  t=12.15324  ResidMax=2.043e-02  DilMax=6.513e-01  dt=4.159e-03
15:45:31.067 [ INFO] step=  2924  t=12.15739  ResidMax=2.042e-02  DilMax=6.513e-01  dt=4.159e-03
15:45:31.105 [ INFO] step=  2925  t=12.16155  ResidMax=2.041e-02  DilMax=6.513e-01  dt=4.159e-03
15:45:31.142 [ INFO] step=  2926  t=12.16571  ResidMax=2.040e-02  DilMax=6.513e-01  dt=4.159e-03
15:45:31.179 [ INFO] step=  2927  t=12.16987  ResidMax=2.039e-02  DilMax=6.513e-01  dt=4.159e-03
15:45:31.217 [ INFO] step=  2928  t=12.17403  ResidMax=2.039e-02  DilMax=6.513e-01  dt=4.159e-03
15:45:31.255 [ INFO] step=  2929  t=12.17819  ResidMax=2.038e-02  DilMax=6.513e-01  dt=4.159e-03
15:45:31.293 [ INFO] step=  2930  t=12.18235  ResidMax=2.037e-02  DilMax=6.513e-01  dt=4.159e-03
15:45:31.331 [ INFO] step=  2931  t=12.18651  ResidMax=2.036e-02  DilMax=6.512e-01  dt=4.159e-03
15:45:31.368 [ INFO] step=  2932  t=12.19066  ResidMax=2.035e-02  DilMax=6.512e-01  dt=4.159e-03
15:45:31.405 [ INFO] step=  2933  t=12.19482  ResidMax=2.034e-02  DilMax=6.512e-01  dt=4.159e-03
15:45:31.443 [ INFO] step=  2934  t=12.19898  ResidMax=2.033e-02  DilMax=6.512e-01  dt=4.159e-03
15:45:31.480 [ INFO] step=  2935  t=12.20314  ResidMax=2.032e-02  DilMax=6.512e-01  dt=4.159e-03
15:45:31.518 [ INFO] step=  2936  t=12.20730  ResidMax=2.031e-02  DilMax=6.512e-01  dt=4.159e-03
15:45:31.555 [ INFO] step=  2937  t=12.21146  ResidMax=2.030e-02  DilMax=6.512e-01  dt=4.159e-03
15:45:31.593 [ INFO] step=  2938  t=12.21562  ResidMax=2.029e-02  DilMax=6.512e-01  dt=4.159e-03
15:45:31.630 [ INFO] step=  2939  t=12.21978  ResidMax=2.028e-02  DilMax=6.512e-01  dt=4.159e-03
15:45:31.667 [ INFO] step=  2940  t=12.22393  ResidMax=2.027e-02  DilMax=6.512e-01  dt=4.159e-03
15:45:31.704 [ INFO] step=  2941  t=12.22809  ResidMax=2.026e-02  DilMax=6.512e-01  dt=4.159e-03
15:45:31.742 [ INFO] step=  2942  t=12.23225  ResidMax=2.025e-02  DilMax=6.512e-01  dt=4.159e-03
15:45:31.780 [ INFO] step=  2943  t=12.23641  ResidMax=2.024e-02  DilMax=6.512e-01  dt=4.159e-03
15:45:31.833 [ INFO] step=  2944  t=12.24057  ResidMax=2.023e-02  DilMax=6.511e-01  dt=4.159e-03
15:45:31.870 [ INFO] step=  2945  t=12.24473  ResidMax=2.022e-02  DilMax=6.511e-01  dt=4.159e-03
15:45:31.908 [ INFO] step=  2946  t=12.24889  ResidMax=2.021e-02  DilMax=6.511e-01  dt=4.159e-03
15:45:31.944 [ INFO] step=  2947  t=12.25305  ResidMax=2.020e-02  DilMax=6.511e-01  dt=4.159e-03
15:45:31.981 [ INFO] step=  2948  t=12.25720  ResidMax=2.019e-02  DilMax=6.511e-01  dt=4.159e-03
15:45:32.018 [ INFO] step=  2949  t=12.26136  ResidMax=2.017e-02  DilMax=6.511e-01  dt=4.159e-03
15:45:32.055 [ INFO] step=  2950  t=12.26552  ResidMax=2.016e-02  DilMax=6.511e-01  dt=4.159e-03
15:45:32.093 [ INFO] step=  2951  t=12.26968  ResidMax=2.015e-02  DilMax=6.511e-01  dt=4.159e-03
15:45:32.130 [ INFO] step=  2952  t=12.27384  ResidMax=2.014e-02  DilMax=6.511e-01  dt=4.159e-03
15:45:32.167 [ INFO] step=  2953  t=12.27800  ResidMax=2.013e-02  DilMax=6.511e-01  dt=4.159e-03
15:45:32.204 [ INFO] step=  2954  t=12.28216  ResidMax=2.012e-02  DilMax=6.511e-01  dt=4.159e-03
15:45:32.240 [ INFO] step=  2955  t=12.28632  ResidMax=2.011e-02  DilMax=6.511e-01  dt=4.159e-03
15:45:32.277 [ INFO] step=  2956  t=12.29047  ResidMax=2.010e-02  DilMax=6.510e-01  dt=4.159e-03
15:45:32.314 [ INFO] step=  2957  t=12.29463  ResidMax=2.009e-02  DilMax=6.510e-01  dt=4.159e-03
15:45:32.352 [ INFO] step=  2958  t=12.29879  ResidMax=2.008e-02  DilMax=6.510e-01  dt=4.159e-03
15:45:32.388 [ INFO] step=  2959  t=12.30295  ResidMax=2.007e-02  DilMax=6.510e-01  dt=4.159e-03
15:45:32.425 [ INFO] step=  2960  t=12.30711  ResidMax=2.006e-02  DilMax=6.510e-01  dt=4.159e-03
15:45:32.463 [ INFO] step=  2961  t=12.31127  ResidMax=2.005e-02  DilMax=6.510e-01  dt=4.159e-03
15:45:32.501 [ INFO] step=  2962  t=12.31543  ResidMax=2.004e-02  DilMax=6.510e-01  dt=4.159e-03
15:45:32.538 [ INFO] step=  2963  t=12.31959  ResidMax=2.003e-02  DilMax=6.510e-01  dt=4.159e-03
15:45:32.576 [ INFO] step=  2964  t=12.32374  ResidMax=2.001e-02  DilMax=6.510e-01  dt=4.159e-03
15:45:32.614 [ INFO] step=  2965  t=12.32790  ResidMax=2.000e-02  DilMax=6.510e-01  dt=4.159e-03
15:45:32.651 [ INFO] step=  2966  t=12.33206  ResidMax=1.999e-02  DilMax=6.510e-01  dt=4.159e-03
15:45:32.688 [ INFO] step=  2967  t=12.33622  ResidMax=1.998e-02  DilMax=6.510e-01  dt=4.159e-03
15:45:32.726 [ INFO] step=  2968  t=12.34038  ResidMax=1.997e-02  DilMax=6.509e-01  dt=4.159e-03
15:45:32.763 [ INFO] step=  2969  t=12.34454  ResidMax=1.996e-02  DilMax=6.509e-01  dt=4.159e-03
15:45:32.801 [ INFO] step=  2970  t=12.34870  ResidMax=1.995e-02  DilMax=6.509e-01  dt=4.159e-03
15:45:32.839 [ INFO] step=  2971  t=12.35285  ResidMax=1.994e-02  DilMax=6.509e-01  dt=4.159e-03
15:45:32.876 [ INFO] step=  2972  t=12.35701  ResidMax=1.993e-02  DilMax=6.509e-01  dt=4.159e-03
15:45:32.913 [ INFO] step=  2973  t=12.36117  ResidMax=1.991e-02  DilMax=6.509e-01  dt=4.159e-03
15:45:32.950 [ INFO] step=  2974  t=12.36533  ResidMax=1.990e-02  DilMax=6.509e-01  dt=4.159e-03
15:45:32.988 [ INFO] step=  2975  t=12.36949  ResidMax=1.989e-02  DilMax=6.509e-01  dt=4.159e-03
15:45:33.025 [ INFO] step=  2976  t=12.37365  ResidMax=1.988e-02  DilMax=6.509e-01  dt=4.159e-03
15:45:33.063 [ INFO] step=  2977  t=12.37781  ResidMax=1.987e-02  DilMax=6.509e-01  dt=4.159e-03
15:45:33.100 [ INFO] step=  2978  t=12.38197  ResidMax=1.986e-02  DilMax=6.509e-01  dt=4.159e-03
15:45:33.138 [ INFO] step=  2979  t=12.38612  ResidMax=1.985e-02  DilMax=6.508e-01  dt=4.159e-03
15:45:33.175 [ INFO] step=  2980  t=12.39028  ResidMax=1.983e-02  DilMax=6.508e-01  dt=4.159e-03
15:45:33.212 [ INFO] step=  2981  t=12.39444  ResidMax=1.982e-02  DilMax=6.508e-01  dt=4.159e-03
15:45:33.250 [ INFO] step=  2982  t=12.39860  ResidMax=1.981e-02  DilMax=6.508e-01  dt=4.159e-03
15:45:33.286 [ INFO] step=  2983  t=12.40276  ResidMax=1.980e-02  DilMax=6.508e-01  dt=4.159e-03
15:45:33.324 [ INFO] step=  2984  t=12.40692  ResidMax=1.979e-02  DilMax=6.508e-01  dt=4.159e-03
15:45:33.361 [ INFO] step=  2985  t=12.41108  ResidMax=1.978e-02  DilMax=6.508e-01  dt=4.159e-03
15:45:33.398 [ INFO] step=  2986  t=12.41524  ResidMax=1.977e-02  DilMax=6.508e-01  dt=4.159e-03
15:45:33.435 [ INFO] step=  2987  t=12.41939  ResidMax=1.975e-02  DilMax=6.508e-01  dt=4.159e-03
15:45:33.472 [ INFO] step=  2988  t=12.42355  ResidMax=1.974e-02  DilMax=6.508e-01  dt=4.159e-03
15:45:33.509 [ INFO] step=  2989  t=12.42771  ResidMax=1.973e-02  DilMax=6.508e-01  dt=4.159e-03
15:45:33.546 [ INFO] step=  2990  t=12.43187  ResidMax=1.972e-02  DilMax=6.507e-01  dt=4.159e-03
15:45:33.583 [ INFO] step=  2991  t=12.43603  ResidMax=1.971e-02  DilMax=6.507e-01  dt=4.159e-03
15:45:33.620 [ INFO] step=  2992  t=12.44019  ResidMax=1.969e-02  DilMax=6.507e-01  dt=4.159e-03
15:45:33.657 [ INFO] step=  2993  t=12.44435  ResidMax=1.968e-02  DilMax=6.507e-01  dt=4.159e-03
15:45:33.695 [ INFO] step=  2994  t=12.44851  ResidMax=1.967e-02  DilMax=6.507e-01  dt=4.159e-03
15:45:33.732 [ INFO] step=  2995  t=12.45266  ResidMax=1.966e-02  DilMax=6.507e-01  dt=4.159e-03
15:45:33.770 [ INFO] step=  2996  t=12.45682  ResidMax=1.965e-02  DilMax=6.507e-01  dt=4.159e-03
15:45:33.807 [ INFO] step=  2997  t=12.46098  ResidMax=1.963e-02  DilMax=6.507e-01  dt=4.159e-03
15:45:33.844 [ INFO] step=  2998  t=12.46514  ResidMax=1.962e-02  DilMax=6.507e-01  dt=4.159e-03
15:45:33.881 [ INFO] step=  2999  t=12.46930  ResidMax=1.961e-02  DilMax=6.507e-01  dt=4.159e-03
15:45:33.920 [ INFO] step=  3000  t=12.47346  ResidMax=1.960e-02  DilMax=6.507e-01  dt=4.159e-03
15:45:34.228 [ INFO] VTK snapshot written → results/backstep_validation/step_re100_t003000.vtk
15:45:36.255 [ INFO] step=  3001  t=12.47762  ResidMax=1.959e-02  DilMax=6.506e-01  dt=4.159e-03
15:45:36.292 [ INFO] step=  3002  t=12.48178  ResidMax=1.957e-02  DilMax=6.506e-01  dt=4.159e-03
15:45:36.330 [ INFO] step=  3003  t=12.48593  ResidMax=1.956e-02  DilMax=6.506e-01  dt=4.159e-03
15:45:36.366 [ INFO] step=  3004  t=12.49009  ResidMax=1.955e-02  DilMax=6.506e-01  dt=4.159e-03
15:45:36.403 [ INFO] step=  3005  t=12.49425  ResidMax=1.954e-02  DilMax=6.506e-01  dt=4.159e-03
15:45:36.440 [ INFO] step=  3006  t=12.49841  ResidMax=1.953e-02  DilMax=6.506e-01  dt=4.159e-03
15:45:36.478 [ INFO] step=  3007  t=12.50257  ResidMax=1.951e-02  DilMax=6.506e-01  dt=4.159e-03
15:45:36.515 [ INFO] step=  3008  t=12.50673  ResidMax=1.950e-02  DilMax=6.506e-01  dt=4.159e-03
15:45:36.553 [ INFO] step=  3009  t=12.51089  ResidMax=1.949e-02  DilMax=6.506e-01  dt=4.159e-03
15:45:36.590 [ INFO] step=  3010  t=12.51504  ResidMax=1.948e-02  DilMax=6.506e-01  dt=4.159e-03
15:45:36.627 [ INFO] step=  3011  t=12.51920  ResidMax=1.947e-02  DilMax=6.505e-01  dt=4.159e-03
15:45:36.664 [ INFO] step=  3012  t=12.52336  ResidMax=1.945e-02  DilMax=6.505e-01  dt=4.159e-03
15:45:36.702 [ INFO] step=  3013  t=12.52752  ResidMax=1.944e-02  DilMax=6.505e-01  dt=4.159e-03
15:45:36.739 [ INFO] step=  3014  t=12.53168  ResidMax=1.943e-02  DilMax=6.505e-01  dt=4.159e-03
15:45:36.777 [ INFO] step=  3015  t=12.53584  ResidMax=1.942e-02  DilMax=6.505e-01  dt=4.159e-03
15:45:36.814 [ INFO] step=  3016  t=12.54000  ResidMax=1.941e-02  DilMax=6.505e-01  dt=4.159e-03
15:45:36.851 [ INFO] step=  3017  t=12.54416  ResidMax=1.940e-02  DilMax=6.505e-01  dt=4.159e-03
15:45:36.888 [ INFO] step=  3018  t=12.54831  ResidMax=1.938e-02  DilMax=6.505e-01  dt=4.159e-03
15:45:36.925 [ INFO] step=  3019  t=12.55247  ResidMax=1.937e-02  DilMax=6.505e-01  dt=4.159e-03
15:45:36.962 [ INFO] step=  3020  t=12.55663  ResidMax=1.936e-02  DilMax=6.505e-01  dt=4.159e-03
15:45:37.000 [ INFO] step=  3021  t=12.56079  ResidMax=1.935e-02  DilMax=6.504e-01  dt=4.159e-03
15:45:37.036 [ INFO] step=  3022  t=12.56495  ResidMax=1.933e-02  DilMax=6.504e-01  dt=4.159e-03
15:45:37.074 [ INFO] step=  3023  t=12.56911  ResidMax=1.932e-02  DilMax=6.504e-01  dt=4.159e-03
15:45:37.110 [ INFO] step=  3024  t=12.57327  ResidMax=1.931e-02  DilMax=6.504e-01  dt=4.159e-03
15:45:37.147 [ INFO] step=  3025  t=12.57743  ResidMax=1.930e-02  DilMax=6.504e-01  dt=4.159e-03
15:45:37.185 [ INFO] step=  3026  t=12.58158  ResidMax=1.929e-02  DilMax=6.504e-01  dt=4.159e-03
15:45:37.221 [ INFO] step=  3027  t=12.58574  ResidMax=1.927e-02  DilMax=6.504e-01  dt=4.159e-03
15:45:37.259 [ INFO] step=  3028  t=12.58990  ResidMax=1.926e-02  DilMax=6.504e-01  dt=4.159e-03
15:45:37.297 [ INFO] step=  3029  t=12.59406  ResidMax=1.925e-02  DilMax=6.504e-01  dt=4.159e-03
15:45:37.334 [ INFO] step=  3030  t=12.59822  ResidMax=1.924e-02  DilMax=6.504e-01  dt=4.159e-03
15:45:37.371 [ INFO] step=  3031  t=12.60238  ResidMax=1.922e-02  DilMax=6.503e-01  dt=4.159e-03
15:45:37.407 [ INFO] step=  3032  t=12.60654  ResidMax=1.921e-02  DilMax=6.503e-01  dt=4.159e-03
15:45:37.445 [ INFO] step=  3033  t=12.61069  ResidMax=1.920e-02  DilMax=6.503e-01  dt=4.159e-03
15:45:37.482 [ INFO] step=  3034  t=12.61485  ResidMax=1.919e-02  DilMax=6.503e-01  dt=4.159e-03
15:45:37.519 [ INFO] step=  3035  t=12.61901  ResidMax=1.917e-02  DilMax=6.503e-01  dt=4.159e-03
15:45:37.555 [ INFO] step=  3036  t=12.62317  ResidMax=1.916e-02  DilMax=6.503e-01  dt=4.159e-03
15:45:37.594 [ INFO] step=  3037  t=12.62733  ResidMax=1.915e-02  DilMax=6.503e-01  dt=4.159e-03
15:45:37.630 [ INFO] step=  3038  t=12.63149  ResidMax=1.914e-02  DilMax=6.503e-01  dt=4.159e-03
15:45:37.667 [ INFO] step=  3039  t=12.63565  ResidMax=1.912e-02  DilMax=6.503e-01  dt=4.159e-03
15:45:37.704 [ INFO] step=  3040  t=12.63981  ResidMax=1.911e-02  DilMax=6.503e-01  dt=4.159e-03
15:45:37.740 [ INFO] step=  3041  t=12.64396  ResidMax=1.910e-02  DilMax=6.502e-01  dt=4.159e-03
15:45:37.778 [ INFO] step=  3042  t=12.64812  ResidMax=1.909e-02  DilMax=6.502e-01  dt=4.159e-03
15:45:37.816 [ INFO] step=  3043  t=12.65228  ResidMax=1.907e-02  DilMax=6.502e-01  dt=4.159e-03
15:45:37.853 [ INFO] step=  3044  t=12.65644  ResidMax=1.906e-02  DilMax=6.502e-01  dt=4.159e-03
15:45:37.891 [ INFO] step=  3045  t=12.66060  ResidMax=1.905e-02  DilMax=6.502e-01  dt=4.159e-03
15:45:37.928 [ INFO] step=  3046  t=12.66476  ResidMax=1.903e-02  DilMax=6.502e-01  dt=4.159e-03
15:45:37.964 [ INFO] step=  3047  t=12.66892  ResidMax=1.902e-02  DilMax=6.502e-01  dt=4.159e-03
15:45:38.001 [ INFO] step=  3048  t=12.67308  ResidMax=1.901e-02  DilMax=6.502e-01  dt=4.159e-03
15:45:38.038 [ INFO] step=  3049  t=12.67723  ResidMax=1.900e-02  DilMax=6.502e-01  dt=4.159e-03
15:45:38.076 [ INFO] step=  3050  t=12.68139  ResidMax=1.898e-02  DilMax=6.502e-01  dt=4.159e-03
15:45:38.115 [ INFO] step=  3051  t=12.68555  ResidMax=1.897e-02  DilMax=6.501e-01  dt=4.159e-03
15:45:38.162 [ INFO] step=  3052  t=12.68971  ResidMax=1.896e-02  DilMax=6.501e-01  dt=4.159e-03
15:45:38.198 [ INFO] step=  3053  t=12.69387  ResidMax=1.894e-02  DilMax=6.501e-01  dt=4.159e-03
15:45:38.235 [ INFO] step=  3054  t=12.69803  ResidMax=1.893e-02  DilMax=6.501e-01  dt=4.159e-03
15:45:38.272 [ INFO] step=  3055  t=12.70219  ResidMax=1.892e-02  DilMax=6.501e-01  dt=4.159e-03
15:45:38.311 [ INFO] step=  3056  t=12.70634  ResidMax=1.891e-02  DilMax=6.501e-01  dt=4.159e-03
15:45:38.349 [ INFO] step=  3057  t=12.71050  ResidMax=1.889e-02  DilMax=6.501e-01  dt=4.159e-03
15:45:38.387 [ INFO] step=  3058  t=12.71466  ResidMax=1.888e-02  DilMax=6.501e-01  dt=4.159e-03
15:45:38.426 [ INFO] step=  3059  t=12.71882  ResidMax=1.886e-02  DilMax=6.501e-01  dt=4.159e-03
15:45:38.464 [ INFO] step=  3060  t=12.72298  ResidMax=1.885e-02  DilMax=6.500e-01  dt=4.159e-03
15:45:38.501 [ INFO] step=  3061  t=12.72714  ResidMax=1.884e-02  DilMax=6.500e-01  dt=4.159e-03
15:45:38.539 [ INFO] step=  3062  t=12.73130  ResidMax=1.883e-02  DilMax=6.500e-01  dt=4.159e-03
15:45:38.577 [ INFO] step=  3063  t=12.73546  ResidMax=1.881e-02  DilMax=6.500e-01  dt=4.159e-03
15:45:38.614 [ INFO] step=  3064  t=12.73961  ResidMax=1.880e-02  DilMax=6.500e-01  dt=4.159e-03
15:45:38.652 [ INFO] step=  3065  t=12.74377  ResidMax=1.879e-02  DilMax=6.500e-01  dt=4.159e-03
15:45:38.690 [ INFO] step=  3066  t=12.74793  ResidMax=1.877e-02  DilMax=6.500e-01  dt=4.159e-03
15:45:38.728 [ INFO] step=  3067  t=12.75209  ResidMax=1.876e-02  DilMax=6.500e-01  dt=4.159e-03
15:45:38.767 [ INFO] step=  3068  t=12.75625  ResidMax=1.874e-02  DilMax=6.500e-01  dt=4.159e-03
15:45:38.806 [ INFO] step=  3069  t=12.76041  ResidMax=1.873e-02  DilMax=6.500e-01  dt=4.159e-03
15:45:38.845 [ INFO] step=  3070  t=12.76457  ResidMax=1.872e-02  DilMax=6.499e-01  dt=4.159e-03
15:45:38.883 [ INFO] step=  3071  t=12.76872  ResidMax=1.871e-02  DilMax=6.499e-01  dt=4.159e-03
15:45:38.921 [ INFO] step=  3072  t=12.77288  ResidMax=1.869e-02  DilMax=6.499e-01  dt=4.159e-03
15:45:38.959 [ INFO] step=  3073  t=12.77704  ResidMax=1.868e-02  DilMax=6.499e-01  dt=4.159e-03
15:45:38.997 [ INFO] step=  3074  t=12.78120  ResidMax=1.866e-02  DilMax=6.499e-01  dt=4.159e-03
15:45:39.035 [ INFO] step=  3075  t=12.78536  ResidMax=1.865e-02  DilMax=6.499e-01  dt=4.159e-03
15:45:39.073 [ INFO] step=  3076  t=12.78952  ResidMax=1.864e-02  DilMax=6.499e-01  dt=4.159e-03
15:45:39.112 [ INFO] step=  3077  t=12.79368  ResidMax=1.862e-02  DilMax=6.499e-01  dt=4.159e-03
15:45:39.150 [ INFO] step=  3078  t=12.79784  ResidMax=1.861e-02  DilMax=6.499e-01  dt=4.159e-03
15:45:39.187 [ INFO] step=  3079  t=12.80199  ResidMax=1.860e-02  DilMax=6.498e-01  dt=4.159e-03
15:45:39.225 [ INFO] step=  3080  t=12.80615  ResidMax=1.858e-02  DilMax=6.498e-01  dt=4.159e-03
15:45:39.262 [ INFO] step=  3081  t=12.81031  ResidMax=1.857e-02  DilMax=6.498e-01  dt=4.159e-03
15:45:39.300 [ INFO] step=  3082  t=12.81447  ResidMax=1.855e-02  DilMax=6.498e-01  dt=4.159e-03
15:45:39.338 [ INFO] step=  3083  t=12.81863  ResidMax=1.854e-02  DilMax=6.498e-01  dt=4.159e-03
15:45:39.376 [ INFO] step=  3084  t=12.82279  ResidMax=1.853e-02  DilMax=6.498e-01  dt=4.159e-03
15:45:39.413 [ INFO] step=  3085  t=12.82695  ResidMax=1.851e-02  DilMax=6.498e-01  dt=4.159e-03
15:45:39.450 [ INFO] step=  3086  t=12.83110  ResidMax=1.850e-02  DilMax=6.498e-01  dt=4.159e-03
15:45:39.487 [ INFO] step=  3087  t=12.83526  ResidMax=1.849e-02  DilMax=6.498e-01  dt=4.159e-03
15:45:39.523 [ INFO] step=  3088  t=12.83942  ResidMax=1.847e-02  DilMax=6.498e-01  dt=4.159e-03
15:45:39.561 [ INFO] step=  3089  t=12.84358  ResidMax=1.846e-02  DilMax=6.497e-01  dt=4.159e-03
15:45:39.598 [ INFO] step=  3090  t=12.84774  ResidMax=1.844e-02  DilMax=6.497e-01  dt=4.159e-03
15:45:39.635 [ INFO] step=  3091  t=12.85190  ResidMax=1.843e-02  DilMax=6.497e-01  dt=4.159e-03
15:45:39.672 [ INFO] step=  3092  t=12.85606  ResidMax=1.841e-02  DilMax=6.497e-01  dt=4.159e-03
15:45:39.710 [ INFO] step=  3093  t=12.86022  ResidMax=1.840e-02  DilMax=6.497e-01  dt=4.159e-03
15:45:39.748 [ INFO] step=  3094  t=12.86437  ResidMax=1.839e-02  DilMax=6.497e-01  dt=4.159e-03
15:45:39.788 [ INFO] step=  3095  t=12.86853  ResidMax=1.837e-02  DilMax=6.497e-01  dt=4.159e-03
15:45:39.827 [ INFO] step=  3096  t=12.87269  ResidMax=1.836e-02  DilMax=6.497e-01  dt=4.159e-03
15:45:39.864 [ INFO] step=  3097  t=12.87685  ResidMax=1.835e-02  DilMax=6.497e-01  dt=4.159e-03
15:45:39.902 [ INFO] step=  3098  t=12.88101  ResidMax=1.833e-02  DilMax=6.496e-01  dt=4.159e-03
15:45:39.939 [ INFO] step=  3099  t=12.88517  ResidMax=1.832e-02  DilMax=6.496e-01  dt=4.159e-03
15:45:39.977 [ INFO] step=  3100  t=12.88933  ResidMax=1.830e-02  DilMax=6.496e-01  dt=4.159e-03
15:45:40.014 [ INFO] step=  3101  t=12.89348  ResidMax=1.829e-02  DilMax=6.496e-01  dt=4.159e-03
15:45:40.050 [ INFO] step=  3102  t=12.89764  ResidMax=1.828e-02  DilMax=6.496e-01  dt=4.159e-03
15:45:40.087 [ INFO] step=  3103  t=12.90180  ResidMax=1.826e-02  DilMax=6.496e-01  dt=4.159e-03
15:45:40.124 [ INFO] step=  3104  t=12.90596  ResidMax=1.825e-02  DilMax=6.496e-01  dt=4.159e-03
15:45:40.161 [ INFO] step=  3105  t=12.91012  ResidMax=1.823e-02  DilMax=6.496e-01  dt=4.159e-03
15:45:40.198 [ INFO] step=  3106  t=12.91428  ResidMax=1.822e-02  DilMax=6.496e-01  dt=4.159e-03
15:45:40.235 [ INFO] step=  3107  t=12.91844  ResidMax=1.821e-02  DilMax=6.496e-01  dt=4.159e-03
15:45:40.273 [ INFO] step=  3108  t=12.92260  ResidMax=1.819e-02  DilMax=6.495e-01  dt=4.159e-03
15:45:40.310 [ INFO] step=  3109  t=12.92675  ResidMax=1.818e-02  DilMax=6.495e-01  dt=4.159e-03
15:45:40.349 [ INFO] step=  3110  t=12.93091  ResidMax=1.817e-02  DilMax=6.495e-01  dt=4.159e-03
15:45:40.387 [ INFO] step=  3111  t=12.93507  ResidMax=1.815e-02  DilMax=6.495e-01  dt=4.159e-03
15:45:40.426 [ INFO] step=  3112  t=12.93923  ResidMax=1.814e-02  DilMax=6.495e-01  dt=4.159e-03
15:45:40.464 [ INFO] step=  3113  t=12.94339  ResidMax=1.812e-02  DilMax=6.495e-01  dt=4.159e-03
15:45:40.503 [ INFO] step=  3114  t=12.94755  ResidMax=1.811e-02  DilMax=6.495e-01  dt=4.159e-03
15:45:40.541 [ INFO] step=  3115  t=12.95171  ResidMax=1.809e-02  DilMax=6.495e-01  dt=4.159e-03
15:45:40.579 [ INFO] step=  3116  t=12.95586  ResidMax=1.808e-02  DilMax=6.495e-01  dt=4.159e-03
15:45:40.618 [ INFO] step=  3117  t=12.96002  ResidMax=1.807e-02  DilMax=6.495e-01  dt=4.159e-03
15:45:40.656 [ INFO] step=  3118  t=12.96418  ResidMax=1.805e-02  DilMax=6.494e-01  dt=4.159e-03
15:45:40.694 [ INFO] step=  3119  t=12.96834  ResidMax=1.804e-02  DilMax=6.494e-01  dt=4.159e-03
15:45:40.731 [ INFO] step=  3120  t=12.97250  ResidMax=1.802e-02  DilMax=6.494e-01  dt=4.159e-03
15:45:40.770 [ INFO] step=  3121  t=12.97666  ResidMax=1.801e-02  DilMax=6.494e-01  dt=4.159e-03
15:45:40.843 [ INFO] step=  3122  t=12.98082  ResidMax=1.799e-02  DilMax=6.494e-01  dt=4.159e-03
15:45:40.881 [ INFO] step=  3123  t=12.98497  ResidMax=1.798e-02  DilMax=6.494e-01  dt=4.159e-03
15:45:40.920 [ INFO] step=  3124  t=12.98913  ResidMax=1.797e-02  DilMax=6.494e-01  dt=4.159e-03
15:45:40.957 [ INFO] step=  3125  t=12.99329  ResidMax=1.795e-02  DilMax=6.494e-01  dt=4.159e-03
15:45:40.995 [ INFO] step=  3126  t=12.99745  ResidMax=1.794e-02  DilMax=6.494e-01  dt=4.159e-03
15:45:41.033 [ INFO] step=  3127  t=13.00161  ResidMax=1.792e-02  DilMax=6.494e-01  dt=4.159e-03
15:45:41.071 [ INFO] step=  3128  t=13.00577  ResidMax=1.791e-02  DilMax=6.493e-01  dt=4.159e-03
15:45:41.109 [ INFO] step=  3129  t=13.00993  ResidMax=1.789e-02  DilMax=6.493e-01  dt=4.159e-03
15:45:41.148 [ INFO] step=  3130  t=13.01409  ResidMax=1.788e-02  DilMax=6.493e-01  dt=4.159e-03
15:45:41.186 [ INFO] step=  3131  t=13.01824  ResidMax=1.787e-02  DilMax=6.493e-01  dt=4.159e-03
15:45:41.224 [ INFO] step=  3132  t=13.02240  ResidMax=1.785e-02  DilMax=6.493e-01  dt=4.159e-03
15:45:41.261 [ INFO] step=  3133  t=13.02656  ResidMax=1.784e-02  DilMax=6.493e-01  dt=4.159e-03
15:45:41.299 [ INFO] step=  3134  t=13.03072  ResidMax=1.782e-02  DilMax=6.493e-01  dt=4.159e-03
15:45:41.337 [ INFO] step=  3135  t=13.03488  ResidMax=1.781e-02  DilMax=6.493e-01  dt=4.159e-03
15:45:41.374 [ INFO] step=  3136  t=13.03904  ResidMax=1.780e-02  DilMax=6.493e-01  dt=4.159e-03
15:45:41.411 [ INFO] step=  3137  t=13.04320  ResidMax=1.778e-02  DilMax=6.492e-01  dt=4.159e-03
15:45:41.449 [ INFO] step=  3138  t=13.04735  ResidMax=1.777e-02  DilMax=6.492e-01  dt=4.159e-03
15:45:41.487 [ INFO] step=  3139  t=13.05151  ResidMax=1.775e-02  DilMax=6.492e-01  dt=4.159e-03
15:45:41.525 [ INFO] step=  3140  t=13.05567  ResidMax=1.774e-02  DilMax=6.492e-01  dt=4.159e-03
15:45:41.562 [ INFO] step=  3141  t=13.05983  ResidMax=1.772e-02  DilMax=6.492e-01  dt=4.159e-03
15:45:41.600 [ INFO] step=  3142  t=13.06399  ResidMax=1.771e-02  DilMax=6.492e-01  dt=4.159e-03
15:45:41.638 [ INFO] step=  3143  t=13.06815  ResidMax=1.769e-02  DilMax=6.492e-01  dt=4.159e-03
15:45:41.676 [ INFO] step=  3144  t=13.07231  ResidMax=1.768e-02  DilMax=6.492e-01  dt=4.159e-03
15:45:41.714 [ INFO] step=  3145  t=13.07646  ResidMax=1.766e-02  DilMax=6.492e-01  dt=4.159e-03
15:45:41.752 [ INFO] step=  3146  t=13.08062  ResidMax=1.765e-02  DilMax=6.492e-01  dt=4.159e-03
15:45:41.790 [ INFO] step=  3147  t=13.08478  ResidMax=1.764e-02  DilMax=6.491e-01  dt=4.159e-03
15:45:41.831 [ INFO] step=  3148  t=13.08894  ResidMax=1.762e-02  DilMax=6.491e-01  dt=4.159e-03
15:45:41.869 [ INFO] step=  3149  t=13.09310  ResidMax=1.761e-02  DilMax=6.491e-01  dt=4.159e-03
15:45:41.908 [ INFO] step=  3150  t=13.09726  ResidMax=1.759e-02  DilMax=6.491e-01  dt=4.159e-03
15:45:41.951 [ INFO] step=  3151  t=13.10142  ResidMax=1.758e-02  DilMax=6.491e-01  dt=4.159e-03
15:45:41.991 [ INFO] step=  3152  t=13.10558  ResidMax=1.756e-02  DilMax=6.491e-01  dt=4.159e-03
15:45:42.031 [ INFO] step=  3153  t=13.10973  ResidMax=1.755e-02  DilMax=6.491e-01  dt=4.159e-03
15:45:42.071 [ INFO] step=  3154  t=13.11389  ResidMax=1.753e-02  DilMax=6.491e-01  dt=4.159e-03
15:45:42.112 [ INFO] step=  3155  t=13.11805  ResidMax=1.752e-02  DilMax=6.491e-01  dt=4.159e-03
15:45:42.152 [ INFO] step=  3156  t=13.12221  ResidMax=1.750e-02  DilMax=6.491e-01  dt=4.159e-03
15:45:42.191 [ INFO] step=  3157  t=13.12637  ResidMax=1.749e-02  DilMax=6.490e-01  dt=4.159e-03
15:45:42.230 [ INFO] step=  3158  t=13.13053  ResidMax=1.748e-02  DilMax=6.490e-01  dt=4.159e-03
15:45:42.269 [ INFO] step=  3159  t=13.13469  ResidMax=1.746e-02  DilMax=6.490e-01  dt=4.159e-03
15:45:42.316 [ INFO] step=  3160  t=13.13884  ResidMax=1.745e-02  DilMax=6.490e-01  dt=4.159e-03
15:45:42.359 [ INFO] step=  3161  t=13.14300  ResidMax=1.743e-02  DilMax=6.490e-01  dt=4.159e-03
15:45:42.400 [ INFO] step=  3162  t=13.14716  ResidMax=1.741e-02  DilMax=6.490e-01  dt=4.159e-03
15:45:42.443 [ INFO] step=  3163  t=13.15132  ResidMax=1.740e-02  DilMax=6.490e-01  dt=4.159e-03
15:45:42.484 [ INFO] step=  3164  t=13.15548  ResidMax=1.739e-02  DilMax=6.490e-01  dt=4.159e-03
15:45:42.526 [ INFO] step=  3165  t=13.15964  ResidMax=1.737e-02  DilMax=6.490e-01  dt=4.159e-03
15:45:42.566 [ INFO] step=  3166  t=13.16380  ResidMax=1.736e-02  DilMax=6.490e-01  dt=4.159e-03
15:45:42.605 [ INFO] step=  3167  t=13.16795  ResidMax=1.734e-02  DilMax=6.489e-01  dt=4.159e-03
15:45:42.645 [ INFO] step=  3168  t=13.17211  ResidMax=1.733e-02  DilMax=6.489e-01  dt=4.159e-03
15:45:42.683 [ INFO] step=  3169  t=13.17627  ResidMax=1.731e-02  DilMax=6.489e-01  dt=4.159e-03
15:45:42.722 [ INFO] step=  3170  t=13.18043  ResidMax=1.730e-02  DilMax=6.489e-01  dt=4.159e-03
15:45:42.761 [ INFO] step=  3171  t=13.18459  ResidMax=1.728e-02  DilMax=6.489e-01  dt=4.159e-03
15:45:42.801 [ INFO] step=  3172  t=13.18875  ResidMax=1.727e-02  DilMax=6.489e-01  dt=4.159e-03
15:45:42.844 [ INFO] step=  3173  t=13.19291  ResidMax=1.725e-02  DilMax=6.489e-01  dt=4.159e-03
15:45:42.886 [ INFO] step=  3174  t=13.19706  ResidMax=1.724e-02  DilMax=6.489e-01  dt=4.159e-03
15:45:42.926 [ INFO] step=  3175  t=13.20122  ResidMax=1.722e-02  DilMax=6.489e-01  dt=4.159e-03
15:45:42.966 [ INFO] step=  3176  t=13.20538  ResidMax=1.721e-02  DilMax=6.489e-01  dt=4.159e-03
15:45:43.006 [ INFO] step=  3177  t=13.20954  ResidMax=1.719e-02  DilMax=6.489e-01  dt=4.159e-03
15:45:43.045 [ INFO] step=  3178  t=13.21370  ResidMax=1.718e-02  DilMax=6.488e-01  dt=4.159e-03
15:45:43.085 [ INFO] step=  3179  t=13.21786  ResidMax=1.716e-02  DilMax=6.488e-01  dt=4.159e-03
15:45:43.126 [ INFO] step=  3180  t=13.22202  ResidMax=1.715e-02  DilMax=6.488e-01  dt=4.159e-03
15:45:43.166 [ INFO] step=  3181  t=13.22618  ResidMax=1.713e-02  DilMax=6.488e-01  dt=4.159e-03
15:45:43.205 [ INFO] step=  3182  t=13.23033  ResidMax=1.712e-02  DilMax=6.488e-01  dt=4.159e-03
15:45:43.243 [ INFO] step=  3183  t=13.23449  ResidMax=1.710e-02  DilMax=6.488e-01  dt=4.159e-03
15:45:43.283 [ INFO] step=  3184  t=13.23865  ResidMax=1.709e-02  DilMax=6.488e-01  dt=4.159e-03
15:45:43.324 [ INFO] step=  3185  t=13.24281  ResidMax=1.707e-02  DilMax=6.488e-01  dt=4.159e-03
15:45:43.364 [ INFO] step=  3186  t=13.24697  ResidMax=1.706e-02  DilMax=6.488e-01  dt=4.159e-03
15:45:43.404 [ INFO] step=  3187  t=13.25113  ResidMax=1.704e-02  DilMax=6.488e-01  dt=4.159e-03
15:45:43.445 [ INFO] step=  3188  t=13.25529  ResidMax=1.703e-02  DilMax=6.487e-01  dt=4.159e-03
15:45:43.485 [ INFO] step=  3189  t=13.25944  ResidMax=1.701e-02  DilMax=6.487e-01  dt=4.159e-03
15:45:43.526 [ INFO] step=  3190  t=13.26360  ResidMax=1.700e-02  DilMax=6.487e-01  dt=4.159e-03
15:45:43.566 [ INFO] step=  3191  t=13.26776  ResidMax=1.698e-02  DilMax=6.487e-01  dt=4.159e-03
15:45:43.605 [ INFO] step=  3192  t=13.27192  ResidMax=1.697e-02  DilMax=6.487e-01  dt=4.159e-03
15:45:43.644 [ INFO] step=  3193  t=13.27608  ResidMax=1.695e-02  DilMax=6.487e-01  dt=4.159e-03
15:45:43.683 [ INFO] step=  3194  t=13.28024  ResidMax=1.694e-02  DilMax=6.487e-01  dt=4.159e-03
15:45:43.723 [ INFO] step=  3195  t=13.28440  ResidMax=1.692e-02  DilMax=6.487e-01  dt=4.159e-03
15:45:43.762 [ INFO] step=  3196  t=13.28855  ResidMax=1.691e-02  DilMax=6.487e-01  dt=4.159e-03
15:45:43.803 [ INFO] step=  3197  t=13.29271  ResidMax=1.689e-02  DilMax=6.487e-01  dt=4.159e-03
15:45:43.846 [ INFO] step=  3198  t=13.29687  ResidMax=1.688e-02  DilMax=6.487e-01  dt=4.159e-03
15:45:43.888 [ INFO] step=  3199  t=13.30103  ResidMax=1.686e-02  DilMax=6.486e-01  dt=4.159e-03
15:45:43.931 [ INFO] step=  3200  t=13.30519  ResidMax=1.685e-02  DilMax=6.486e-01  dt=4.159e-03
15:45:43.974 [ INFO] step=  3201  t=13.30935  ResidMax=1.683e-02  DilMax=6.486e-01  dt=4.159e-03
15:45:44.016 [ INFO] step=  3202  t=13.31351  ResidMax=1.682e-02  DilMax=6.486e-01  dt=4.159e-03
15:45:44.058 [ INFO] step=  3203  t=13.31766  ResidMax=1.680e-02  DilMax=6.486e-01  dt=4.159e-03
15:45:44.100 [ INFO] step=  3204  t=13.32182  ResidMax=1.679e-02  DilMax=6.486e-01  dt=4.159e-03
15:45:44.142 [ INFO] step=  3205  t=13.32598  ResidMax=1.677e-02  DilMax=6.486e-01  dt=4.159e-03
15:45:44.183 [ INFO] step=  3206  t=13.33014  ResidMax=1.676e-02  DilMax=6.486e-01  dt=4.159e-03
15:45:44.225 [ INFO] step=  3207  t=13.33430  ResidMax=1.674e-02  DilMax=6.486e-01  dt=4.159e-03
15:45:44.266 [ INFO] step=  3208  t=13.33846  ResidMax=1.673e-02  DilMax=6.486e-01  dt=4.159e-03
15:45:44.307 [ INFO] step=  3209  t=13.34262  ResidMax=1.671e-02  DilMax=6.486e-01  dt=4.159e-03
15:45:44.346 [ INFO] step=  3210  t=13.34677  ResidMax=1.670e-02  DilMax=6.485e-01  dt=4.159e-03
15:45:44.385 [ INFO] step=  3211  t=13.35093  ResidMax=1.668e-02  DilMax=6.485e-01  dt=4.159e-03
15:45:44.425 [ INFO] step=  3212  t=13.35509  ResidMax=1.667e-02  DilMax=6.485e-01  dt=4.159e-03
15:45:44.466 [ INFO] step=  3213  t=13.35925  ResidMax=1.665e-02  DilMax=6.485e-01  dt=4.159e-03
15:45:44.506 [ INFO] step=  3214  t=13.36341  ResidMax=1.664e-02  DilMax=6.485e-01  dt=4.159e-03
15:45:44.545 [ INFO] step=  3215  t=13.36757  ResidMax=1.662e-02  DilMax=6.485e-01  dt=4.159e-03
15:45:44.584 [ INFO] step=  3216  t=13.37173  ResidMax=1.661e-02  DilMax=6.485e-01  dt=4.159e-03
15:45:44.624 [ INFO] step=  3217  t=13.37588  ResidMax=1.659e-02  DilMax=6.485e-01  dt=4.159e-03
15:45:44.663 [ INFO] step=  3218  t=13.38004  ResidMax=1.658e-02  DilMax=6.485e-01  dt=4.159e-03
15:45:44.702 [ INFO] step=  3219  t=13.38420  ResidMax=1.656e-02  DilMax=6.485e-01  dt=4.159e-03
15:45:44.740 [ INFO] step=  3220  t=13.38836  ResidMax=1.655e-02  DilMax=6.485e-01  dt=4.159e-03
15:45:44.780 [ INFO] step=  3221  t=13.39252  ResidMax=1.653e-02  DilMax=6.484e-01  dt=4.159e-03
15:45:44.853 [ INFO] step=  3222  t=13.39668  ResidMax=1.652e-02  DilMax=6.484e-01  dt=4.159e-03
15:45:44.890 [ INFO] step=  3223  t=13.40084  ResidMax=1.650e-02  DilMax=6.484e-01  dt=4.159e-03
15:45:44.928 [ INFO] step=  3224  t=13.40500  ResidMax=1.649e-02  DilMax=6.484e-01  dt=4.159e-03
15:45:44.969 [ INFO] step=  3225  t=13.40915  ResidMax=1.647e-02  DilMax=6.484e-01  dt=4.159e-03
15:45:45.008 [ INFO] step=  3226  t=13.41331  ResidMax=1.645e-02  DilMax=6.484e-01  dt=4.159e-03
15:45:45.048 [ INFO] step=  3227  t=13.41747  ResidMax=1.644e-02  DilMax=6.484e-01  dt=4.159e-03
15:45:45.086 [ INFO] step=  3228  t=13.42163  ResidMax=1.643e-02  DilMax=6.484e-01  dt=4.159e-03
15:45:45.123 [ INFO] step=  3229  t=13.42579  ResidMax=1.641e-02  DilMax=6.484e-01  dt=4.159e-03
15:45:45.161 [ INFO] step=  3230  t=13.42995  ResidMax=1.640e-02  DilMax=6.484e-01  dt=4.159e-03
15:45:45.198 [ INFO] step=  3231  t=13.43411  ResidMax=1.638e-02  DilMax=6.484e-01  dt=4.159e-03
15:45:45.235 [ INFO] step=  3232  t=13.43826  ResidMax=1.637e-02  DilMax=6.484e-01  dt=4.159e-03
15:45:45.272 [ INFO] step=  3233  t=13.44242  ResidMax=1.635e-02  DilMax=6.483e-01  dt=4.159e-03
15:45:45.311 [ INFO] step=  3234  t=13.44658  ResidMax=1.633e-02  DilMax=6.483e-01  dt=4.159e-03
15:45:45.349 [ INFO] step=  3235  t=13.45074  ResidMax=1.632e-02  DilMax=6.483e-01  dt=4.159e-03
15:45:45.386 [ INFO] step=  3236  t=13.45490  ResidMax=1.630e-02  DilMax=6.483e-01  dt=4.159e-03
15:45:45.423 [ INFO] step=  3237  t=13.45906  ResidMax=1.629e-02  DilMax=6.483e-01  dt=4.159e-03
15:45:45.460 [ INFO] step=  3238  t=13.46322  ResidMax=1.627e-02  DilMax=6.483e-01  dt=4.159e-03
15:45:45.497 [ INFO] step=  3239  t=13.46737  ResidMax=1.626e-02  DilMax=6.483e-01  dt=4.159e-03
15:45:45.533 [ INFO] step=  3240  t=13.47153  ResidMax=1.624e-02  DilMax=6.483e-01  dt=4.159e-03
15:45:45.570 [ INFO] step=  3241  t=13.47569  ResidMax=1.623e-02  DilMax=6.483e-01  dt=4.159e-03
15:45:45.607 [ INFO] step=  3242  t=13.47985  ResidMax=1.621e-02  DilMax=6.483e-01  dt=4.159e-03
15:45:45.645 [ INFO] step=  3243  t=13.48401  ResidMax=1.620e-02  DilMax=6.483e-01  dt=4.159e-03
15:45:45.682 [ INFO] step=  3244  t=13.48817  ResidMax=1.618e-02  DilMax=6.483e-01  dt=4.159e-03
15:45:45.719 [ INFO] step=  3245  t=13.49233  ResidMax=1.617e-02  DilMax=6.482e-01  dt=4.159e-03
15:45:45.756 [ INFO] step=  3246  t=13.49648  ResidMax=1.615e-02  DilMax=6.482e-01  dt=4.159e-03
15:45:45.795 [ INFO] step=  3247  t=13.50064  ResidMax=1.614e-02  DilMax=6.482e-01  dt=4.159e-03
15:45:45.834 [ INFO] step=  3248  t=13.50480  ResidMax=1.612e-02  DilMax=6.482e-01  dt=4.159e-03
15:45:45.870 [ INFO] step=  3249  t=13.50896  ResidMax=1.611e-02  DilMax=6.482e-01  dt=4.159e-03
15:45:45.909 [ INFO] step=  3250  t=13.51312  ResidMax=1.609e-02  DilMax=6.482e-01  dt=4.159e-03
15:45:45.946 [ INFO] step=  3251  t=13.51728  ResidMax=1.607e-02  DilMax=6.482e-01  dt=4.159e-03
15:45:45.983 [ INFO] step=  3252  t=13.52144  ResidMax=1.606e-02  DilMax=6.482e-01  dt=4.159e-03
15:45:46.021 [ INFO] step=  3253  t=13.52559  ResidMax=1.604e-02  DilMax=6.482e-01  dt=4.159e-03
15:45:46.058 [ INFO] step=  3254  t=13.52975  ResidMax=1.603e-02  DilMax=6.482e-01  dt=4.159e-03
15:45:46.095 [ INFO] step=  3255  t=13.53391  ResidMax=1.601e-02  DilMax=6.482e-01  dt=4.159e-03
15:45:46.132 [ INFO] step=  3256  t=13.53807  ResidMax=1.600e-02  DilMax=6.482e-01  dt=4.159e-03
15:45:46.169 [ INFO] step=  3257  t=13.54223  ResidMax=1.598e-02  DilMax=6.481e-01  dt=4.159e-03
15:45:46.206 [ INFO] step=  3258  t=13.54639  ResidMax=1.597e-02  DilMax=6.481e-01  dt=4.159e-03
15:45:46.243 [ INFO] step=  3259  t=13.55055  ResidMax=1.595e-02  DilMax=6.481e-01  dt=4.159e-03
15:45:46.280 [ INFO] step=  3260  t=13.55470  ResidMax=1.594e-02  DilMax=6.481e-01  dt=4.159e-03
15:45:46.319 [ INFO] step=  3261  t=13.55886  ResidMax=1.592e-02  DilMax=6.481e-01  dt=4.159e-03
15:45:46.356 [ INFO] step=  3262  t=13.56302  ResidMax=1.591e-02  DilMax=6.481e-01  dt=4.159e-03
15:45:46.394 [ INFO] step=  3263  t=13.56718  ResidMax=1.589e-02  DilMax=6.481e-01  dt=4.159e-03
15:45:46.431 [ INFO] step=  3264  t=13.57134  ResidMax=1.588e-02  DilMax=6.481e-01  dt=4.159e-03
15:45:46.468 [ INFO] step=  3265  t=13.57550  ResidMax=1.586e-02  DilMax=6.481e-01  dt=4.159e-03
15:45:46.508 [ INFO] step=  3266  t=13.57966  ResidMax=1.584e-02  DilMax=6.481e-01  dt=4.159e-03
15:45:46.545 [ INFO] step=  3267  t=13.58381  ResidMax=1.583e-02  DilMax=6.481e-01  dt=4.159e-03
15:45:46.582 [ INFO] step=  3268  t=13.58797  ResidMax=1.581e-02  DilMax=6.481e-01  dt=4.159e-03
15:45:46.619 [ INFO] step=  3269  t=13.59213  ResidMax=1.580e-02  DilMax=6.481e-01  dt=4.159e-03
15:45:46.657 [ INFO] step=  3270  t=13.59629  ResidMax=1.578e-02  DilMax=6.480e-01  dt=4.159e-03
15:45:46.694 [ INFO] step=  3271  t=13.60045  ResidMax=1.577e-02  DilMax=6.480e-01  dt=4.159e-03
15:45:46.731 [ INFO] step=  3272  t=13.60461  ResidMax=1.575e-02  DilMax=6.480e-01  dt=4.159e-03
15:45:46.769 [ INFO] step=  3273  t=13.60877  ResidMax=1.574e-02  DilMax=6.480e-01  dt=4.159e-03
15:45:46.809 [ INFO] step=  3274  t=13.61292  ResidMax=1.572e-02  DilMax=6.480e-01  dt=4.159e-03
15:45:46.847 [ INFO] step=  3275  t=13.61708  ResidMax=1.571e-02  DilMax=6.480e-01  dt=4.159e-03
15:45:46.884 [ INFO] step=  3276  t=13.62124  ResidMax=1.569e-02  DilMax=6.480e-01  dt=4.159e-03
15:45:46.922 [ INFO] step=  3277  t=13.62540  ResidMax=1.568e-02  DilMax=6.480e-01  dt=4.159e-03
15:45:46.960 [ INFO] step=  3278  t=13.62956  ResidMax=1.566e-02  DilMax=6.480e-01  dt=4.159e-03
15:45:46.997 [ INFO] step=  3279  t=13.63372  ResidMax=1.565e-02  DilMax=6.480e-01  dt=4.159e-03
15:45:47.034 [ INFO] step=  3280  t=13.63788  ResidMax=1.563e-02  DilMax=6.480e-01  dt=4.159e-03
15:45:47.072 [ INFO] step=  3281  t=13.64203  ResidMax=1.561e-02  DilMax=6.480e-01  dt=4.159e-03
15:45:47.114 [ INFO] step=  3282  t=13.64619  ResidMax=1.560e-02  DilMax=6.480e-01  dt=4.159e-03
15:45:47.187 [ INFO] step=  3283  t=13.65035  ResidMax=1.558e-02  DilMax=6.479e-01  dt=4.159e-03
15:45:47.235 [ INFO] step=  3284  t=13.65451  ResidMax=1.557e-02  DilMax=6.479e-01  dt=4.159e-03
15:45:47.277 [ INFO] step=  3285  t=13.65867  ResidMax=1.555e-02  DilMax=6.479e-01  dt=4.159e-03
15:45:47.320 [ INFO] step=  3286  t=13.66283  ResidMax=1.554e-02  DilMax=6.479e-01  dt=4.159e-03
15:45:47.363 [ INFO] step=  3287  t=13.66699  ResidMax=1.552e-02  DilMax=6.479e-01  dt=4.159e-03
15:45:47.403 [ INFO] step=  3288  t=13.67114  ResidMax=1.551e-02  DilMax=6.479e-01  dt=4.159e-03
15:45:47.443 [ INFO] step=  3289  t=13.67530  ResidMax=1.549e-02  DilMax=6.479e-01  dt=4.159e-03
15:45:47.484 [ INFO] step=  3290  t=13.67946  ResidMax=1.547e-02  DilMax=6.479e-01  dt=4.159e-03
15:45:47.524 [ INFO] step=  3291  t=13.68362  ResidMax=1.546e-02  DilMax=6.479e-01  dt=4.159e-03
15:45:47.564 [ INFO] step=  3292  t=13.68778  ResidMax=1.544e-02  DilMax=6.479e-01  dt=4.159e-03
15:45:47.605 [ INFO] step=  3293  t=13.69194  ResidMax=1.543e-02  DilMax=6.479e-01  dt=4.159e-03
15:45:47.645 [ INFO] step=  3294  t=13.69610  ResidMax=1.541e-02  DilMax=6.479e-01  dt=4.159e-03
15:45:47.685 [ INFO] step=  3295  t=13.70025  ResidMax=1.540e-02  DilMax=6.479e-01  dt=4.159e-03
15:45:47.726 [ INFO] step=  3296  t=13.70441  ResidMax=1.538e-02  DilMax=6.479e-01  dt=4.159e-03
15:45:47.767 [ INFO] step=  3297  t=13.70857  ResidMax=1.537e-02  DilMax=6.478e-01  dt=4.159e-03
15:45:47.821 [ INFO] step=  3298  t=13.71273  ResidMax=1.535e-02  DilMax=6.478e-01  dt=4.159e-03
15:45:47.862 [ INFO] step=  3299  t=13.71689  ResidMax=1.533e-02  DilMax=6.478e-01  dt=4.159e-03
15:45:47.902 [ INFO] step=  3300  t=13.72105  ResidMax=1.532e-02  DilMax=6.478e-01  dt=4.159e-03
15:45:47.942 [ INFO] step=  3301  t=13.72521  ResidMax=1.530e-02  DilMax=6.478e-01  dt=4.159e-03
15:45:47.981 [ INFO] step=  3302  t=13.72936  ResidMax=1.529e-02  DilMax=6.478e-01  dt=4.159e-03
15:45:48.020 [ INFO] step=  3303  t=13.73352  ResidMax=1.527e-02  DilMax=6.478e-01  dt=4.159e-03
15:45:48.059 [ INFO] step=  3304  t=13.73768  ResidMax=1.526e-02  DilMax=6.478e-01  dt=4.159e-03
15:45:48.097 [ INFO] step=  3305  t=13.74184  ResidMax=1.524e-02  DilMax=6.478e-01  dt=4.159e-03
15:45:48.135 [ INFO] step=  3306  t=13.74600  ResidMax=1.523e-02  DilMax=6.478e-01  dt=4.159e-03
15:45:48.174 [ INFO] step=  3307  t=13.75016  ResidMax=1.521e-02  DilMax=6.478e-01  dt=4.159e-03
15:45:48.212 [ INFO] step=  3308  t=13.75432  ResidMax=1.519e-02  DilMax=6.478e-01  dt=4.159e-03
15:45:48.249 [ INFO] step=  3309  t=13.75847  ResidMax=1.518e-02  DilMax=6.478e-01  dt=4.159e-03
15:45:48.287 [ INFO] step=  3310  t=13.76263  ResidMax=1.516e-02  DilMax=6.478e-01  dt=4.159e-03
15:45:48.326 [ INFO] step=  3311  t=13.76679  ResidMax=1.515e-02  DilMax=6.478e-01  dt=4.159e-03
15:45:48.365 [ INFO] step=  3312  t=13.77095  ResidMax=1.513e-02  DilMax=6.477e-01  dt=4.159e-03
15:45:48.403 [ INFO] step=  3313  t=13.77511  ResidMax=1.512e-02  DilMax=6.477e-01  dt=4.159e-03
15:45:48.440 [ INFO] step=  3314  t=13.77927  ResidMax=1.510e-02  DilMax=6.477e-01  dt=4.159e-03
15:45:48.478 [ INFO] step=  3315  t=13.78343  ResidMax=1.509e-02  DilMax=6.477e-01  dt=4.159e-03
15:45:48.515 [ INFO] step=  3316  t=13.78758  ResidMax=1.507e-02  DilMax=6.477e-01  dt=4.159e-03
15:45:48.553 [ INFO] step=  3317  t=13.79174  ResidMax=1.505e-02  DilMax=6.477e-01  dt=4.159e-03
15:45:48.592 [ INFO] step=  3318  t=13.79590  ResidMax=1.504e-02  DilMax=6.477e-01  dt=4.159e-03
15:45:48.630 [ INFO] step=  3319  t=13.80006  ResidMax=1.502e-02  DilMax=6.477e-01  dt=4.159e-03
15:45:48.670 [ INFO] step=  3320  t=13.80422  ResidMax=1.501e-02  DilMax=6.477e-01  dt=4.159e-03
15:45:48.709 [ INFO] step=  3321  t=13.80838  ResidMax=1.499e-02  DilMax=6.477e-01  dt=4.159e-03
15:45:48.748 [ INFO] step=  3322  t=13.81254  ResidMax=1.498e-02  DilMax=6.477e-01  dt=4.159e-03
15:45:48.787 [ INFO] step=  3323  t=13.81669  ResidMax=1.496e-02  DilMax=6.477e-01  dt=4.159e-03
15:45:48.825 [ INFO] step=  3324  t=13.82085  ResidMax=1.495e-02  DilMax=6.477e-01  dt=4.159e-03
15:45:48.864 [ INFO] step=  3325  t=13.82501  ResidMax=1.493e-02  DilMax=6.477e-01  dt=4.159e-03
15:45:48.903 [ INFO] step=  3326  t=13.82917  ResidMax=1.492e-02  DilMax=6.477e-01  dt=4.159e-03
15:45:48.940 [ INFO] step=  3327  t=13.83333  ResidMax=1.490e-02  DilMax=6.477e-01  dt=4.159e-03
15:45:48.980 [ INFO] step=  3328  t=13.83749  ResidMax=1.489e-02  DilMax=6.476e-01  dt=4.159e-03
15:45:49.018 [ INFO] step=  3329  t=13.84165  ResidMax=1.487e-02  DilMax=6.476e-01  dt=4.159e-03
15:45:49.055 [ INFO] step=  3330  t=13.84580  ResidMax=1.485e-02  DilMax=6.476e-01  dt=4.159e-03
15:45:49.092 [ INFO] step=  3331  t=13.84996  ResidMax=1.484e-02  DilMax=6.476e-01  dt=4.159e-03
15:45:49.128 [ INFO] step=  3332  t=13.85412  ResidMax=1.482e-02  DilMax=6.476e-01  dt=4.159e-03
15:45:49.166 [ INFO] step=  3333  t=13.85828  ResidMax=1.481e-02  DilMax=6.476e-01  dt=4.159e-03
15:45:49.204 [ INFO] step=  3334  t=13.86244  ResidMax=1.479e-02  DilMax=6.476e-01  dt=4.159e-03
15:45:49.243 [ INFO] step=  3335  t=13.86660  ResidMax=1.478e-02  DilMax=6.476e-01  dt=4.159e-03
15:45:49.282 [ INFO] step=  3336  t=13.87075  ResidMax=1.476e-02  DilMax=6.476e-01  dt=4.159e-03
15:45:49.322 [ INFO] step=  3337  t=13.87491  ResidMax=1.475e-02  DilMax=6.476e-01  dt=4.159e-03
15:45:49.360 [ INFO] step=  3338  t=13.87907  ResidMax=1.473e-02  DilMax=6.476e-01  dt=4.159e-03
15:45:49.397 [ INFO] step=  3339  t=13.88323  ResidMax=1.472e-02  DilMax=6.476e-01  dt=4.159e-03
15:45:49.435 [ INFO] step=  3340  t=13.88739  ResidMax=1.470e-02  DilMax=6.476e-01  dt=4.159e-03
15:45:49.472 [ INFO] step=  3341  t=13.89155  ResidMax=1.469e-02  DilMax=6.476e-01  dt=4.159e-03
15:45:49.510 [ INFO] step=  3342  t=13.89571  ResidMax=1.467e-02  DilMax=6.476e-01  dt=4.159e-03
15:45:49.548 [ INFO] step=  3343  t=13.89986  ResidMax=1.466e-02  DilMax=6.476e-01  dt=4.159e-03
15:45:49.587 [ INFO] step=  3344  t=13.90402  ResidMax=1.464e-02  DilMax=6.476e-01  dt=4.159e-03
15:45:49.625 [ INFO] step=  3345  t=13.90818  ResidMax=1.462e-02  DilMax=6.476e-01  dt=4.159e-03
15:45:49.662 [ INFO] step=  3346  t=13.91234  ResidMax=1.461e-02  DilMax=6.475e-01  dt=4.159e-03
15:45:49.699 [ INFO] step=  3347  t=13.91650  ResidMax=1.459e-02  DilMax=6.475e-01  dt=4.159e-03
15:45:49.736 [ INFO] step=  3348  t=13.92066  ResidMax=1.458e-02  DilMax=6.475e-01  dt=4.159e-03
15:45:49.774 [ INFO] step=  3349  t=13.92482  ResidMax=1.456e-02  DilMax=6.475e-01  dt=4.159e-03
15:45:49.816 [ INFO] step=  3350  t=13.92897  ResidMax=1.455e-02  DilMax=6.475e-01  dt=4.159e-03
15:45:49.854 [ INFO] step=  3351  t=13.93313  ResidMax=1.453e-02  DilMax=6.475e-01  dt=4.159e-03
15:45:49.894 [ INFO] step=  3352  t=13.93729  ResidMax=1.452e-02  DilMax=6.475e-01  dt=4.159e-03
15:45:49.933 [ INFO] step=  3353  t=13.94145  ResidMax=1.450e-02  DilMax=6.475e-01  dt=4.159e-03
15:45:49.971 [ INFO] step=  3354  t=13.94561  ResidMax=1.449e-02  DilMax=6.475e-01  dt=4.159e-03
15:45:50.011 [ INFO] step=  3355  t=13.94977  ResidMax=1.447e-02  DilMax=6.475e-01  dt=4.159e-03
15:45:50.052 [ INFO] step=  3356  t=13.95393  ResidMax=1.446e-02  DilMax=6.475e-01  dt=4.159e-03
15:45:50.092 [ INFO] step=  3357  t=13.95808  ResidMax=1.444e-02  DilMax=6.475e-01  dt=4.159e-03
15:45:50.132 [ INFO] step=  3358  t=13.96224  ResidMax=1.442e-02  DilMax=6.475e-01  dt=4.159e-03
15:45:50.172 [ INFO] step=  3359  t=13.96640  ResidMax=1.441e-02  DilMax=6.475e-01  dt=4.159e-03
15:45:50.245 [ INFO] step=  3360  t=13.97056  ResidMax=1.439e-02  DilMax=6.475e-01  dt=4.159e-03
15:45:50.293 [ INFO] step=  3361  t=13.97472  ResidMax=1.438e-02  DilMax=6.475e-01  dt=4.159e-03
15:45:50.332 [ INFO] step=  3362  t=13.97888  ResidMax=1.436e-02  DilMax=6.475e-01  dt=4.159e-03
15:45:50.372 [ INFO] step=  3363  t=13.98304  ResidMax=1.435e-02  DilMax=6.475e-01  dt=4.159e-03
15:45:50.409 [ INFO] step=  3364  t=13.98719  ResidMax=1.433e-02  DilMax=6.475e-01  dt=4.159e-03
15:45:50.447 [ INFO] step=  3365  t=13.99135  ResidMax=1.432e-02  DilMax=6.474e-01  dt=4.159e-03
15:45:50.484 [ INFO] step=  3366  t=13.99551  ResidMax=1.430e-02  DilMax=6.474e-01  dt=4.159e-03
15:45:50.521 [ INFO] step=  3367  t=13.99967  ResidMax=1.429e-02  DilMax=6.474e-01  dt=4.159e-03
15:45:50.558 [ INFO] step=  3368  t=14.00383  ResidMax=1.427e-02  DilMax=6.474e-01  dt=4.159e-03
15:45:50.595 [ INFO] step=  3369  t=14.00799  ResidMax=1.426e-02  DilMax=6.474e-01  dt=4.159e-03
15:45:50.633 [ INFO] step=  3370  t=14.01215  ResidMax=1.424e-02  DilMax=6.474e-01  dt=4.159e-03
15:45:50.669 [ INFO] step=  3371  t=14.01630  ResidMax=1.423e-02  DilMax=6.474e-01  dt=4.159e-03
15:45:50.707 [ INFO] step=  3372  t=14.02046  ResidMax=1.421e-02  DilMax=6.474e-01  dt=4.159e-03
15:45:50.745 [ INFO] step=  3373  t=14.02462  ResidMax=1.419e-02  DilMax=6.474e-01  dt=4.159e-03
15:45:50.782 [ INFO] step=  3374  t=14.02878  ResidMax=1.418e-02  DilMax=6.474e-01  dt=4.159e-03
15:45:50.822 [ INFO] step=  3375  t=14.03294  ResidMax=1.416e-02  DilMax=6.474e-01  dt=4.159e-03
15:45:50.859 [ INFO] step=  3376  t=14.03710  ResidMax=1.415e-02  DilMax=6.474e-01  dt=4.159e-03
15:45:50.896 [ INFO] step=  3377  t=14.04126  ResidMax=1.413e-02  DilMax=6.474e-01  dt=4.159e-03
15:45:50.934 [ INFO] step=  3378  t=14.04541  ResidMax=1.412e-02  DilMax=6.474e-01  dt=4.159e-03
15:45:50.971 [ INFO] step=  3379  t=14.04957  ResidMax=1.410e-02  DilMax=6.474e-01  dt=4.159e-03
15:45:51.008 [ INFO] step=  3380  t=14.05373  ResidMax=1.409e-02  DilMax=6.474e-01  dt=4.159e-03
15:45:51.044 [ INFO] step=  3381  t=14.05789  ResidMax=1.407e-02  DilMax=6.474e-01  dt=4.159e-03
15:45:51.081 [ INFO] step=  3382  t=14.06205  ResidMax=1.406e-02  DilMax=6.474e-01  dt=4.159e-03
15:45:51.118 [ INFO] step=  3383  t=14.06621  ResidMax=1.404e-02  DilMax=6.474e-01  dt=4.159e-03
15:45:51.155 [ INFO] step=  3384  t=14.07037  ResidMax=1.403e-02  DilMax=6.474e-01  dt=4.159e-03
15:45:51.192 [ INFO] step=  3385  t=14.07452  ResidMax=1.401e-02  DilMax=6.474e-01  dt=4.159e-03
15:45:51.229 [ INFO] step=  3386  t=14.07868  ResidMax=1.400e-02  DilMax=6.473e-01  dt=4.159e-03
15:45:51.266 [ INFO] step=  3387  t=14.08284  ResidMax=1.398e-02  DilMax=6.473e-01  dt=4.159e-03
15:45:51.304 [ INFO] step=  3388  t=14.08700  ResidMax=1.397e-02  DilMax=6.473e-01  dt=4.159e-03
15:45:51.343 [ INFO] step=  3389  t=14.09116  ResidMax=1.395e-02  DilMax=6.473e-01  dt=4.159e-03
15:45:51.380 [ INFO] step=  3390  t=14.09532  ResidMax=1.394e-02  DilMax=6.473e-01  dt=4.159e-03
15:45:51.417 [ INFO] step=  3391  t=14.09948  ResidMax=1.392e-02  DilMax=6.473e-01  dt=4.159e-03
15:45:51.454 [ INFO] step=  3392  t=14.10363  ResidMax=1.390e-02  DilMax=6.473e-01  dt=4.159e-03
15:45:51.492 [ INFO] step=  3393  t=14.10779  ResidMax=1.389e-02  DilMax=6.473e-01  dt=4.159e-03
15:45:51.528 [ INFO] step=  3394  t=14.11195  ResidMax=1.387e-02  DilMax=6.473e-01  dt=4.159e-03
15:45:51.565 [ INFO] step=  3395  t=14.11611  ResidMax=1.386e-02  DilMax=6.473e-01  dt=4.159e-03
15:45:51.603 [ INFO] step=  3396  t=14.12027  ResidMax=1.384e-02  DilMax=6.473e-01  dt=4.159e-03
15:45:51.640 [ INFO] step=  3397  t=14.12443  ResidMax=1.383e-02  DilMax=6.473e-01  dt=4.159e-03
15:45:51.678 [ INFO] step=  3398  t=14.12858  ResidMax=1.381e-02  DilMax=6.473e-01  dt=4.159e-03
15:45:51.715 [ INFO] step=  3399  t=14.13274  ResidMax=1.380e-02  DilMax=6.473e-01  dt=4.159e-03
15:45:51.751 [ INFO] step=  3400  t=14.13690  ResidMax=1.378e-02  DilMax=6.473e-01  dt=4.159e-03
15:45:51.788 [ INFO] step=  3401  t=14.14106  ResidMax=1.377e-02  DilMax=6.473e-01  dt=4.159e-03
15:45:51.827 [ INFO] step=  3402  t=14.14522  ResidMax=1.375e-02  DilMax=6.473e-01  dt=4.159e-03
15:45:51.864 [ INFO] step=  3403  t=14.14938  ResidMax=1.374e-02  DilMax=6.473e-01  dt=4.159e-03
15:45:51.904 [ INFO] step=  3404  t=14.15354  ResidMax=1.372e-02  DilMax=6.473e-01  dt=4.159e-03
15:45:51.941 [ INFO] step=  3405  t=14.15769  ResidMax=1.371e-02  DilMax=6.473e-01  dt=4.159e-03
15:45:51.979 [ INFO] step=  3406  t=14.16185  ResidMax=1.369e-02  DilMax=6.473e-01  dt=4.159e-03
15:45:52.017 [ INFO] step=  3407  t=14.16601  ResidMax=1.368e-02  DilMax=6.473e-01  dt=4.159e-03
15:45:52.056 [ INFO] step=  3408  t=14.17017  ResidMax=1.366e-02  DilMax=6.473e-01  dt=4.159e-03
15:45:52.108 [ INFO] step=  3409  t=14.17433  ResidMax=1.365e-02  DilMax=6.473e-01  dt=4.159e-03
15:45:52.151 [ INFO] step=  3410  t=14.17849  ResidMax=1.363e-02  DilMax=6.473e-01  dt=4.159e-03
15:45:52.188 [ INFO] step=  3411  t=14.18265  ResidMax=1.362e-02  DilMax=6.473e-01  dt=4.159e-03
15:45:52.226 [ INFO] step=  3412  t=14.18680  ResidMax=1.360e-02  DilMax=6.472e-01  dt=4.159e-03
15:45:52.266 [ INFO] step=  3413  t=14.19096  ResidMax=1.359e-02  DilMax=6.472e-01  dt=4.159e-03
15:45:52.305 [ INFO] step=  3414  t=14.19512  ResidMax=1.357e-02  DilMax=6.472e-01  dt=4.159e-03
15:45:52.347 [ INFO] step=  3415  t=14.19928  ResidMax=1.356e-02  DilMax=6.472e-01  dt=4.159e-03
15:45:52.389 [ INFO] step=  3416  t=14.20344  ResidMax=1.354e-02  DilMax=6.472e-01  dt=4.159e-03
15:45:52.430 [ INFO] step=  3417  t=14.20760  ResidMax=1.352e-02  DilMax=6.472e-01  dt=4.159e-03
15:45:52.468 [ INFO] step=  3418  t=14.21176  ResidMax=1.351e-02  DilMax=6.472e-01  dt=4.159e-03
15:45:52.508 [ INFO] step=  3419  t=14.21591  ResidMax=1.350e-02  DilMax=6.472e-01  dt=4.159e-03
15:45:52.546 [ INFO] step=  3420  t=14.22007  ResidMax=1.348e-02  DilMax=6.472e-01  dt=4.159e-03
15:45:52.587 [ INFO] step=  3421  t=14.22423  ResidMax=1.347e-02  DilMax=6.472e-01  dt=4.159e-03
15:45:52.626 [ INFO] step=  3422  t=14.22839  ResidMax=1.345e-02  DilMax=6.472e-01  dt=4.159e-03
15:45:52.665 [ INFO] step=  3423  t=14.23255  ResidMax=1.343e-02  DilMax=6.472e-01  dt=4.159e-03
15:45:52.702 [ INFO] step=  3424  t=14.23671  ResidMax=1.342e-02  DilMax=6.472e-01  dt=4.159e-03
15:45:52.748 [ INFO] step=  3425  t=14.24087  ResidMax=1.340e-02  DilMax=6.472e-01  dt=4.159e-03
15:45:52.790 [ INFO] step=  3426  t=14.24502  ResidMax=1.339e-02  DilMax=6.472e-01  dt=4.159e-03
15:45:52.847 [ INFO] step=  3427  t=14.24918  ResidMax=1.337e-02  DilMax=6.472e-01  dt=4.159e-03
15:45:52.894 [ INFO] step=  3428  t=14.25334  ResidMax=1.336e-02  DilMax=6.472e-01  dt=4.159e-03
15:45:52.933 [ INFO] step=  3429  t=14.25750  ResidMax=1.334e-02  DilMax=6.472e-01  dt=4.159e-03
15:45:52.971 [ INFO] step=  3430  t=14.26166  ResidMax=1.333e-02  DilMax=6.472e-01  dt=4.159e-03
15:45:53.009 [ INFO] step=  3431  t=14.26582  ResidMax=1.331e-02  DilMax=6.472e-01  dt=4.159e-03
15:45:53.057 [ INFO] step=  3432  t=14.26998  ResidMax=1.330e-02  DilMax=6.472e-01  dt=4.159e-03
15:45:53.101 [ INFO] step=  3433  t=14.27413  ResidMax=1.328e-02  DilMax=6.472e-01  dt=4.159e-03
15:45:53.140 [ INFO] step=  3434  t=14.27829  ResidMax=1.327e-02  DilMax=6.472e-01  dt=4.159e-03
15:45:53.178 [ INFO] step=  3435  t=14.28245  ResidMax=1.325e-02  DilMax=6.472e-01  dt=4.159e-03
15:45:53.214 [ INFO] step=  3436  t=14.28661  ResidMax=1.324e-02  DilMax=6.472e-01  dt=4.159e-03
15:45:53.261 [ INFO] step=  3437  t=14.29077  ResidMax=1.322e-02  DilMax=6.472e-01  dt=4.159e-03
15:45:53.309 [ INFO] step=  3438  t=14.29493  ResidMax=1.321e-02  DilMax=6.472e-01  dt=4.159e-03
15:45:53.350 [ INFO] step=  3439  t=14.29909  ResidMax=1.319e-02  DilMax=6.472e-01  dt=4.159e-03
15:45:53.388 [ INFO] step=  3440  t=14.30324  ResidMax=1.318e-02  DilMax=6.472e-01  dt=4.159e-03
15:45:53.437 [ INFO] step=  3441  t=14.30740  ResidMax=1.316e-02  DilMax=6.472e-01  dt=4.159e-03
15:45:53.477 [ INFO] step=  3442  t=14.31156  ResidMax=1.315e-02  DilMax=6.472e-01  dt=4.159e-03
15:45:53.517 [ INFO] step=  3443  t=14.31572  ResidMax=1.313e-02  DilMax=6.471e-01  dt=4.159e-03
15:45:53.562 [ INFO] step=  3444  t=14.31988  ResidMax=1.312e-02  DilMax=6.471e-01  dt=4.159e-03
15:45:53.605 [ INFO] step=  3445  t=14.32404  ResidMax=1.310e-02  DilMax=6.471e-01  dt=4.159e-03
15:45:53.644 [ INFO] step=  3446  t=14.32819  ResidMax=1.309e-02  DilMax=6.471e-01  dt=4.159e-03
15:45:53.682 [ INFO] step=  3447  t=14.33235  ResidMax=1.307e-02  DilMax=6.471e-01  dt=4.159e-03
15:45:53.723 [ INFO] step=  3448  t=14.33651  ResidMax=1.306e-02  DilMax=6.471e-01  dt=4.159e-03
15:45:53.780 [ INFO] step=  3449  t=14.34067  ResidMax=1.304e-02  DilMax=6.471e-01  dt=4.159e-03
15:45:53.828 [ INFO] step=  3450  t=14.34483  ResidMax=1.303e-02  DilMax=6.471e-01  dt=4.159e-03
15:45:53.873 [ INFO] step=  3451  t=14.34899  ResidMax=1.301e-02  DilMax=6.471e-01  dt=4.159e-03
15:45:53.916 [ INFO] step=  3452  t=14.35315  ResidMax=1.300e-02  DilMax=6.471e-01  dt=4.159e-03
15:45:53.956 [ INFO] step=  3453  t=14.35730  ResidMax=1.298e-02  DilMax=6.471e-01  dt=4.159e-03
15:45:53.994 [ INFO] step=  3454  t=14.36146  ResidMax=1.297e-02  DilMax=6.471e-01  dt=4.159e-03
15:45:54.031 [ INFO] step=  3455  t=14.36562  ResidMax=1.295e-02  DilMax=6.471e-01  dt=4.159e-03
15:45:54.082 [ INFO] step=  3456  t=14.36978  ResidMax=1.294e-02  DilMax=6.471e-01  dt=4.159e-03
15:45:54.130 [ INFO] step=  3457  t=14.37394  ResidMax=1.292e-02  DilMax=6.471e-01  dt=4.159e-03
15:45:54.178 [ INFO] step=  3458  t=14.37810  ResidMax=1.291e-02  DilMax=6.471e-01  dt=4.159e-03
15:45:54.238 [ INFO] step=  3459  t=14.38226  ResidMax=1.289e-02  DilMax=6.471e-01  dt=4.159e-03
15:45:54.279 [ INFO] step=  3460  t=14.38641  ResidMax=1.288e-02  DilMax=6.471e-01  dt=4.159e-03
15:45:54.320 [ INFO] step=  3461  t=14.39057  ResidMax=1.286e-02  DilMax=6.471e-01  dt=4.159e-03
15:45:54.371 [ INFO] step=  3462  t=14.39473  ResidMax=1.285e-02  DilMax=6.471e-01  dt=4.159e-03
15:45:54.412 [ INFO] step=  3463  t=14.39889  ResidMax=1.283e-02  DilMax=6.471e-01  dt=4.159e-03
15:45:54.456 [ INFO] step=  3464  t=14.40305  ResidMax=1.282e-02  DilMax=6.471e-01  dt=4.159e-03
15:45:54.500 [ INFO] step=  3465  t=14.40721  ResidMax=1.281e-02  DilMax=6.471e-01  dt=4.159e-03
15:45:54.542 [ INFO] step=  3466  t=14.41137  ResidMax=1.279e-02  DilMax=6.471e-01  dt=4.159e-03
15:45:54.586 [ INFO] step=  3467  t=14.41552  ResidMax=1.277e-02  DilMax=6.471e-01  dt=4.159e-03
15:45:54.632 [ INFO] step=  3468  t=14.41968  ResidMax=1.276e-02  DilMax=6.471e-01  dt=4.159e-03
15:45:54.675 [ INFO] step=  3469  t=14.42384  ResidMax=1.274e-02  DilMax=6.471e-01  dt=4.159e-03
15:45:54.714 [ INFO] step=  3470  t=14.42800  ResidMax=1.273e-02  DilMax=6.471e-01  dt=4.159e-03
15:45:54.756 [ INFO] step=  3471  t=14.43216  ResidMax=1.272e-02  DilMax=6.471e-01  dt=4.159e-03
15:45:54.794 [ INFO] step=  3472  t=14.43632  ResidMax=1.270e-02  DilMax=6.471e-01  dt=4.159e-03
15:45:54.834 [ INFO] step=  3473  t=14.44048  ResidMax=1.269e-02  DilMax=6.471e-01  dt=4.159e-03
15:45:54.873 [ INFO] step=  3474  t=14.44463  ResidMax=1.267e-02  DilMax=6.471e-01  dt=4.159e-03
15:45:54.915 [ INFO] step=  3475  t=14.44879  ResidMax=1.266e-02  DilMax=6.471e-01  dt=4.159e-03
15:45:54.955 [ INFO] step=  3476  t=14.45295  ResidMax=1.264e-02  DilMax=6.471e-01  dt=4.159e-03
15:45:54.995 [ INFO] step=  3477  t=14.45711  ResidMax=1.263e-02  DilMax=6.471e-01  dt=4.159e-03
15:45:55.033 [ INFO] step=  3478  t=14.46127  ResidMax=1.261e-02  DilMax=6.471e-01  dt=4.159e-03
15:45:55.070 [ INFO] step=  3479  t=14.46543  ResidMax=1.260e-02  DilMax=6.471e-01  dt=4.159e-03
15:45:55.107 [ INFO] step=  3480  t=14.46959  ResidMax=1.258e-02  DilMax=6.471e-01  dt=4.159e-03
15:45:55.148 [ INFO] step=  3481  t=14.47374  ResidMax=1.257e-02  DilMax=6.471e-01  dt=4.159e-03
15:45:55.188 [ INFO] step=  3482  t=14.47790  ResidMax=1.255e-02  DilMax=6.471e-01  dt=4.159e-03
15:45:55.227 [ INFO] step=  3483  t=14.48206  ResidMax=1.254e-02  DilMax=6.471e-01  dt=4.159e-03
15:45:55.265 [ INFO] step=  3484  t=14.48622  ResidMax=1.252e-02  DilMax=6.471e-01  dt=4.159e-03
15:45:55.302 [ INFO] step=  3485  t=14.49038  ResidMax=1.251e-02  DilMax=6.471e-01  dt=4.159e-03
15:45:55.343 [ INFO] step=  3486  t=14.49454  ResidMax=1.250e-02  DilMax=6.471e-01  dt=4.159e-03
15:45:55.384 [ INFO] step=  3487  t=14.49870  ResidMax=1.248e-02  DilMax=6.471e-01  dt=4.159e-03
15:45:55.423 [ INFO] step=  3488  t=14.50285  ResidMax=1.247e-02  DilMax=6.471e-01  dt=4.159e-03
15:45:55.462 [ INFO] step=  3489  t=14.50701  ResidMax=1.245e-02  DilMax=6.471e-01  dt=4.159e-03
15:45:55.504 [ INFO] step=  3490  t=14.51117  ResidMax=1.244e-02  DilMax=6.471e-01  dt=4.159e-03
15:45:55.546 [ INFO] step=  3491  t=14.51533  ResidMax=1.242e-02  DilMax=6.471e-01  dt=4.159e-03
15:45:55.588 [ INFO] step=  3492  t=14.51949  ResidMax=1.241e-02  DilMax=6.470e-01  dt=4.159e-03
15:45:55.634 [ INFO] step=  3493  t=14.52365  ResidMax=1.239e-02  DilMax=6.470e-01  dt=4.159e-03
15:45:55.685 [ INFO] step=  3494  t=14.52781  ResidMax=1.238e-02  DilMax=6.470e-01  dt=4.159e-03
15:45:55.722 [ INFO] step=  3495  t=14.53196  ResidMax=1.237e-02  DilMax=6.470e-01  dt=4.159e-03
15:45:55.760 [ INFO] step=  3496  t=14.53612  ResidMax=1.235e-02  DilMax=6.470e-01  dt=4.159e-03
15:45:55.797 [ INFO] step=  3497  t=14.54028  ResidMax=1.234e-02  DilMax=6.470e-01  dt=4.159e-03
15:45:55.835 [ INFO] step=  3498  t=14.54444  ResidMax=1.232e-02  DilMax=6.470e-01  dt=4.159e-03
15:45:55.872 [ INFO] step=  3499  t=14.54860  ResidMax=1.231e-02  DilMax=6.470e-01  dt=4.159e-03
15:45:55.910 [ INFO] step=  3500  t=14.55276  ResidMax=1.229e-02  DilMax=6.470e-01  dt=4.159e-03
15:45:56.283 [ INFO] VTK snapshot written → results/backstep_validation/step_re100_t003500.vtk
15:45:58.340 [ INFO] step=  3501  t=14.55691  ResidMax=1.228e-02  DilMax=6.470e-01  dt=4.159e-03
15:45:58.383 [ INFO] step=  3502  t=14.56107  ResidMax=1.226e-02  DilMax=6.470e-01  dt=4.159e-03
15:45:58.426 [ INFO] step=  3503  t=14.56523  ResidMax=1.225e-02  DilMax=6.470e-01  dt=4.159e-03
15:45:58.470 [ INFO] step=  3504  t=14.56939  ResidMax=1.224e-02  DilMax=6.470e-01  dt=4.159e-03
15:45:58.510 [ INFO] step=  3505  t=14.57355  ResidMax=1.222e-02  DilMax=6.470e-01  dt=4.159e-03
15:45:58.549 [ INFO] step=  3506  t=14.57771  ResidMax=1.221e-02  DilMax=6.470e-01  dt=4.159e-03
15:45:58.589 [ INFO] step=  3507  t=14.58187  ResidMax=1.219e-02  DilMax=6.470e-01  dt=4.159e-03
15:45:58.627 [ INFO] step=  3508  t=14.58602  ResidMax=1.218e-02  DilMax=6.470e-01  dt=4.159e-03
15:45:58.669 [ INFO] step=  3509  t=14.59018  ResidMax=1.216e-02  DilMax=6.470e-01  dt=4.159e-03
15:45:58.707 [ INFO] step=  3510  t=14.59434  ResidMax=1.215e-02  DilMax=6.470e-01  dt=4.159e-03
15:45:58.745 [ INFO] step=  3511  t=14.59850  ResidMax=1.213e-02  DilMax=6.470e-01  dt=4.159e-03
15:45:58.782 [ INFO] step=  3512  t=14.60266  ResidMax=1.212e-02  DilMax=6.470e-01  dt=4.159e-03
15:45:58.820 [ INFO] step=  3513  t=14.60682  ResidMax=1.211e-02  DilMax=6.470e-01  dt=4.159e-03
15:45:58.858 [ INFO] step=  3514  t=14.61098  ResidMax=1.209e-02  DilMax=6.470e-01  dt=4.159e-03
15:45:58.896 [ INFO] step=  3515  t=14.61513  ResidMax=1.208e-02  DilMax=6.470e-01  dt=4.159e-03
15:45:58.933 [ INFO] step=  3516  t=14.61929  ResidMax=1.206e-02  DilMax=6.470e-01  dt=4.159e-03
15:45:58.972 [ INFO] step=  3517  t=14.62345  ResidMax=1.205e-02  DilMax=6.470e-01  dt=4.159e-03
15:45:59.011 [ INFO] step=  3518  t=14.62761  ResidMax=1.203e-02  DilMax=6.470e-01  dt=4.159e-03
15:45:59.050 [ INFO] step=  3519  t=14.63177  ResidMax=1.202e-02  DilMax=6.470e-01  dt=4.159e-03
15:45:59.089 [ INFO] step=  3520  t=14.63593  ResidMax=1.201e-02  DilMax=6.470e-01  dt=4.159e-03
15:45:59.128 [ INFO] step=  3521  t=14.64009  ResidMax=1.199e-02  DilMax=6.470e-01  dt=4.159e-03
15:45:59.167 [ INFO] step=  3522  t=14.64424  ResidMax=1.198e-02  DilMax=6.470e-01  dt=4.159e-03
15:45:59.207 [ INFO] step=  3523  t=14.64840  ResidMax=1.196e-02  DilMax=6.470e-01  dt=4.159e-03
15:45:59.245 [ INFO] step=  3524  t=14.65256  ResidMax=1.195e-02  DilMax=6.470e-01  dt=4.159e-03
15:45:59.283 [ INFO] step=  3525  t=14.65672  ResidMax=1.194e-02  DilMax=6.470e-01  dt=4.159e-03
15:45:59.321 [ INFO] step=  3526  t=14.66088  ResidMax=1.192e-02  DilMax=6.470e-01  dt=4.159e-03
15:45:59.359 [ INFO] step=  3527  t=14.66504  ResidMax=1.191e-02  DilMax=6.470e-01  dt=4.159e-03
15:45:59.401 [ INFO] step=  3528  t=14.66920  ResidMax=1.189e-02  DilMax=6.470e-01  dt=4.159e-03
15:45:59.444 [ INFO] step=  3529  t=14.67335  ResidMax=1.188e-02  DilMax=6.470e-01  dt=4.159e-03
15:45:59.487 [ INFO] step=  3530  t=14.67751  ResidMax=1.186e-02  DilMax=6.470e-01  dt=4.159e-03
15:45:59.528 [ INFO] step=  3531  t=14.68167  ResidMax=1.185e-02  DilMax=6.470e-01  dt=4.159e-03
15:45:59.568 [ INFO] step=  3532  t=14.68583  ResidMax=1.184e-02  DilMax=6.470e-01  dt=4.159e-03
15:45:59.607 [ INFO] step=  3533  t=14.68999  ResidMax=1.182e-02  DilMax=6.470e-01  dt=4.159e-03
15:45:59.647 [ INFO] step=  3534  t=14.69415  ResidMax=1.181e-02  DilMax=6.470e-01  dt=4.159e-03
15:45:59.686 [ INFO] step=  3535  t=14.69831  ResidMax=1.179e-02  DilMax=6.470e-01  dt=4.159e-03
15:45:59.726 [ INFO] step=  3536  t=14.70246  ResidMax=1.178e-02  DilMax=6.470e-01  dt=4.159e-03
15:45:59.765 [ INFO] step=  3537  t=14.70662  ResidMax=1.176e-02  DilMax=6.470e-01  dt=4.159e-03
15:45:59.804 [ INFO] step=  3538  t=14.71078  ResidMax=1.175e-02  DilMax=6.470e-01  dt=4.159e-03
15:45:59.842 [ INFO] step=  3539  t=14.71494  ResidMax=1.174e-02  DilMax=6.470e-01  dt=4.159e-03
15:45:59.881 [ INFO] step=  3540  t=14.71910  ResidMax=1.172e-02  DilMax=6.470e-01  dt=4.159e-03
15:45:59.917 [ INFO] step=  3541  t=14.72326  ResidMax=1.171e-02  DilMax=6.470e-01  dt=4.159e-03
15:45:59.954 [ INFO] step=  3542  t=14.72742  ResidMax=1.169e-02  DilMax=6.470e-01  dt=4.159e-03
15:45:59.992 [ INFO] step=  3543  t=14.73157  ResidMax=1.168e-02  DilMax=6.470e-01  dt=4.159e-03
15:46:00.030 [ INFO] step=  3544  t=14.73573  ResidMax=1.167e-02  DilMax=6.470e-01  dt=4.159e-03
15:46:00.067 [ INFO] step=  3545  t=14.73989  ResidMax=1.165e-02  DilMax=6.470e-01  dt=4.159e-03
15:46:00.106 [ INFO] step=  3546  t=14.74405  ResidMax=1.164e-02  DilMax=6.470e-01  dt=4.159e-03
15:46:00.143 [ INFO] step=  3547  t=14.74821  ResidMax=1.162e-02  DilMax=6.470e-01  dt=4.159e-03
15:46:00.180 [ INFO] step=  3548  t=14.75237  ResidMax=1.161e-02  DilMax=6.470e-01  dt=4.159e-03
15:46:00.217 [ INFO] step=  3549  t=14.75653  ResidMax=1.160e-02  DilMax=6.470e-01  dt=4.159e-03
15:46:00.254 [ INFO] step=  3550  t=14.76068  ResidMax=1.158e-02  DilMax=6.470e-01  dt=4.159e-03
15:46:00.291 [ INFO] step=  3551  t=14.76484  ResidMax=1.157e-02  DilMax=6.470e-01  dt=4.159e-03
15:46:00.327 [ INFO] step=  3552  t=14.76900  ResidMax=1.155e-02  DilMax=6.470e-01  dt=4.159e-03
15:46:00.364 [ INFO] step=  3553  t=14.77316  ResidMax=1.154e-02  DilMax=6.470e-01  dt=4.159e-03
15:46:00.402 [ INFO] step=  3554  t=14.77732  ResidMax=1.153e-02  DilMax=6.470e-01  dt=4.159e-03
15:46:00.439 [ INFO] step=  3555  t=14.78148  ResidMax=1.151e-02  DilMax=6.470e-01  dt=4.159e-03
15:46:00.477 [ INFO] step=  3556  t=14.78564  ResidMax=1.150e-02  DilMax=6.470e-01  dt=4.159e-03
15:46:00.515 [ INFO] step=  3557  t=14.78979  ResidMax=1.148e-02  DilMax=6.470e-01  dt=4.159e-03
15:46:00.552 [ INFO] step=  3558  t=14.79395  ResidMax=1.147e-02  DilMax=6.470e-01  dt=4.159e-03
15:46:00.590 [ INFO] step=  3559  t=14.79811  ResidMax=1.146e-02  DilMax=6.470e-01  dt=4.159e-03
15:46:00.627 [ INFO] step=  3560  t=14.80227  ResidMax=1.144e-02  DilMax=6.470e-01  dt=4.159e-03
15:46:00.664 [ INFO] step=  3561  t=14.80643  ResidMax=1.143e-02  DilMax=6.470e-01  dt=4.159e-03
15:46:00.701 [ INFO] step=  3562  t=14.81059  ResidMax=1.141e-02  DilMax=6.470e-01  dt=4.159e-03
15:46:00.738 [ INFO] step=  3563  t=14.81475  ResidMax=1.140e-02  DilMax=6.470e-01  dt=4.159e-03
15:46:00.776 [ INFO] step=  3564  t=14.81890  ResidMax=1.139e-02  DilMax=6.470e-01  dt=4.159e-03
15:46:00.814 [ INFO] step=  3565  t=14.82306  ResidMax=1.137e-02  DilMax=6.470e-01  dt=4.159e-03
15:46:00.884 [ INFO] step=  3566  t=14.82722  ResidMax=1.136e-02  DilMax=6.470e-01  dt=4.159e-03
15:46:00.922 [ INFO] step=  3567  t=14.83138  ResidMax=1.135e-02  DilMax=6.470e-01  dt=4.159e-03
15:46:00.960 [ INFO] step=  3568  t=14.83554  ResidMax=1.133e-02  DilMax=6.470e-01  dt=4.159e-03
15:46:00.997 [ INFO] step=  3569  t=14.83970  ResidMax=1.132e-02  DilMax=6.470e-01  dt=4.159e-03
15:46:01.035 [ INFO] step=  3570  t=14.84386  ResidMax=1.130e-02  DilMax=6.470e-01  dt=4.159e-03
15:46:01.072 [ INFO] step=  3571  t=14.84801  ResidMax=1.129e-02  DilMax=6.470e-01  dt=4.159e-03
15:46:01.110 [ INFO] step=  3572  t=14.85217  ResidMax=1.128e-02  DilMax=6.470e-01  dt=4.159e-03
15:46:01.147 [ INFO] step=  3573  t=14.85633  ResidMax=1.126e-02  DilMax=6.470e-01  dt=4.159e-03
15:46:01.184 [ INFO] step=  3574  t=14.86049  ResidMax=1.125e-02  DilMax=6.470e-01  dt=4.159e-03
15:46:01.221 [ INFO] step=  3575  t=14.86465  ResidMax=1.124e-02  DilMax=6.470e-01  dt=4.159e-03
15:46:01.258 [ INFO] step=  3576  t=14.86881  ResidMax=1.122e-02  DilMax=6.470e-01  dt=4.159e-03
15:46:01.295 [ INFO] step=  3577  t=14.87296  ResidMax=1.121e-02  DilMax=6.470e-01  dt=4.159e-03
15:46:01.332 [ INFO] step=  3578  t=14.87712  ResidMax=1.119e-02  DilMax=6.470e-01  dt=4.159e-03
15:46:01.369 [ INFO] step=  3579  t=14.88128  ResidMax=1.118e-02  DilMax=6.470e-01  dt=4.159e-03
15:46:01.406 [ INFO] step=  3580  t=14.88544  ResidMax=1.117e-02  DilMax=6.470e-01  dt=4.159e-03
15:46:01.444 [ INFO] step=  3581  t=14.88960  ResidMax=1.115e-02  DilMax=6.470e-01  dt=4.159e-03
15:46:01.481 [ INFO] step=  3582  t=14.89376  ResidMax=1.114e-02  DilMax=6.470e-01  dt=4.159e-03
15:46:01.518 [ INFO] step=  3583  t=14.89792  ResidMax=1.113e-02  DilMax=6.470e-01  dt=4.159e-03
15:46:01.554 [ INFO] step=  3584  t=14.90207  ResidMax=1.111e-02  DilMax=6.470e-01  dt=4.159e-03
15:46:01.591 [ INFO] step=  3585  t=14.90623  ResidMax=1.110e-02  DilMax=6.470e-01  dt=4.159e-03
15:46:01.628 [ INFO] step=  3586  t=14.91039  ResidMax=1.109e-02  DilMax=6.470e-01  dt=4.159e-03
15:46:01.665 [ INFO] step=  3587  t=14.91455  ResidMax=1.107e-02  DilMax=6.470e-01  dt=4.159e-03
15:46:01.702 [ INFO] step=  3588  t=14.91871  ResidMax=1.106e-02  DilMax=6.470e-01  dt=4.159e-03
15:46:01.739 [ INFO] step=  3589  t=14.92287  ResidMax=1.104e-02  DilMax=6.470e-01  dt=4.159e-03
15:46:01.776 [ INFO] step=  3590  t=14.92703  ResidMax=1.103e-02  DilMax=6.470e-01  dt=4.159e-03
15:46:01.814 [ INFO] step=  3591  t=14.93118  ResidMax=1.102e-02  DilMax=6.470e-01  dt=4.159e-03
15:46:01.851 [ INFO] step=  3592  t=14.93534  ResidMax=1.100e-02  DilMax=6.470e-01  dt=4.159e-03
15:46:01.888 [ INFO] step=  3593  t=14.93950  ResidMax=1.099e-02  DilMax=6.470e-01  dt=4.159e-03
15:46:01.925 [ INFO] step=  3594  t=14.94366  ResidMax=1.098e-02  DilMax=6.470e-01  dt=4.159e-03
15:46:01.963 [ INFO] step=  3595  t=14.94782  ResidMax=1.096e-02  DilMax=6.470e-01  dt=4.159e-03
15:46:01.999 [ INFO] step=  3596  t=14.95198  ResidMax=1.095e-02  DilMax=6.470e-01  dt=4.159e-03
15:46:02.036 [ INFO] step=  3597  t=14.95614  ResidMax=1.094e-02  DilMax=6.470e-01  dt=4.159e-03
15:46:02.074 [ INFO] step=  3598  t=14.96029  ResidMax=1.092e-02  DilMax=6.470e-01  dt=4.159e-03
15:46:02.111 [ INFO] step=  3599  t=14.96445  ResidMax=1.091e-02  DilMax=6.470e-01  dt=4.159e-03
15:46:02.148 [ INFO] step=  3600  t=14.96861  ResidMax=1.090e-02  DilMax=6.470e-01  dt=4.159e-03
15:46:02.184 [ INFO] step=  3601  t=14.97277  ResidMax=1.088e-02  DilMax=6.470e-01  dt=4.159e-03
15:46:02.221 [ INFO] step=  3602  t=14.97693  ResidMax=1.087e-02  DilMax=6.470e-01  dt=4.159e-03
15:46:02.258 [ INFO] step=  3603  t=14.98109  ResidMax=1.086e-02  DilMax=6.470e-01  dt=4.159e-03
15:46:02.295 [ INFO] step=  3604  t=14.98525  ResidMax=1.084e-02  DilMax=6.470e-01  dt=4.159e-03
15:46:02.331 [ INFO] step=  3605  t=14.98940  ResidMax=1.083e-02  DilMax=6.470e-01  dt=4.159e-03
15:46:02.368 [ INFO] step=  3606  t=14.99356  ResidMax=1.082e-02  DilMax=6.470e-01  dt=4.159e-03
15:46:02.405 [ INFO] step=  3607  t=14.99772  ResidMax=1.080e-02  DilMax=6.470e-01  dt=4.159e-03
15:46:02.443 [ INFO] step=  3608  t=15.00188  ResidMax=1.079e-02  DilMax=6.470e-01  dt=4.159e-03
15:46:02.481 [ INFO] step=  3609  t=15.00604  ResidMax=1.078e-02  DilMax=6.470e-01  dt=4.159e-03
15:46:02.518 [ INFO] step=  3610  t=15.01020  ResidMax=1.076e-02  DilMax=6.470e-01  dt=4.159e-03
15:46:02.555 [ INFO] step=  3611  t=15.01436  ResidMax=1.075e-02  DilMax=6.470e-01  dt=4.159e-03
15:46:02.593 [ INFO] step=  3612  t=15.01851  ResidMax=1.074e-02  DilMax=6.470e-01  dt=4.159e-03
15:46:02.630 [ INFO] step=  3613  t=15.02267  ResidMax=1.072e-02  DilMax=6.470e-01  dt=4.159e-03
15:46:02.667 [ INFO] step=  3614  t=15.02683  ResidMax=1.071e-02  DilMax=6.470e-01  dt=4.159e-03
15:46:02.705 [ INFO] step=  3615  t=15.03099  ResidMax=1.070e-02  DilMax=6.470e-01  dt=4.159e-03
15:46:02.743 [ INFO] step=  3616  t=15.03515  ResidMax=1.068e-02  DilMax=6.470e-01  dt=4.159e-03
15:46:02.780 [ INFO] step=  3617  t=15.03931  ResidMax=1.067e-02  DilMax=6.470e-01  dt=4.159e-03
15:46:02.818 [ INFO] step=  3618  t=15.04347  ResidMax=1.066e-02  DilMax=6.470e-01  dt=4.159e-03
15:46:02.856 [ INFO] step=  3619  t=15.04762  ResidMax=1.064e-02  DilMax=6.470e-01  dt=4.159e-03
15:46:02.894 [ INFO] step=  3620  t=15.05178  ResidMax=1.063e-02  DilMax=6.470e-01  dt=4.159e-03
15:46:02.932 [ INFO] step=  3621  t=15.05594  ResidMax=1.062e-02  DilMax=6.470e-01  dt=4.159e-03
15:46:02.970 [ INFO] step=  3622  t=15.06010  ResidMax=1.060e-02  DilMax=6.470e-01  dt=4.159e-03
15:46:03.007 [ INFO] step=  3623  t=15.06426  ResidMax=1.059e-02  DilMax=6.470e-01  dt=4.159e-03
15:46:03.044 [ INFO] step=  3624  t=15.06842  ResidMax=1.058e-02  DilMax=6.470e-01  dt=4.159e-03
15:46:03.081 [ INFO] step=  3625  t=15.07258  ResidMax=1.056e-02  DilMax=6.470e-01  dt=4.159e-03
15:46:03.118 [ INFO] step=  3626  t=15.07673  ResidMax=1.055e-02  DilMax=6.470e-01  dt=4.159e-03
15:46:03.155 [ INFO] step=  3627  t=15.08089  ResidMax=1.054e-02  DilMax=6.470e-01  dt=4.159e-03
15:46:03.192 [ INFO] step=  3628  t=15.08505  ResidMax=1.053e-02  DilMax=6.470e-01  dt=4.159e-03
15:46:03.229 [ INFO] step=  3629  t=15.08921  ResidMax=1.051e-02  DilMax=6.470e-01  dt=4.159e-03
15:46:03.266 [ INFO] step=  3630  t=15.09337  ResidMax=1.050e-02  DilMax=6.471e-01  dt=4.159e-03
15:46:03.303 [ INFO] step=  3631  t=15.09753  ResidMax=1.049e-02  DilMax=6.471e-01  dt=4.159e-03
15:46:03.341 [ INFO] step=  3632  t=15.10169  ResidMax=1.047e-02  DilMax=6.471e-01  dt=4.159e-03
15:46:03.378 [ INFO] step=  3633  t=15.10584  ResidMax=1.046e-02  DilMax=6.471e-01  dt=4.159e-03
15:46:03.415 [ INFO] step=  3634  t=15.11000  ResidMax=1.045e-02  DilMax=6.471e-01  dt=4.159e-03
15:46:03.453 [ INFO] step=  3635  t=15.11416  ResidMax=1.043e-02  DilMax=6.471e-01  dt=4.159e-03
15:46:03.490 [ INFO] step=  3636  t=15.11832  ResidMax=1.042e-02  DilMax=6.471e-01  dt=4.159e-03
15:46:03.527 [ INFO] step=  3637  t=15.12248  ResidMax=1.041e-02  DilMax=6.471e-01  dt=4.159e-03
15:46:03.563 [ INFO] step=  3638  t=15.12664  ResidMax=1.040e-02  DilMax=6.471e-01  dt=4.159e-03
15:46:03.601 [ INFO] step=  3639  t=15.13080  ResidMax=1.038e-02  DilMax=6.471e-01  dt=4.159e-03
15:46:03.637 [ INFO] step=  3640  t=15.13495  ResidMax=1.037e-02  DilMax=6.471e-01  dt=4.159e-03
15:46:03.674 [ INFO] step=  3641  t=15.13911  ResidMax=1.036e-02  DilMax=6.471e-01  dt=4.159e-03
15:46:03.711 [ INFO] step=  3642  t=15.14327  ResidMax=1.034e-02  DilMax=6.471e-01  dt=4.159e-03
15:46:03.748 [ INFO] step=  3643  t=15.14743  ResidMax=1.033e-02  DilMax=6.471e-01  dt=4.159e-03
15:46:03.786 [ INFO] step=  3644  t=15.15159  ResidMax=1.032e-02  DilMax=6.471e-01  dt=4.159e-03
15:46:03.823 [ INFO] step=  3645  t=15.15575  ResidMax=1.031e-02  DilMax=6.471e-01  dt=4.159e-03
15:46:03.860 [ INFO] step=  3646  t=15.15991  ResidMax=1.029e-02  DilMax=6.471e-01  dt=4.159e-03
15:46:03.897 [ INFO] step=  3647  t=15.16406  ResidMax=1.028e-02  DilMax=6.471e-01  dt=4.159e-03
15:46:03.934 [ INFO] step=  3648  t=15.16822  ResidMax=1.027e-02  DilMax=6.471e-01  dt=4.159e-03
15:46:03.971 [ INFO] step=  3649  t=15.17238  ResidMax=1.025e-02  DilMax=6.471e-01  dt=4.159e-03
15:46:04.008 [ INFO] step=  3650  t=15.17654  ResidMax=1.024e-02  DilMax=6.471e-01  dt=4.159e-03
15:46:04.045 [ INFO] step=  3651  t=15.18070  ResidMax=1.023e-02  DilMax=6.471e-01  dt=4.159e-03
15:46:04.082 [ INFO] step=  3652  t=15.18486  ResidMax=1.022e-02  DilMax=6.471e-01  dt=4.159e-03
15:46:04.120 [ INFO] step=  3653  t=15.18902  ResidMax=1.020e-02  DilMax=6.471e-01  dt=4.159e-03
15:46:04.158 [ INFO] step=  3654  t=15.19317  ResidMax=1.019e-02  DilMax=6.471e-01  dt=4.159e-03
15:46:04.195 [ INFO] step=  3655  t=15.19733  ResidMax=1.018e-02  DilMax=6.471e-01  dt=4.159e-03
15:46:04.232 [ INFO] step=  3656  t=15.20149  ResidMax=1.017e-02  DilMax=6.471e-01  dt=4.159e-03
15:46:04.269 [ INFO] step=  3657  t=15.20565  ResidMax=1.015e-02  DilMax=6.471e-01  dt=4.159e-03
15:46:04.308 [ INFO] step=  3658  t=15.20981  ResidMax=1.014e-02  DilMax=6.471e-01  dt=4.159e-03
15:46:04.345 [ INFO] step=  3659  t=15.21397  ResidMax=1.013e-02  DilMax=6.471e-01  dt=4.159e-03
15:46:04.382 [ INFO] step=  3660  t=15.21813  ResidMax=1.011e-02  DilMax=6.471e-01  dt=4.159e-03
15:46:04.419 [ INFO] step=  3661  t=15.22229  ResidMax=1.010e-02  DilMax=6.471e-01  dt=4.159e-03
15:46:04.456 [ INFO] step=  3662  t=15.22644  ResidMax=1.009e-02  DilMax=6.471e-01  dt=4.159e-03
15:46:04.494 [ INFO] step=  3663  t=15.23060  ResidMax=1.008e-02  DilMax=6.471e-01  dt=4.159e-03
15:46:04.532 [ INFO] step=  3664  t=15.23476  ResidMax=1.006e-02  DilMax=6.471e-01  dt=4.159e-03
15:46:04.568 [ INFO] step=  3665  t=15.23892  ResidMax=1.005e-02  DilMax=6.471e-01  dt=4.159e-03
15:46:04.606 [ INFO] step=  3666  t=15.24308  ResidMax=1.004e-02  DilMax=6.471e-01  dt=4.159e-03
15:46:04.644 [ INFO] step=  3667  t=15.24724  ResidMax=1.003e-02  DilMax=6.471e-01  dt=4.159e-03
15:46:04.682 [ INFO] step=  3668  t=15.25140  ResidMax=1.001e-02  DilMax=6.471e-01  dt=4.159e-03
15:46:04.719 [ INFO] step=  3669  t=15.25555  ResidMax=1.000e-02  DilMax=6.471e-01  dt=4.159e-03
15:46:04.757 [ INFO] step=  3670  t=15.25971  ResidMax=9.988e-03  DilMax=6.471e-01  dt=4.159e-03
15:46:04.795 [ INFO] step=  3671  t=15.26387  ResidMax=9.976e-03  DilMax=6.471e-01  dt=4.159e-03
15:46:04.835 [ INFO] step=  3672  t=15.26803  ResidMax=9.963e-03  DilMax=6.471e-01  dt=4.159e-03
15:46:04.883 [ INFO] step=  3673  t=15.27219  ResidMax=9.951e-03  DilMax=6.471e-01  dt=4.159e-03
15:46:04.922 [ INFO] step=  3674  t=15.27635  ResidMax=9.939e-03  DilMax=6.471e-01  dt=4.159e-03
15:46:04.959 [ INFO] step=  3675  t=15.28051  ResidMax=9.927e-03  DilMax=6.471e-01  dt=4.159e-03
15:46:04.996 [ INFO] step=  3676  t=15.28466  ResidMax=9.914e-03  DilMax=6.471e-01  dt=4.159e-03
15:46:05.032 [ INFO] step=  3677  t=15.28882  ResidMax=9.902e-03  DilMax=6.471e-01  dt=4.159e-03
15:46:05.069 [ INFO] step=  3678  t=15.29298  ResidMax=9.889e-03  DilMax=6.471e-01  dt=4.159e-03
15:46:05.107 [ INFO] step=  3679  t=15.29714  ResidMax=9.876e-03  DilMax=6.471e-01  dt=4.159e-03
15:46:05.144 [ INFO] step=  3680  t=15.30130  ResidMax=9.865e-03  DilMax=6.471e-01  dt=4.159e-03
15:46:05.181 [ INFO] step=  3681  t=15.30546  ResidMax=9.854e-03  DilMax=6.471e-01  dt=4.159e-03
15:46:05.218 [ INFO] step=  3682  t=15.30962  ResidMax=9.844e-03  DilMax=6.471e-01  dt=4.159e-03
15:46:05.255 [ INFO] step=  3683  t=15.31377  ResidMax=9.833e-03  DilMax=6.471e-01  dt=4.159e-03
15:46:05.292 [ INFO] step=  3684  t=15.31793  ResidMax=9.822e-03  DilMax=6.471e-01  dt=4.159e-03
15:46:05.328 [ INFO] step=  3685  t=15.32209  ResidMax=9.810e-03  DilMax=6.471e-01  dt=4.159e-03
15:46:05.365 [ INFO] step=  3686  t=15.32625  ResidMax=9.799e-03  DilMax=6.471e-01  dt=4.159e-03
15:46:05.402 [ INFO] step=  3687  t=15.33041  ResidMax=9.788e-03  DilMax=6.471e-01  dt=4.159e-03
15:46:05.439 [ INFO] step=  3688  t=15.33457  ResidMax=9.778e-03  DilMax=6.471e-01  dt=4.159e-03
15:46:05.477 [ INFO] step=  3689  t=15.33873  ResidMax=9.767e-03  DilMax=6.471e-01  dt=4.159e-03
15:46:05.514 [ INFO] step=  3690  t=15.34288  ResidMax=9.757e-03  DilMax=6.471e-01  dt=4.159e-03
15:46:05.551 [ INFO] step=  3691  t=15.34704  ResidMax=9.746e-03  DilMax=6.471e-01  dt=4.159e-03
15:46:05.588 [ INFO] step=  3692  t=15.35120  ResidMax=9.735e-03  DilMax=6.471e-01  dt=4.159e-03
15:46:05.625 [ INFO] step=  3693  t=15.35536  ResidMax=9.724e-03  DilMax=6.471e-01  dt=4.159e-03
15:46:05.663 [ INFO] step=  3694  t=15.35952  ResidMax=9.713e-03  DilMax=6.472e-01  dt=4.159e-03
15:46:05.700 [ INFO] step=  3695  t=15.36368  ResidMax=9.702e-03  DilMax=6.472e-01  dt=4.159e-03
15:46:05.737 [ INFO] step=  3696  t=15.36784  ResidMax=9.691e-03  DilMax=6.472e-01  dt=4.159e-03
15:46:05.774 [ INFO] step=  3697  t=15.37199  ResidMax=9.681e-03  DilMax=6.472e-01  dt=4.159e-03
15:46:05.812 [ INFO] step=  3698  t=15.37615  ResidMax=9.670e-03  DilMax=6.472e-01  dt=4.159e-03
15:46:05.850 [ INFO] step=  3699  t=15.38031  ResidMax=9.660e-03  DilMax=6.472e-01  dt=4.159e-03
15:46:05.886 [ INFO] step=  3700  t=15.38447  ResidMax=9.649e-03  DilMax=6.472e-01  dt=4.159e-03
15:46:05.923 [ INFO] step=  3701  t=15.38863  ResidMax=9.638e-03  DilMax=6.472e-01  dt=4.159e-03
15:46:05.963 [ INFO] step=  3702  t=15.39279  ResidMax=9.628e-03  DilMax=6.472e-01  dt=4.159e-03
15:46:06.000 [ INFO] step=  3703  t=15.39695  ResidMax=9.617e-03  DilMax=6.472e-01  dt=4.159e-03
15:46:06.038 [ INFO] step=  3704  t=15.40110  ResidMax=9.606e-03  DilMax=6.472e-01  dt=4.159e-03
15:46:06.075 [ INFO] step=  3705  t=15.40526  ResidMax=9.595e-03  DilMax=6.472e-01  dt=4.159e-03
15:46:06.112 [ INFO] step=  3706  t=15.40942  ResidMax=9.585e-03  DilMax=6.472e-01  dt=4.159e-03
15:46:06.150 [ INFO] step=  3707  t=15.41358  ResidMax=9.575e-03  DilMax=6.472e-01  dt=4.159e-03
15:46:06.187 [ INFO] step=  3708  t=15.41774  ResidMax=9.564e-03  DilMax=6.472e-01  dt=4.159e-03
15:46:06.224 [ INFO] step=  3709  t=15.42190  ResidMax=9.554e-03  DilMax=6.472e-01  dt=4.159e-03
15:46:06.261 [ INFO] step=  3710  t=15.42606  ResidMax=9.543e-03  DilMax=6.472e-01  dt=4.159e-03
15:46:06.297 [ INFO] step=  3711  t=15.43021  ResidMax=9.532e-03  DilMax=6.472e-01  dt=4.159e-03
15:46:06.335 [ INFO] step=  3712  t=15.43437  ResidMax=9.521e-03  DilMax=6.472e-01  dt=4.159e-03
15:46:06.371 [ INFO] step=  3713  t=15.43853  ResidMax=9.510e-03  DilMax=6.472e-01  dt=4.159e-03
15:46:06.409 [ INFO] step=  3714  t=15.44269  ResidMax=9.500e-03  DilMax=6.472e-01  dt=4.159e-03
15:46:06.446 [ INFO] step=  3715  t=15.44685  ResidMax=9.490e-03  DilMax=6.472e-01  dt=4.159e-03
15:46:06.484 [ INFO] step=  3716  t=15.45101  ResidMax=9.480e-03  DilMax=6.472e-01  dt=4.159e-03
15:46:06.524 [ INFO] step=  3717  t=15.45517  ResidMax=9.470e-03  DilMax=6.472e-01  dt=4.159e-03
15:46:06.561 [ INFO] step=  3718  t=15.45933  ResidMax=9.459e-03  DilMax=6.472e-01  dt=4.159e-03
15:46:06.598 [ INFO] step=  3719  t=15.46348  ResidMax=9.449e-03  DilMax=6.472e-01  dt=4.159e-03
15:46:06.636 [ INFO] step=  3720  t=15.46764  ResidMax=9.438e-03  DilMax=6.472e-01  dt=4.159e-03
15:46:06.673 [ INFO] step=  3721  t=15.47180  ResidMax=9.427e-03  DilMax=6.472e-01  dt=4.159e-03
15:46:06.710 [ INFO] step=  3722  t=15.47596  ResidMax=9.416e-03  DilMax=6.472e-01  dt=4.159e-03
15:46:06.746 [ INFO] step=  3723  t=15.48012  ResidMax=9.406e-03  DilMax=6.472e-01  dt=4.159e-03
15:46:06.783 [ INFO] step=  3724  t=15.48428  ResidMax=9.396e-03  DilMax=6.472e-01  dt=4.159e-03
15:46:06.821 [ INFO] step=  3725  t=15.48844  ResidMax=9.386e-03  DilMax=6.472e-01  dt=4.159e-03
15:46:06.857 [ INFO] step=  3726  t=15.49259  ResidMax=9.376e-03  DilMax=6.472e-01  dt=4.159e-03
15:46:06.894 [ INFO] step=  3727  t=15.49675  ResidMax=9.366e-03  DilMax=6.472e-01  dt=4.159e-03
15:46:06.931 [ INFO] step=  3728  t=15.50091  ResidMax=9.355e-03  DilMax=6.472e-01  dt=4.159e-03
15:46:06.968 [ INFO] step=  3729  t=15.50507  ResidMax=9.345e-03  DilMax=6.472e-01  dt=4.159e-03
15:46:07.005 [ INFO] step=  3730  t=15.50923  ResidMax=9.334e-03  DilMax=6.472e-01  dt=4.159e-03
15:46:07.048 [ INFO] step=  3731  t=15.51339  ResidMax=9.323e-03  DilMax=6.472e-01  dt=4.159e-03
15:46:07.088 [ INFO] step=  3732  t=15.51755  ResidMax=9.314e-03  DilMax=6.472e-01  dt=4.159e-03
15:46:07.125 [ INFO] step=  3733  t=15.52170  ResidMax=9.304e-03  DilMax=6.472e-01  dt=4.159e-03
15:46:07.162 [ INFO] step=  3734  t=15.52586  ResidMax=9.294e-03  DilMax=6.472e-01  dt=4.159e-03
15:46:07.199 [ INFO] step=  3735  t=15.53002  ResidMax=9.284e-03  DilMax=6.472e-01  dt=4.159e-03
15:46:07.237 [ INFO] step=  3736  t=15.53418  ResidMax=9.273e-03  DilMax=6.472e-01  dt=4.159e-03
15:46:07.274 [ INFO] step=  3737  t=15.53834  ResidMax=9.263e-03  DilMax=6.472e-01  dt=4.159e-03
15:46:07.310 [ INFO] step=  3738  t=15.54250  ResidMax=9.253e-03  DilMax=6.472e-01  dt=4.159e-03
15:46:07.347 [ INFO] step=  3739  t=15.54666  ResidMax=9.242e-03  DilMax=6.472e-01  dt=4.159e-03
15:46:07.384 [ INFO] step=  3740  t=15.55081  ResidMax=9.232e-03  DilMax=6.472e-01  dt=4.159e-03
15:46:07.421 [ INFO] step=  3741  t=15.55497  ResidMax=9.222e-03  DilMax=6.472e-01  dt=4.159e-03
15:46:07.459 [ INFO] step=  3742  t=15.55913  ResidMax=9.212e-03  DilMax=6.472e-01  dt=4.159e-03
15:46:07.496 [ INFO] step=  3743  t=15.56329  ResidMax=9.202e-03  DilMax=6.473e-01  dt=4.159e-03
15:46:07.533 [ INFO] step=  3744  t=15.56745  ResidMax=9.192e-03  DilMax=6.473e-01  dt=4.159e-03
15:46:07.570 [ INFO] step=  3745  t=15.57161  ResidMax=9.182e-03  DilMax=6.473e-01  dt=4.159e-03
15:46:07.607 [ INFO] step=  3746  t=15.57577  ResidMax=9.172e-03  DilMax=6.473e-01  dt=4.159e-03
15:46:07.645 [ INFO] step=  3747  t=15.57992  ResidMax=9.162e-03  DilMax=6.473e-01  dt=4.159e-03
15:46:07.681 [ INFO] step=  3748  t=15.58408  ResidMax=9.151e-03  DilMax=6.473e-01  dt=4.159e-03
15:46:07.719 [ INFO] step=  3749  t=15.58824  ResidMax=9.141e-03  DilMax=6.473e-01  dt=4.159e-03
15:46:07.756 [ INFO] step=  3750  t=15.59240  ResidMax=9.132e-03  DilMax=6.473e-01  dt=4.159e-03
15:46:07.793 [ INFO] step=  3751  t=15.59656  ResidMax=9.122e-03  DilMax=6.473e-01  dt=4.159e-03
15:46:07.830 [ INFO] step=  3752  t=15.60072  ResidMax=9.112e-03  DilMax=6.473e-01  dt=4.159e-03
15:46:07.867 [ INFO] step=  3753  t=15.60488  ResidMax=9.102e-03  DilMax=6.473e-01  dt=4.159e-03
15:46:07.904 [ INFO] step=  3754  t=15.60904  ResidMax=9.092e-03  DilMax=6.473e-01  dt=4.159e-03
15:46:07.942 [ INFO] step=  3755  t=15.61319  ResidMax=9.082e-03  DilMax=6.473e-01  dt=4.159e-03
15:46:07.980 [ INFO] step=  3756  t=15.61735  ResidMax=9.072e-03  DilMax=6.473e-01  dt=4.159e-03
15:46:08.016 [ INFO] step=  3757  t=15.62151  ResidMax=9.062e-03  DilMax=6.473e-01  dt=4.159e-03
15:46:08.053 [ INFO] step=  3758  t=15.62567  ResidMax=9.052e-03  DilMax=6.473e-01  dt=4.159e-03
15:46:08.090 [ INFO] step=  3759  t=15.62983  ResidMax=9.042e-03  DilMax=6.473e-01  dt=4.159e-03
15:46:08.128 [ INFO] step=  3760  t=15.63399  ResidMax=9.033e-03  DilMax=6.473e-01  dt=4.159e-03
15:46:08.165 [ INFO] step=  3761  t=15.63815  ResidMax=9.023e-03  DilMax=6.473e-01  dt=4.159e-03
15:46:08.203 [ INFO] step=  3762  t=15.64230  ResidMax=9.013e-03  DilMax=6.473e-01  dt=4.159e-03
15:46:08.240 [ INFO] step=  3763  t=15.64646  ResidMax=9.003e-03  DilMax=6.473e-01  dt=4.159e-03
15:46:08.277 [ INFO] step=  3764  t=15.65062  ResidMax=8.993e-03  DilMax=6.473e-01  dt=4.159e-03
15:46:08.314 [ INFO] step=  3765  t=15.65478  ResidMax=8.983e-03  DilMax=6.473e-01  dt=4.159e-03
15:46:08.352 [ INFO] step=  3766  t=15.65894  ResidMax=8.973e-03  DilMax=6.473e-01  dt=4.159e-03
15:46:08.389 [ INFO] step=  3767  t=15.66310  ResidMax=8.964e-03  DilMax=6.473e-01  dt=4.159e-03
15:46:08.426 [ INFO] step=  3768  t=15.66726  ResidMax=8.954e-03  DilMax=6.473e-01  dt=4.159e-03
15:46:08.464 [ INFO] step=  3769  t=15.67141  ResidMax=8.945e-03  DilMax=6.473e-01  dt=4.159e-03
15:46:08.502 [ INFO] step=  3770  t=15.67557  ResidMax=8.935e-03  DilMax=6.473e-01  dt=4.159e-03
15:46:08.539 [ INFO] step=  3771  t=15.67973  ResidMax=8.925e-03  DilMax=6.473e-01  dt=4.159e-03
15:46:08.576 [ INFO] step=  3772  t=15.68389  ResidMax=8.916e-03  DilMax=6.473e-01  dt=4.159e-03
15:46:08.613 [ INFO] step=  3773  t=15.68805  ResidMax=8.906e-03  DilMax=6.473e-01  dt=4.159e-03
15:46:08.649 [ INFO] step=  3774  t=15.69221  ResidMax=8.896e-03  DilMax=6.473e-01  dt=4.159e-03
15:46:08.686 [ INFO] step=  3775  t=15.69637  ResidMax=8.886e-03  DilMax=6.473e-01  dt=4.159e-03
15:46:08.723 [ INFO] step=  3776  t=15.70052  ResidMax=8.877e-03  DilMax=6.473e-01  dt=4.159e-03
15:46:08.761 [ INFO] step=  3777  t=15.70468  ResidMax=8.867e-03  DilMax=6.473e-01  dt=4.159e-03
15:46:08.798 [ INFO] step=  3778  t=15.70884  ResidMax=8.858e-03  DilMax=6.473e-01  dt=4.159e-03
15:46:08.838 [ INFO] step=  3779  t=15.71300  ResidMax=8.848e-03  DilMax=6.473e-01  dt=4.159e-03
15:46:08.875 [ INFO] step=  3780  t=15.71716  ResidMax=8.839e-03  DilMax=6.473e-01  dt=4.159e-03
15:46:08.912 [ INFO] step=  3781  t=15.72132  ResidMax=8.829e-03  DilMax=6.473e-01  dt=4.159e-03
15:46:08.949 [ INFO] step=  3782  t=15.72548  ResidMax=8.819e-03  DilMax=6.473e-01  dt=4.159e-03
15:46:08.986 [ INFO] step=  3783  t=15.72964  ResidMax=8.809e-03  DilMax=6.473e-01  dt=4.159e-03
15:46:09.023 [ INFO] step=  3784  t=15.73379  ResidMax=8.800e-03  DilMax=6.473e-01  dt=4.159e-03
15:46:09.060 [ INFO] step=  3785  t=15.73795  ResidMax=8.791e-03  DilMax=6.473e-01  dt=4.159e-03
15:46:09.098 [ INFO] step=  3786  t=15.74211  ResidMax=8.782e-03  DilMax=6.473e-01  dt=4.159e-03
15:46:09.136 [ INFO] step=  3787  t=15.74627  ResidMax=8.772e-03  DilMax=6.473e-01  dt=4.159e-03
15:46:09.173 [ INFO] step=  3788  t=15.75043  ResidMax=8.763e-03  DilMax=6.474e-01  dt=4.159e-03
15:46:09.211 [ INFO] step=  3789  t=15.75459  ResidMax=8.753e-03  DilMax=6.474e-01  dt=4.159e-03
15:46:09.248 [ INFO] step=  3790  t=15.75875  ResidMax=8.744e-03  DilMax=6.474e-01  dt=4.159e-03
15:46:09.285 [ INFO] step=  3791  t=15.76290  ResidMax=8.734e-03  DilMax=6.474e-01  dt=4.159e-03
15:46:09.323 [ INFO] step=  3792  t=15.76706  ResidMax=8.724e-03  DilMax=6.474e-01  dt=4.159e-03
15:46:09.360 [ INFO] step=  3793  t=15.77122  ResidMax=8.715e-03  DilMax=6.474e-01  dt=4.159e-03
15:46:09.397 [ INFO] step=  3794  t=15.77538  ResidMax=8.706e-03  DilMax=6.474e-01  dt=4.159e-03
15:46:09.433 [ INFO] step=  3795  t=15.77954  ResidMax=8.697e-03  DilMax=6.474e-01  dt=4.159e-03
15:46:09.470 [ INFO] step=  3796  t=15.78370  ResidMax=8.688e-03  DilMax=6.474e-01  dt=4.159e-03
15:46:09.507 [ INFO] step=  3797  t=15.78786  ResidMax=8.679e-03  DilMax=6.474e-01  dt=4.159e-03
15:46:09.544 [ INFO] step=  3798  t=15.79201  ResidMax=8.669e-03  DilMax=6.474e-01  dt=4.159e-03
15:46:09.582 [ INFO] step=  3799  t=15.79617  ResidMax=8.660e-03  DilMax=6.474e-01  dt=4.159e-03
15:46:09.619 [ INFO] step=  3800  t=15.80033  ResidMax=8.650e-03  DilMax=6.474e-01  dt=4.159e-03
15:46:09.656 [ INFO] step=  3801  t=15.80449  ResidMax=8.641e-03  DilMax=6.474e-01  dt=4.159e-03
15:46:09.693 [ INFO] step=  3802  t=15.80865  ResidMax=8.632e-03  DilMax=6.474e-01  dt=4.159e-03
15:46:09.730 [ INFO] step=  3803  t=15.81281  ResidMax=8.623e-03  DilMax=6.474e-01  dt=4.159e-03
15:46:09.767 [ INFO] step=  3804  t=15.81697  ResidMax=8.614e-03  DilMax=6.474e-01  dt=4.159e-03
15:46:09.804 [ INFO] step=  3805  t=15.82113  ResidMax=8.605e-03  DilMax=6.474e-01  dt=4.159e-03
15:46:09.842 [ INFO] step=  3806  t=15.82528  ResidMax=8.596e-03  DilMax=6.474e-01  dt=4.159e-03
15:46:09.879 [ INFO] step=  3807  t=15.82944  ResidMax=8.586e-03  DilMax=6.474e-01  dt=4.159e-03
15:46:09.916 [ INFO] step=  3808  t=15.83360  ResidMax=8.577e-03  DilMax=6.474e-01  dt=4.159e-03
15:46:09.954 [ INFO] step=  3809  t=15.83776  ResidMax=8.568e-03  DilMax=6.474e-01  dt=4.159e-03
15:46:09.992 [ INFO] step=  3810  t=15.84192  ResidMax=8.558e-03  DilMax=6.474e-01  dt=4.159e-03
15:46:10.029 [ INFO] step=  3811  t=15.84608  ResidMax=8.550e-03  DilMax=6.474e-01  dt=4.159e-03
15:46:10.067 [ INFO] step=  3812  t=15.85024  ResidMax=8.541e-03  DilMax=6.474e-01  dt=4.159e-03
15:46:10.105 [ INFO] step=  3813  t=15.85439  ResidMax=8.532e-03  DilMax=6.474e-01  dt=4.159e-03
15:46:10.142 [ INFO] step=  3814  t=15.85855  ResidMax=8.523e-03  DilMax=6.474e-01  dt=4.159e-03
15:46:10.179 [ INFO] step=  3815  t=15.86271  ResidMax=8.514e-03  DilMax=6.474e-01  dt=4.159e-03
15:46:10.216 [ INFO] step=  3816  t=15.86687  ResidMax=8.505e-03  DilMax=6.474e-01  dt=4.159e-03
15:46:10.256 [ INFO] step=  3817  t=15.87103  ResidMax=8.496e-03  DilMax=6.474e-01  dt=4.159e-03
15:46:10.293 [ INFO] step=  3818  t=15.87519  ResidMax=8.486e-03  DilMax=6.474e-01  dt=4.159e-03
15:46:10.331 [ INFO] step=  3819  t=15.87935  ResidMax=8.477e-03  DilMax=6.474e-01  dt=4.159e-03
15:46:10.368 [ INFO] step=  3820  t=15.88350  ResidMax=8.469e-03  DilMax=6.474e-01  dt=4.159e-03
15:46:10.404 [ INFO] step=  3821  t=15.88766  ResidMax=8.460e-03  DilMax=6.474e-01  dt=4.159e-03
15:46:10.441 [ INFO] step=  3822  t=15.89182  ResidMax=8.451e-03  DilMax=6.474e-01  dt=4.159e-03
15:46:10.478 [ INFO] step=  3823  t=15.89598  ResidMax=8.442e-03  DilMax=6.474e-01  dt=4.159e-03
15:46:10.516 [ INFO] step=  3824  t=15.90014  ResidMax=8.433e-03  DilMax=6.474e-01  dt=4.159e-03
15:46:10.553 [ INFO] step=  3825  t=15.90430  ResidMax=8.424e-03  DilMax=6.474e-01  dt=4.159e-03
15:46:10.591 [ INFO] step=  3826  t=15.90846  ResidMax=8.415e-03  DilMax=6.474e-01  dt=4.159e-03
15:46:10.628 [ INFO] step=  3827  t=15.91262  ResidMax=8.406e-03  DilMax=6.474e-01  dt=4.159e-03
15:46:10.665 [ INFO] step=  3828  t=15.91677  ResidMax=8.398e-03  DilMax=6.474e-01  dt=4.159e-03
15:46:10.701 [ INFO] step=  3829  t=15.92093  ResidMax=8.389e-03  DilMax=6.474e-01  dt=4.159e-03
15:46:10.738 [ INFO] step=  3830  t=15.92509  ResidMax=8.381e-03  DilMax=6.474e-01  dt=4.159e-03
15:46:10.775 [ INFO] step=  3831  t=15.92925  ResidMax=8.372e-03  DilMax=6.474e-01  dt=4.159e-03
15:46:10.812 [ INFO] step=  3832  t=15.93341  ResidMax=8.363e-03  DilMax=6.475e-01  dt=4.159e-03
15:46:10.849 [ INFO] step=  3833  t=15.93757  ResidMax=8.354e-03  DilMax=6.475e-01  dt=4.159e-03
15:46:10.887 [ INFO] step=  3834  t=15.94173  ResidMax=8.345e-03  DilMax=6.475e-01  dt=4.159e-03
15:46:10.923 [ INFO] step=  3835  t=15.94588  ResidMax=8.336e-03  DilMax=6.475e-01  dt=4.159e-03
15:46:10.960 [ INFO] step=  3836  t=15.95004  ResidMax=8.328e-03  DilMax=6.475e-01  dt=4.159e-03
15:46:10.997 [ INFO] step=  3837  t=15.95420  ResidMax=8.319e-03  DilMax=6.475e-01  dt=4.159e-03
15:46:11.034 [ INFO] step=  3838  t=15.95836  ResidMax=8.311e-03  DilMax=6.475e-01  dt=4.159e-03
15:46:11.070 [ INFO] step=  3839  t=15.96252  ResidMax=8.302e-03  DilMax=6.475e-01  dt=4.159e-03
15:46:11.107 [ INFO] step=  3840  t=15.96668  ResidMax=8.294e-03  DilMax=6.475e-01  dt=4.159e-03
15:46:11.144 [ INFO] step=  3841  t=15.97084  ResidMax=8.285e-03  DilMax=6.475e-01  dt=4.159e-03
15:46:11.181 [ INFO] step=  3842  t=15.97499  ResidMax=8.276e-03  DilMax=6.475e-01  dt=4.159e-03
15:46:11.218 [ INFO] step=  3843  t=15.97915  ResidMax=8.268e-03  DilMax=6.475e-01  dt=4.159e-03
15:46:11.256 [ INFO] step=  3844  t=15.98331  ResidMax=8.259e-03  DilMax=6.475e-01  dt=4.159e-03
15:46:11.292 [ INFO] step=  3845  t=15.98747  ResidMax=8.250e-03  DilMax=6.475e-01  dt=4.159e-03
15:46:11.329 [ INFO] step=  3846  t=15.99163  ResidMax=8.242e-03  DilMax=6.475e-01  dt=4.159e-03
15:46:11.367 [ INFO] step=  3847  t=15.99579  ResidMax=8.234e-03  DilMax=6.475e-01  dt=4.159e-03
15:46:11.404 [ INFO] step=  3848  t=15.99995  ResidMax=8.226e-03  DilMax=6.475e-01  dt=4.159e-03
15:46:11.441 [ INFO] step=  3849  t=16.00411  ResidMax=8.217e-03  DilMax=6.475e-01  dt=4.159e-03
15:46:11.478 [ INFO] step=  3850  t=16.00826  ResidMax=8.208e-03  DilMax=6.475e-01  dt=4.159e-03
15:46:11.515 [ INFO] step=  3851  t=16.01242  ResidMax=8.200e-03  DilMax=6.475e-01  dt=4.159e-03
15:46:11.552 [ INFO] step=  3852  t=16.01658  ResidMax=8.191e-03  DilMax=6.475e-01  dt=4.159e-03
15:46:11.589 [ INFO] step=  3853  t=16.02074  ResidMax=8.183e-03  DilMax=6.475e-01  dt=4.159e-03
15:46:11.627 [ INFO] step=  3854  t=16.02490  ResidMax=8.175e-03  DilMax=6.475e-01  dt=4.159e-03
15:46:11.664 [ INFO] step=  3855  t=16.02906  ResidMax=8.166e-03  DilMax=6.475e-01  dt=4.159e-03
15:46:11.702 [ INFO] step=  3856  t=16.03322  ResidMax=8.158e-03  DilMax=6.475e-01  dt=4.159e-03
15:46:11.739 [ INFO] step=  3857  t=16.03737  ResidMax=8.150e-03  DilMax=6.475e-01  dt=4.159e-03
15:46:11.776 [ INFO] step=  3858  t=16.04153  ResidMax=8.142e-03  DilMax=6.475e-01  dt=4.159e-03
15:46:11.813 [ INFO] step=  3859  t=16.04569  ResidMax=8.133e-03  DilMax=6.475e-01  dt=4.159e-03
15:46:11.850 [ INFO] step=  3860  t=16.04985  ResidMax=8.125e-03  DilMax=6.475e-01  dt=4.159e-03
15:46:11.887 [ INFO] step=  3861  t=16.05401  ResidMax=8.116e-03  DilMax=6.475e-01  dt=4.159e-03
15:46:11.924 [ INFO] step=  3862  t=16.05817  ResidMax=8.108e-03  DilMax=6.475e-01  dt=4.159e-03
15:46:11.963 [ INFO] step=  3863  t=16.06233  ResidMax=8.100e-03  DilMax=6.475e-01  dt=4.159e-03
15:46:12.000 [ INFO] step=  3864  t=16.06649  ResidMax=8.092e-03  DilMax=6.475e-01  dt=4.159e-03
15:46:12.038 [ INFO] step=  3865  t=16.07064  ResidMax=8.084e-03  DilMax=6.475e-01  dt=4.159e-03
15:46:12.075 [ INFO] step=  3866  t=16.07480  ResidMax=8.076e-03  DilMax=6.475e-01  dt=4.159e-03
15:46:12.113 [ INFO] step=  3867  t=16.07896  ResidMax=8.068e-03  DilMax=6.475e-01  dt=4.159e-03
15:46:12.150 [ INFO] step=  3868  t=16.08312  ResidMax=8.059e-03  DilMax=6.475e-01  dt=4.159e-03
15:46:12.186 [ INFO] step=  3869  t=16.08728  ResidMax=8.051e-03  DilMax=6.475e-01  dt=4.159e-03
15:46:12.223 [ INFO] step=  3870  t=16.09144  ResidMax=8.043e-03  DilMax=6.475e-01  dt=4.159e-03
15:46:12.260 [ INFO] step=  3871  t=16.09560  ResidMax=8.035e-03  DilMax=6.475e-01  dt=4.159e-03
15:46:12.296 [ INFO] step=  3872  t=16.09975  ResidMax=8.027e-03  DilMax=6.475e-01  dt=4.159e-03
15:46:12.333 [ INFO] step=  3873  t=16.10391  ResidMax=8.019e-03  DilMax=6.475e-01  dt=4.159e-03
15:46:12.369 [ INFO] step=  3874  t=16.10807  ResidMax=8.011e-03  DilMax=6.475e-01  dt=4.159e-03
15:46:12.407 [ INFO] step=  3875  t=16.11223  ResidMax=8.003e-03  DilMax=6.475e-01  dt=4.159e-03
15:46:12.444 [ INFO] step=  3876  t=16.11639  ResidMax=7.995e-03  DilMax=6.475e-01  dt=4.159e-03
15:46:12.480 [ INFO] step=  3877  t=16.12055  ResidMax=7.987e-03  DilMax=6.475e-01  dt=4.159e-03
15:46:12.517 [ INFO] step=  3878  t=16.12471  ResidMax=7.979e-03  DilMax=6.476e-01  dt=4.159e-03
15:46:12.554 [ INFO] step=  3879  t=16.12887  ResidMax=7.971e-03  DilMax=6.476e-01  dt=4.159e-03
15:46:12.591 [ INFO] step=  3880  t=16.13302  ResidMax=7.963e-03  DilMax=6.476e-01  dt=4.159e-03
15:46:12.628 [ INFO] step=  3881  t=16.13718  ResidMax=7.956e-03  DilMax=6.476e-01  dt=4.159e-03
15:46:12.665 [ INFO] step=  3882  t=16.14134  ResidMax=7.948e-03  DilMax=6.476e-01  dt=4.159e-03
15:46:12.702 [ INFO] step=  3883  t=16.14550  ResidMax=7.940e-03  DilMax=6.476e-01  dt=4.159e-03
15:46:12.739 [ INFO] step=  3884  t=16.14966  ResidMax=7.932e-03  DilMax=6.476e-01  dt=4.159e-03
15:46:12.776 [ INFO] step=  3885  t=16.15382  ResidMax=7.924e-03  DilMax=6.476e-01  dt=4.159e-03
15:46:12.813 [ INFO] step=  3886  t=16.15798  ResidMax=7.916e-03  DilMax=6.476e-01  dt=4.159e-03
15:46:12.889 [ INFO] step=  3887  t=16.16213  ResidMax=7.908e-03  DilMax=6.476e-01  dt=4.159e-03
15:46:12.932 [ INFO] step=  3888  t=16.16629  ResidMax=7.901e-03  DilMax=6.476e-01  dt=4.159e-03
15:46:12.975 [ INFO] step=  3889  t=16.17045  ResidMax=7.893e-03  DilMax=6.476e-01  dt=4.159e-03
15:46:13.020 [ INFO] step=  3890  t=16.17461  ResidMax=7.885e-03  DilMax=6.476e-01  dt=4.159e-03
15:46:13.057 [ INFO] step=  3891  t=16.17877  ResidMax=7.878e-03  DilMax=6.476e-01  dt=4.159e-03
15:46:13.094 [ INFO] step=  3892  t=16.18293  ResidMax=7.870e-03  DilMax=6.476e-01  dt=4.159e-03
15:46:13.131 [ INFO] step=  3893  t=16.18709  ResidMax=7.862e-03  DilMax=6.476e-01  dt=4.159e-03
15:46:13.168 [ INFO] step=  3894  t=16.19125  ResidMax=7.855e-03  DilMax=6.476e-01  dt=4.159e-03
15:46:13.205 [ INFO] step=  3895  t=16.19540  ResidMax=7.847e-03  DilMax=6.476e-01  dt=4.159e-03
15:46:13.242 [ INFO] step=  3896  t=16.19956  ResidMax=7.839e-03  DilMax=6.476e-01  dt=4.159e-03
15:46:13.279 [ INFO] step=  3897  t=16.20372  ResidMax=7.832e-03  DilMax=6.476e-01  dt=4.159e-03
15:46:13.316 [ INFO] step=  3898  t=16.20788  ResidMax=7.825e-03  DilMax=6.476e-01  dt=4.159e-03
15:46:13.354 [ INFO] step=  3899  t=16.21204  ResidMax=7.817e-03  DilMax=6.476e-01  dt=4.159e-03
15:46:13.392 [ INFO] step=  3900  t=16.21620  ResidMax=7.810e-03  DilMax=6.476e-01  dt=4.159e-03
15:46:13.429 [ INFO] step=  3901  t=16.22036  ResidMax=7.803e-03  DilMax=6.476e-01  dt=4.159e-03
15:46:13.466 [ INFO] step=  3902  t=16.22451  ResidMax=7.795e-03  DilMax=6.476e-01  dt=4.159e-03
15:46:13.503 [ INFO] step=  3903  t=16.22867  ResidMax=7.787e-03  DilMax=6.476e-01  dt=4.159e-03
15:46:13.540 [ INFO] step=  3904  t=16.23283  ResidMax=7.780e-03  DilMax=6.476e-01  dt=4.159e-03
15:46:13.577 [ INFO] step=  3905  t=16.23699  ResidMax=7.773e-03  DilMax=6.476e-01  dt=4.159e-03
15:46:13.615 [ INFO] step=  3906  t=16.24115  ResidMax=7.766e-03  DilMax=6.476e-01  dt=4.159e-03
15:46:13.652 [ INFO] step=  3907  t=16.24531  ResidMax=7.759e-03  DilMax=6.476e-01  dt=4.159e-03
15:46:13.689 [ INFO] step=  3908  t=16.24947  ResidMax=7.751e-03  DilMax=6.476e-01  dt=4.159e-03
15:46:13.727 [ INFO] step=  3909  t=16.25363  ResidMax=7.744e-03  DilMax=6.476e-01  dt=4.159e-03
15:46:13.764 [ INFO] step=  3910  t=16.25778  ResidMax=7.737e-03  DilMax=6.476e-01  dt=4.159e-03
15:46:13.802 [ INFO] step=  3911  t=16.26194  ResidMax=7.729e-03  DilMax=6.476e-01  dt=4.159e-03
15:46:13.840 [ INFO] step=  3912  t=16.26610  ResidMax=7.722e-03  DilMax=6.476e-01  dt=4.159e-03
15:46:13.878 [ INFO] step=  3913  t=16.27026  ResidMax=7.715e-03  DilMax=6.476e-01  dt=4.159e-03
15:46:13.915 [ INFO] step=  3914  t=16.27442  ResidMax=7.708e-03  DilMax=6.476e-01  dt=4.159e-03
15:46:13.953 [ INFO] step=  3915  t=16.27858  ResidMax=7.701e-03  DilMax=6.476e-01  dt=4.159e-03
15:46:13.991 [ INFO] step=  3916  t=16.28274  ResidMax=7.694e-03  DilMax=6.476e-01  dt=4.159e-03
15:46:14.028 [ INFO] step=  3917  t=16.28689  ResidMax=7.687e-03  DilMax=6.476e-01  dt=4.159e-03
15:46:14.065 [ INFO] step=  3918  t=16.29105  ResidMax=7.679e-03  DilMax=6.476e-01  dt=4.159e-03
15:46:14.103 [ INFO] step=  3919  t=16.29521  ResidMax=7.672e-03  DilMax=6.476e-01  dt=4.159e-03
15:46:14.140 [ INFO] step=  3920  t=16.29937  ResidMax=7.665e-03  DilMax=6.476e-01  dt=4.159e-03
15:46:14.177 [ INFO] step=  3921  t=16.30353  ResidMax=7.659e-03  DilMax=6.476e-01  dt=4.159e-03
15:46:14.213 [ INFO] step=  3922  t=16.30769  ResidMax=7.652e-03  DilMax=6.476e-01  dt=4.159e-03
15:46:14.250 [ INFO] step=  3923  t=16.31185  ResidMax=7.645e-03  DilMax=6.476e-01  dt=4.159e-03
15:46:14.287 [ INFO] step=  3924  t=16.31601  ResidMax=7.638e-03  DilMax=6.476e-01  dt=4.159e-03
15:46:14.323 [ INFO] step=  3925  t=16.32016  ResidMax=7.631e-03  DilMax=6.476e-01  dt=4.159e-03
15:46:14.360 [ INFO] step=  3926  t=16.32432  ResidMax=7.624e-03  DilMax=6.477e-01  dt=4.159e-03
15:46:14.397 [ INFO] step=  3927  t=16.32848  ResidMax=7.616e-03  DilMax=6.477e-01  dt=4.159e-03
15:46:14.434 [ INFO] step=  3928  t=16.33264  ResidMax=7.610e-03  DilMax=6.477e-01  dt=4.159e-03
15:46:14.471 [ INFO] step=  3929  t=16.33680  ResidMax=7.603e-03  DilMax=6.477e-01  dt=4.159e-03
15:46:14.508 [ INFO] step=  3930  t=16.34096  ResidMax=7.597e-03  DilMax=6.477e-01  dt=4.159e-03
15:46:14.545 [ INFO] step=  3931  t=16.34512  ResidMax=7.590e-03  DilMax=6.477e-01  dt=4.159e-03
15:46:14.582 [ INFO] step=  3932  t=16.34927  ResidMax=7.583e-03  DilMax=6.477e-01  dt=4.159e-03
15:46:14.619 [ INFO] step=  3933  t=16.35343  ResidMax=7.576e-03  DilMax=6.477e-01  dt=4.159e-03
15:46:14.657 [ INFO] step=  3934  t=16.35759  ResidMax=7.569e-03  DilMax=6.477e-01  dt=4.159e-03
15:46:14.694 [ INFO] step=  3935  t=16.36175  ResidMax=7.563e-03  DilMax=6.477e-01  dt=4.159e-03
15:46:14.731 [ INFO] step=  3936  t=16.36591  ResidMax=7.556e-03  DilMax=6.477e-01  dt=4.159e-03
15:46:14.768 [ INFO] step=  3937  t=16.37007  ResidMax=7.550e-03  DilMax=6.477e-01  dt=4.159e-03
15:46:14.805 [ INFO] step=  3938  t=16.37423  ResidMax=7.543e-03  DilMax=6.477e-01  dt=4.159e-03
15:46:14.842 [ INFO] step=  3939  t=16.37839  ResidMax=7.537e-03  DilMax=6.477e-01  dt=4.159e-03
15:46:14.879 [ INFO] step=  3940  t=16.38254  ResidMax=7.530e-03  DilMax=6.477e-01  dt=4.159e-03
15:46:14.917 [ INFO] step=  3941  t=16.38670  ResidMax=7.523e-03  DilMax=6.477e-01  dt=4.159e-03
15:46:14.954 [ INFO] step=  3942  t=16.39086  ResidMax=7.516e-03  DilMax=6.477e-01  dt=4.159e-03
15:46:14.991 [ INFO] step=  3943  t=16.39502  ResidMax=7.510e-03  DilMax=6.477e-01  dt=4.159e-03
15:46:15.028 [ INFO] step=  3944  t=16.39918  ResidMax=7.504e-03  DilMax=6.477e-01  dt=4.159e-03
15:46:15.065 [ INFO] step=  3945  t=16.40334  ResidMax=7.497e-03  DilMax=6.477e-01  dt=4.159e-03
15:46:15.103 [ INFO] step=  3946  t=16.40750  ResidMax=7.491e-03  DilMax=6.477e-01  dt=4.159e-03
15:46:15.139 [ INFO] step=  3947  t=16.41165  ResidMax=7.484e-03  DilMax=6.477e-01  dt=4.159e-03
15:46:15.176 [ INFO] step=  3948  t=16.41581  ResidMax=7.478e-03  DilMax=6.477e-01  dt=4.159e-03
15:46:15.213 [ INFO] step=  3949  t=16.41997  ResidMax=7.471e-03  DilMax=6.477e-01  dt=4.159e-03
15:46:15.251 [ INFO] step=  3950  t=16.42413  ResidMax=7.465e-03  DilMax=6.477e-01  dt=4.159e-03
15:46:15.288 [ INFO] step=  3951  t=16.42829  ResidMax=7.459e-03  DilMax=6.477e-01  dt=4.159e-03
15:46:15.325 [ INFO] step=  3952  t=16.43245  ResidMax=7.453e-03  DilMax=6.477e-01  dt=4.159e-03
15:46:15.362 [ INFO] step=  3953  t=16.43661  ResidMax=7.447e-03  DilMax=6.477e-01  dt=4.159e-03
15:46:15.400 [ INFO] step=  3954  t=16.44077  ResidMax=7.440e-03  DilMax=6.477e-01  dt=4.159e-03
15:46:15.437 [ INFO] step=  3955  t=16.44492  ResidMax=7.434e-03  DilMax=6.477e-01  dt=4.159e-03
15:46:15.475 [ INFO] step=  3956  t=16.44908  ResidMax=7.427e-03  DilMax=6.477e-01  dt=4.159e-03
15:46:15.512 [ INFO] step=  3957  t=16.45324  ResidMax=7.421e-03  DilMax=6.477e-01  dt=4.159e-03
15:46:15.549 [ INFO] step=  3958  t=16.45740  ResidMax=7.415e-03  DilMax=6.477e-01  dt=4.159e-03
15:46:15.586 [ INFO] step=  3959  t=16.46156  ResidMax=7.409e-03  DilMax=6.477e-01  dt=4.159e-03
15:46:15.623 [ INFO] step=  3960  t=16.46572  ResidMax=7.403e-03  DilMax=6.477e-01  dt=4.159e-03
15:46:15.661 [ INFO] step=  3961  t=16.46988  ResidMax=7.397e-03  DilMax=6.477e-01  dt=4.159e-03
15:46:15.698 [ INFO] step=  3962  t=16.47404  ResidMax=7.391e-03  DilMax=6.477e-01  dt=4.159e-03
15:46:15.735 [ INFO] step=  3963  t=16.47819  ResidMax=7.385e-03  DilMax=6.477e-01  dt=4.159e-03
15:46:15.772 [ INFO] step=  3964  t=16.48235  ResidMax=7.379e-03  DilMax=6.477e-01  dt=4.159e-03
15:46:15.810 [ INFO] step=  3965  t=16.48651  ResidMax=7.373e-03  DilMax=6.477e-01  dt=4.159e-03
15:46:15.848 [ INFO] step=  3966  t=16.49067  ResidMax=7.367e-03  DilMax=6.477e-01  dt=4.159e-03
15:46:15.884 [ INFO] step=  3967  t=16.49483  ResidMax=7.361e-03  DilMax=6.477e-01  dt=4.159e-03
15:46:15.921 [ INFO] step=  3968  t=16.49899  ResidMax=7.355e-03  DilMax=6.477e-01  dt=4.159e-03
15:46:15.958 [ INFO] step=  3969  t=16.50315  ResidMax=7.349e-03  DilMax=6.477e-01  dt=4.159e-03
15:46:15.995 [ INFO] step=  3970  t=16.50730  ResidMax=7.343e-03  DilMax=6.477e-01  dt=4.159e-03
15:46:16.032 [ INFO] step=  3971  t=16.51146  ResidMax=7.338e-03  DilMax=6.477e-01  dt=4.159e-03
15:46:16.068 [ INFO] step=  3972  t=16.51562  ResidMax=7.332e-03  DilMax=6.477e-01  dt=4.159e-03
15:46:16.105 [ INFO] step=  3973  t=16.51978  ResidMax=7.326e-03  DilMax=6.477e-01  dt=4.159e-03
15:46:16.142 [ INFO] step=  3974  t=16.52394  ResidMax=7.321e-03  DilMax=6.477e-01  dt=4.159e-03
15:46:16.178 [ INFO] step=  3975  t=16.52810  ResidMax=7.315e-03  DilMax=6.477e-01  dt=4.159e-03
15:46:16.215 [ INFO] step=  3976  t=16.53226  ResidMax=7.309e-03  DilMax=6.477e-01  dt=4.159e-03
15:46:16.252 [ INFO] step=  3977  t=16.53642  ResidMax=7.303e-03  DilMax=6.477e-01  dt=4.159e-03
15:46:16.288 [ INFO] step=  3978  t=16.54057  ResidMax=7.298e-03  DilMax=6.477e-01  dt=4.159e-03
15:46:16.325 [ INFO] step=  3979  t=16.54473  ResidMax=7.292e-03  DilMax=6.477e-01  dt=4.159e-03
15:46:16.362 [ INFO] step=  3980  t=16.54889  ResidMax=7.287e-03  DilMax=6.477e-01  dt=4.159e-03
15:46:16.399 [ INFO] step=  3981  t=16.55305  ResidMax=7.281e-03  DilMax=6.478e-01  dt=4.159e-03
15:46:16.436 [ INFO] step=  3982  t=16.55721  ResidMax=7.275e-03  DilMax=6.478e-01  dt=4.159e-03
15:46:16.474 [ INFO] step=  3983  t=16.56137  ResidMax=7.270e-03  DilMax=6.478e-01  dt=4.159e-03
15:46:16.511 [ INFO] step=  3984  t=16.56553  ResidMax=7.264e-03  DilMax=6.478e-01  dt=4.159e-03
15:46:16.548 [ INFO] step=  3985  t=16.56968  ResidMax=7.259e-03  DilMax=6.478e-01  dt=4.159e-03
15:46:16.585 [ INFO] step=  3986  t=16.57384  ResidMax=7.254e-03  DilMax=6.478e-01  dt=4.159e-03
15:46:16.622 [ INFO] step=  3987  t=16.57800  ResidMax=7.248e-03  DilMax=6.478e-01  dt=4.159e-03
15:46:16.660 [ INFO] step=  3988  t=16.58216  ResidMax=7.243e-03  DilMax=6.478e-01  dt=4.159e-03
15:46:16.697 [ INFO] step=  3989  t=16.58632  ResidMax=7.237e-03  DilMax=6.478e-01  dt=4.159e-03
15:46:16.734 [ INFO] step=  3990  t=16.59048  ResidMax=7.232e-03  DilMax=6.478e-01  dt=4.159e-03
15:46:16.770 [ INFO] step=  3991  t=16.59464  ResidMax=7.227e-03  DilMax=6.478e-01  dt=4.159e-03
15:46:16.808 [ INFO] step=  3992  t=16.59880  ResidMax=7.222e-03  DilMax=6.478e-01  dt=4.159e-03
15:46:16.896 [ INFO] step=  3993  t=16.60295  ResidMax=7.217e-03  DilMax=6.478e-01  dt=4.159e-03
15:46:16.935 [ INFO] step=  3994  t=16.60711  ResidMax=7.211e-03  DilMax=6.478e-01  dt=4.159e-03
15:46:16.973 [ INFO] step=  3995  t=16.61127  ResidMax=7.206e-03  DilMax=6.478e-01  dt=4.159e-03
15:46:17.009 [ INFO] step=  3996  t=16.61543  ResidMax=7.201e-03  DilMax=6.478e-01  dt=4.159e-03
15:46:17.046 [ INFO] step=  3997  t=16.61959  ResidMax=7.196e-03  DilMax=6.478e-01  dt=4.159e-03
15:46:17.083 [ INFO] step=  3998  t=16.62375  ResidMax=7.191e-03  DilMax=6.478e-01  dt=4.159e-03
15:46:17.121 [ INFO] step=  3999  t=16.62791  ResidMax=7.186e-03  DilMax=6.478e-01  dt=4.159e-03
15:46:17.158 [ INFO] step=  4000  t=16.63207  ResidMax=7.181e-03  DilMax=6.478e-01  dt=4.159e-03
15:46:17.469 [ INFO] VTK snapshot written → results/backstep_validation/step_re100_t004000.vtk
15:46:19.466 [ INFO] step=  4001  t=16.63622  ResidMax=7.176e-03  DilMax=6.478e-01  dt=4.159e-03
15:46:19.504 [ INFO] step=  4002  t=16.64038  ResidMax=7.171e-03  DilMax=6.478e-01  dt=4.159e-03
15:46:19.542 [ INFO] step=  4003  t=16.64454  ResidMax=7.166e-03  DilMax=6.478e-01  dt=4.159e-03
15:46:19.578 [ INFO] step=  4004  t=16.64870  ResidMax=7.161e-03  DilMax=6.478e-01  dt=4.159e-03
15:46:19.615 [ INFO] step=  4005  t=16.65286  ResidMax=7.156e-03  DilMax=6.478e-01  dt=4.159e-03
15:46:19.654 [ INFO] step=  4006  t=16.65702  ResidMax=7.151e-03  DilMax=6.478e-01  dt=4.159e-03
15:46:19.691 [ INFO] step=  4007  t=16.66118  ResidMax=7.146e-03  DilMax=6.478e-01  dt=4.159e-03
15:46:19.728 [ INFO] step=  4008  t=16.66533  ResidMax=7.142e-03  DilMax=6.478e-01  dt=4.159e-03
15:46:19.765 [ INFO] step=  4009  t=16.66949  ResidMax=7.137e-03  DilMax=6.478e-01  dt=4.159e-03
15:46:19.803 [ INFO] step=  4010  t=16.67365  ResidMax=7.133e-03  DilMax=6.478e-01  dt=4.159e-03
15:46:19.851 [ INFO] step=  4011  t=16.67781  ResidMax=7.128e-03  DilMax=6.478e-01  dt=4.159e-03
15:46:19.889 [ INFO] step=  4012  t=16.68197  ResidMax=7.123e-03  DilMax=6.478e-01  dt=4.159e-03
15:46:19.926 [ INFO] step=  4013  t=16.68613  ResidMax=7.118e-03  DilMax=6.478e-01  dt=4.159e-03
15:46:19.963 [ INFO] step=  4014  t=16.69029  ResidMax=7.114e-03  DilMax=6.478e-01  dt=4.159e-03
15:46:20.001 [ INFO] step=  4015  t=16.69445  ResidMax=7.110e-03  DilMax=6.478e-01  dt=4.159e-03
15:46:20.038 [ INFO] step=  4016  t=16.69860  ResidMax=7.105e-03  DilMax=6.478e-01  dt=4.159e-03
15:46:20.075 [ INFO] step=  4017  t=16.70276  ResidMax=7.101e-03  DilMax=6.478e-01  dt=4.159e-03
15:46:20.112 [ INFO] step=  4018  t=16.70692  ResidMax=7.096e-03  DilMax=6.478e-01  dt=4.159e-03
15:46:20.149 [ INFO] step=  4019  t=16.71108  ResidMax=7.092e-03  DilMax=6.478e-01  dt=4.159e-03
15:46:20.186 [ INFO] step=  4020  t=16.71524  ResidMax=7.088e-03  DilMax=6.478e-01  dt=4.159e-03
15:46:20.223 [ INFO] step=  4021  t=16.71940  ResidMax=7.083e-03  DilMax=6.478e-01  dt=4.159e-03
15:46:20.259 [ INFO] step=  4022  t=16.72356  ResidMax=7.079e-03  DilMax=6.478e-01  dt=4.159e-03
15:46:20.296 [ INFO] step=  4023  t=16.72772  ResidMax=7.075e-03  DilMax=6.478e-01  dt=4.159e-03
15:46:20.334 [ INFO] step=  4024  t=16.73187  ResidMax=7.071e-03  DilMax=6.478e-01  dt=4.159e-03
15:46:20.371 [ INFO] step=  4025  t=16.73603  ResidMax=7.067e-03  DilMax=6.478e-01  dt=4.159e-03
15:46:20.407 [ INFO] step=  4026  t=16.74019  ResidMax=7.063e-03  DilMax=6.478e-01  dt=4.159e-03
15:46:20.444 [ INFO] step=  4027  t=16.74435  ResidMax=7.059e-03  DilMax=6.478e-01  dt=4.159e-03
15:46:20.482 [ INFO] step=  4028  t=16.74851  ResidMax=7.055e-03  DilMax=6.478e-01  dt=4.159e-03
15:46:20.518 [ INFO] step=  4029  t=16.75267  ResidMax=7.052e-03  DilMax=6.478e-01  dt=4.159e-03
15:46:20.556 [ INFO] step=  4030  t=16.75683  ResidMax=7.048e-03  DilMax=6.478e-01  dt=4.159e-03
15:46:20.593 [ INFO] step=  4031  t=16.76098  ResidMax=7.044e-03  DilMax=6.478e-01  dt=4.159e-03
15:46:20.630 [ INFO] step=  4032  t=16.76514  ResidMax=7.041e-03  DilMax=6.478e-01  dt=4.159e-03
15:46:20.667 [ INFO] step=  4033  t=16.76930  ResidMax=7.038e-03  DilMax=6.478e-01  dt=4.159e-03
15:46:20.704 [ INFO] step=  4034  t=16.77346  ResidMax=7.034e-03  DilMax=6.478e-01  dt=4.159e-03
15:46:20.741 [ INFO] step=  4035  t=16.77762  ResidMax=7.031e-03  DilMax=6.478e-01  dt=4.159e-03
15:46:20.778 [ INFO] step=  4036  t=16.78178  ResidMax=7.028e-03  DilMax=6.478e-01  dt=4.159e-03
15:46:20.815 [ INFO] step=  4037  t=16.78594  ResidMax=7.024e-03  DilMax=6.478e-01  dt=4.159e-03
15:46:20.891 [ INFO] step=  4038  t=16.79010  ResidMax=7.021e-03  DilMax=6.478e-01  dt=4.159e-03
15:46:20.928 [ INFO] step=  4039  t=16.79425  ResidMax=7.018e-03  DilMax=6.478e-01  dt=4.159e-03
15:46:20.964 [ INFO] step=  4040  t=16.79841  ResidMax=7.016e-03  DilMax=6.478e-01  dt=4.159e-03
15:46:21.001 [ INFO] step=  4041  t=16.80257  ResidMax=7.014e-03  DilMax=6.478e-01  dt=4.159e-03
15:46:21.039 [ INFO] step=  4042  t=16.80673  ResidMax=7.012e-03  DilMax=6.478e-01  dt=4.159e-03
15:46:21.076 [ INFO] step=  4043  t=16.81089  ResidMax=7.010e-03  DilMax=6.478e-01  dt=4.159e-03
15:46:21.113 [ INFO] step=  4044  t=16.81505  ResidMax=7.007e-03  DilMax=6.478e-01  dt=4.159e-03
15:46:21.149 [ INFO] step=  4045  t=16.81921  ResidMax=7.005e-03  DilMax=6.478e-01  dt=4.159e-03
15:46:21.186 [ INFO] step=  4046  t=16.82337  ResidMax=7.002e-03  DilMax=6.478e-01  dt=4.159e-03
15:46:21.223 [ INFO] step=  4047  t=16.82752  ResidMax=6.999e-03  DilMax=6.478e-01  dt=4.159e-03
15:46:21.261 [ INFO] step=  4048  t=16.83168  ResidMax=6.996e-03  DilMax=6.478e-01  dt=4.159e-03
15:46:21.297 [ INFO] step=  4049  t=16.83584  ResidMax=6.993e-03  DilMax=6.479e-01  dt=4.159e-03
15:46:21.335 [ INFO] step=  4050  t=16.84000  ResidMax=6.990e-03  DilMax=6.479e-01  dt=4.159e-03
15:46:21.372 [ INFO] step=  4051  t=16.84416  ResidMax=6.987e-03  DilMax=6.479e-01  dt=4.159e-03
15:46:21.409 [ INFO] step=  4052  t=16.84832  ResidMax=6.984e-03  DilMax=6.479e-01  dt=4.159e-03
15:46:21.447 [ INFO] step=  4053  t=16.85248  ResidMax=6.981e-03  DilMax=6.479e-01  dt=4.159e-03
15:46:21.487 [ INFO] step=  4054  t=16.85664  ResidMax=6.978e-03  DilMax=6.479e-01  dt=4.159e-03
15:46:21.526 [ INFO] step=  4055  t=16.86079  ResidMax=6.974e-03  DilMax=6.479e-01  dt=4.159e-03
15:46:21.563 [ INFO] step=  4056  t=16.86495  ResidMax=6.971e-03  DilMax=6.479e-01  dt=4.159e-03
15:46:21.601 [ INFO] step=  4057  t=16.86911  ResidMax=6.967e-03  DilMax=6.479e-01  dt=4.159e-03
15:46:21.638 [ INFO] step=  4058  t=16.87327  ResidMax=6.963e-03  DilMax=6.479e-01  dt=4.159e-03
15:46:21.678 [ INFO] step=  4059  t=16.87743  ResidMax=6.960e-03  DilMax=6.479e-01  dt=4.159e-03
15:46:21.733 [ INFO] step=  4060  t=16.88159  ResidMax=6.956e-03  DilMax=6.479e-01  dt=4.159e-03
15:46:21.785 [ INFO] step=  4061  t=16.88575  ResidMax=6.952e-03  DilMax=6.479e-01  dt=4.159e-03
15:46:21.837 [ INFO] step=  4062  t=16.88990  ResidMax=6.948e-03  DilMax=6.479e-01  dt=4.159e-03
15:46:21.875 [ INFO] step=  4063  t=16.89406  ResidMax=6.944e-03  DilMax=6.479e-01  dt=4.159e-03
15:46:21.912 [ INFO] step=  4064  t=16.89822  ResidMax=6.940e-03  DilMax=6.479e-01  dt=4.159e-03
15:46:21.949 [ INFO] step=  4065  t=16.90238  ResidMax=6.935e-03  DilMax=6.479e-01  dt=4.159e-03
15:46:21.987 [ INFO] step=  4066  t=16.90654  ResidMax=6.931e-03  DilMax=6.479e-01  dt=4.159e-03
15:46:22.023 [ INFO] step=  4067  t=16.91070  ResidMax=6.927e-03  DilMax=6.479e-01  dt=4.159e-03
15:46:22.060 [ INFO] step=  4068  t=16.91486  ResidMax=6.922e-03  DilMax=6.479e-01  dt=4.159e-03
15:46:22.097 [ INFO] step=  4069  t=16.91902  ResidMax=6.918e-03  DilMax=6.479e-01  dt=4.159e-03
15:46:22.133 [ INFO] step=  4070  t=16.92317  ResidMax=6.913e-03  DilMax=6.479e-01  dt=4.159e-03
15:46:22.170 [ INFO] step=  4071  t=16.92733  ResidMax=6.909e-03  DilMax=6.479e-01  dt=4.159e-03
15:46:22.207 [ INFO] step=  4072  t=16.93149  ResidMax=6.904e-03  DilMax=6.479e-01  dt=4.159e-03
15:46:22.244 [ INFO] step=  4073  t=16.93565  ResidMax=6.900e-03  DilMax=6.479e-01  dt=4.159e-03
15:46:22.281 [ INFO] step=  4074  t=16.93981  ResidMax=6.895e-03  DilMax=6.479e-01  dt=4.159e-03
15:46:22.318 [ INFO] step=  4075  t=16.94397  ResidMax=6.890e-03  DilMax=6.479e-01  dt=4.159e-03
15:46:22.355 [ INFO] step=  4076  t=16.94813  ResidMax=6.886e-03  DilMax=6.479e-01  dt=4.159e-03
15:46:22.392 [ INFO] step=  4077  t=16.95229  ResidMax=6.881e-03  DilMax=6.479e-01  dt=4.159e-03
15:46:22.429 [ INFO] step=  4078  t=16.95644  ResidMax=6.876e-03  DilMax=6.479e-01  dt=4.159e-03
15:46:22.467 [ INFO] step=  4079  t=16.96060  ResidMax=6.871e-03  DilMax=6.479e-01  dt=4.159e-03
15:46:22.504 [ INFO] step=  4080  t=16.96476  ResidMax=6.866e-03  DilMax=6.479e-01  dt=4.159e-03
15:46:22.541 [ INFO] step=  4081  t=16.96892  ResidMax=6.860e-03  DilMax=6.479e-01  dt=4.159e-03
15:46:22.578 [ INFO] step=  4082  t=16.97308  ResidMax=6.855e-03  DilMax=6.479e-01  dt=4.159e-03
15:46:22.615 [ INFO] step=  4083  t=16.97724  ResidMax=6.850e-03  DilMax=6.479e-01  dt=4.159e-03
15:46:22.651 [ INFO] step=  4084  t=16.98140  ResidMax=6.844e-03  DilMax=6.479e-01  dt=4.159e-03
15:46:22.688 [ INFO] step=  4085  t=16.98555  ResidMax=6.839e-03  DilMax=6.479e-01  dt=4.159e-03
15:46:22.725 [ INFO] step=  4086  t=16.98971  ResidMax=6.833e-03  DilMax=6.479e-01  dt=4.159e-03
15:46:22.762 [ INFO] step=  4087  t=16.99387  ResidMax=6.828e-03  DilMax=6.479e-01  dt=4.159e-03
15:46:22.799 [ INFO] step=  4088  t=16.99803  ResidMax=6.822e-03  DilMax=6.479e-01  dt=4.159e-03
15:46:22.837 [ INFO] step=  4089  t=17.00219  ResidMax=6.816e-03  DilMax=6.479e-01  dt=4.159e-03
15:46:22.874 [ INFO] step=  4090  t=17.00635  ResidMax=6.810e-03  DilMax=6.479e-01  dt=4.159e-03
15:46:22.912 [ INFO] step=  4091  t=17.01051  ResidMax=6.804e-03  DilMax=6.479e-01  dt=4.159e-03
15:46:22.949 [ INFO] step=  4092  t=17.01467  ResidMax=6.798e-03  DilMax=6.479e-01  dt=4.159e-03
15:46:22.986 [ INFO] step=  4093  t=17.01882  ResidMax=6.792e-03  DilMax=6.479e-01  dt=4.159e-03
15:46:23.023 [ INFO] step=  4094  t=17.02298  ResidMax=6.786e-03  DilMax=6.479e-01  dt=4.159e-03
15:46:23.060 [ INFO] step=  4095  t=17.02714  ResidMax=6.780e-03  DilMax=6.479e-01  dt=4.159e-03
15:46:23.097 [ INFO] step=  4096  t=17.03130  ResidMax=6.773e-03  DilMax=6.479e-01  dt=4.159e-03
15:46:23.134 [ INFO] step=  4097  t=17.03546  ResidMax=6.767e-03  DilMax=6.479e-01  dt=4.159e-03
15:46:23.171 [ INFO] step=  4098  t=17.03962  ResidMax=6.760e-03  DilMax=6.479e-01  dt=4.159e-03
15:46:23.208 [ INFO] step=  4099  t=17.04378  ResidMax=6.754e-03  DilMax=6.479e-01  dt=4.159e-03
15:46:23.245 [ INFO] step=  4100  t=17.04794  ResidMax=6.747e-03  DilMax=6.479e-01  dt=4.159e-03
15:46:23.282 [ INFO] step=  4101  t=17.05209  ResidMax=6.740e-03  DilMax=6.479e-01  dt=4.159e-03
15:46:23.319 [ INFO] step=  4102  t=17.05625  ResidMax=6.734e-03  DilMax=6.479e-01  dt=4.159e-03
15:46:23.357 [ INFO] step=  4103  t=17.06041  ResidMax=6.727e-03  DilMax=6.479e-01  dt=4.159e-03
15:46:23.394 [ INFO] step=  4104  t=17.06457  ResidMax=6.720e-03  DilMax=6.479e-01  dt=4.159e-03
15:46:23.431 [ INFO] step=  4105  t=17.06873  ResidMax=6.713e-03  DilMax=6.479e-01  dt=4.159e-03
15:46:23.469 [ INFO] step=  4106  t=17.07289  ResidMax=6.706e-03  DilMax=6.479e-01  dt=4.159e-03
15:46:23.507 [ INFO] step=  4107  t=17.07705  ResidMax=6.699e-03  DilMax=6.479e-01  dt=4.159e-03
15:46:23.544 [ INFO] step=  4108  t=17.08121  ResidMax=6.691e-03  DilMax=6.479e-01  dt=4.159e-03
15:46:23.581 [ INFO] step=  4109  t=17.08536  ResidMax=6.684e-03  DilMax=6.479e-01  dt=4.159e-03
15:46:23.619 [ INFO] step=  4110  t=17.08952  ResidMax=6.677e-03  DilMax=6.479e-01  dt=4.159e-03
15:46:23.656 [ INFO] step=  4111  t=17.09368  ResidMax=6.669e-03  DilMax=6.479e-01  dt=4.159e-03
15:46:23.693 [ INFO] step=  4112  t=17.09784  ResidMax=6.662e-03  DilMax=6.479e-01  dt=4.159e-03
15:46:23.731 [ INFO] step=  4113  t=17.10200  ResidMax=6.654e-03  DilMax=6.479e-01  dt=4.159e-03
15:46:23.768 [ INFO] step=  4114  t=17.10616  ResidMax=6.647e-03  DilMax=6.479e-01  dt=4.159e-03
15:46:23.805 [ INFO] step=  4115  t=17.11032  ResidMax=6.639e-03  DilMax=6.479e-01  dt=4.159e-03
15:46:23.847 [ INFO] step=  4116  t=17.11447  ResidMax=6.631e-03  DilMax=6.479e-01  dt=4.159e-03
15:46:23.884 [ INFO] step=  4117  t=17.11863  ResidMax=6.623e-03  DilMax=6.479e-01  dt=4.159e-03
15:46:23.921 [ INFO] step=  4118  t=17.12279  ResidMax=6.615e-03  DilMax=6.479e-01  dt=4.159e-03
15:46:23.958 [ INFO] step=  4119  t=17.12695  ResidMax=6.607e-03  DilMax=6.479e-01  dt=4.159e-03
15:46:23.995 [ INFO] step=  4120  t=17.13111  ResidMax=6.599e-03  DilMax=6.479e-01  dt=4.159e-03
15:46:24.032 [ INFO] step=  4121  t=17.13527  ResidMax=6.591e-03  DilMax=6.479e-01  dt=4.159e-03
15:46:24.069 [ INFO] step=  4122  t=17.13943  ResidMax=6.583e-03  DilMax=6.479e-01  dt=4.159e-03
15:46:24.106 [ INFO] step=  4123  t=17.14359  ResidMax=6.575e-03  DilMax=6.479e-01  dt=4.159e-03
15:46:24.143 [ INFO] step=  4124  t=17.14774  ResidMax=6.566e-03  DilMax=6.479e-01  dt=4.159e-03
15:46:24.181 [ INFO] step=  4125  t=17.15190  ResidMax=6.558e-03  DilMax=6.479e-01  dt=4.159e-03
15:46:24.218 [ INFO] step=  4126  t=17.15606  ResidMax=6.549e-03  DilMax=6.479e-01  dt=4.159e-03
15:46:24.255 [ INFO] step=  4127  t=17.16022  ResidMax=6.541e-03  DilMax=6.479e-01  dt=4.159e-03
15:46:24.292 [ INFO] step=  4128  t=17.16438  ResidMax=6.532e-03  DilMax=6.479e-01  dt=4.159e-03
15:46:24.329 [ INFO] step=  4129  t=17.16854  ResidMax=6.524e-03  DilMax=6.479e-01  dt=4.159e-03
15:46:24.367 [ INFO] step=  4130  t=17.17270  ResidMax=6.515e-03  DilMax=6.479e-01  dt=4.159e-03
15:46:24.404 [ INFO] step=  4131  t=17.17686  ResidMax=6.507e-03  DilMax=6.479e-01  dt=4.159e-03
15:46:24.443 [ INFO] step=  4132  t=17.18101  ResidMax=6.498e-03  DilMax=6.479e-01  dt=4.159e-03
15:46:24.482 [ INFO] step=  4133  t=17.18517  ResidMax=6.490e-03  DilMax=6.479e-01  dt=4.159e-03
15:46:24.519 [ INFO] step=  4134  t=17.18933  ResidMax=6.482e-03  DilMax=6.479e-01  dt=4.159e-03
15:46:24.557 [ INFO] step=  4135  t=17.19349  ResidMax=6.473e-03  DilMax=6.479e-01  dt=4.159e-03
15:46:24.595 [ INFO] step=  4136  t=17.19765  ResidMax=6.464e-03  DilMax=6.479e-01  dt=4.159e-03
15:46:24.633 [ INFO] step=  4137  t=17.20181  ResidMax=6.456e-03  DilMax=6.479e-01  dt=4.159e-03
15:46:24.671 [ INFO] step=  4138  t=17.20597  ResidMax=6.447e-03  DilMax=6.479e-01  dt=4.159e-03
15:46:24.708 [ INFO] step=  4139  t=17.21013  ResidMax=6.438e-03  DilMax=6.479e-01  dt=4.159e-03
15:46:24.745 [ INFO] step=  4140  t=17.21428  ResidMax=6.429e-03  DilMax=6.479e-01  dt=4.159e-03
15:46:24.783 [ INFO] step=  4141  t=17.21844  ResidMax=6.420e-03  DilMax=6.479e-01  dt=4.159e-03
15:46:24.821 [ INFO] step=  4142  t=17.22260  ResidMax=6.411e-03  DilMax=6.479e-01  dt=4.159e-03
15:46:24.886 [ INFO] step=  4143  t=17.22676  ResidMax=6.402e-03  DilMax=6.479e-01  dt=4.159e-03
15:46:24.924 [ INFO] step=  4144  t=17.23092  ResidMax=6.393e-03  DilMax=6.479e-01  dt=4.159e-03
15:46:24.961 [ INFO] step=  4145  t=17.23508  ResidMax=6.384e-03  DilMax=6.479e-01  dt=4.159e-03
15:46:24.998 [ INFO] step=  4146  t=17.23924  ResidMax=6.375e-03  DilMax=6.479e-01  dt=4.159e-03
15:46:25.035 [ INFO] step=  4147  t=17.24339  ResidMax=6.365e-03  DilMax=6.479e-01  dt=4.159e-03
15:46:25.072 [ INFO] step=  4148  t=17.24755  ResidMax=6.356e-03  DilMax=6.479e-01  dt=4.159e-03
15:46:25.109 [ INFO] step=  4149  t=17.25171  ResidMax=6.347e-03  DilMax=6.479e-01  dt=4.159e-03
15:46:25.147 [ INFO] step=  4150  t=17.25587  ResidMax=6.337e-03  DilMax=6.479e-01  dt=4.159e-03
15:46:25.184 [ INFO] step=  4151  t=17.26003  ResidMax=6.327e-03  DilMax=6.479e-01  dt=4.159e-03
15:46:25.222 [ INFO] step=  4152  t=17.26419  ResidMax=6.318e-03  DilMax=6.479e-01  dt=4.159e-03
15:46:25.260 [ INFO] step=  4153  t=17.26835  ResidMax=6.308e-03  DilMax=6.479e-01  dt=4.159e-03
15:46:25.297 [ INFO] step=  4154  t=17.27251  ResidMax=6.298e-03  DilMax=6.479e-01  dt=4.159e-03
15:46:25.334 [ INFO] step=  4155  t=17.27666  ResidMax=6.289e-03  DilMax=6.479e-01  dt=4.159e-03
15:46:25.371 [ INFO] step=  4156  t=17.28082  ResidMax=6.279e-03  DilMax=6.479e-01  dt=4.159e-03
15:46:25.408 [ INFO] step=  4157  t=17.28498  ResidMax=6.269e-03  DilMax=6.479e-01  dt=4.159e-03
15:46:25.446 [ INFO] step=  4158  t=17.28914  ResidMax=6.259e-03  DilMax=6.480e-01  dt=4.159e-03
15:46:25.483 [ INFO] step=  4159  t=17.29330  ResidMax=6.249e-03  DilMax=6.480e-01  dt=4.159e-03
15:46:25.520 [ INFO] step=  4160  t=17.29746  ResidMax=6.239e-03  DilMax=6.480e-01  dt=4.159e-03
15:46:25.558 [ INFO] step=  4161  t=17.30162  ResidMax=6.229e-03  DilMax=6.480e-01  dt=4.159e-03
15:46:25.595 [ INFO] step=  4162  t=17.30578  ResidMax=6.218e-03  DilMax=6.480e-01  dt=4.159e-03
15:46:25.632 [ INFO] step=  4163  t=17.30993  ResidMax=6.208e-03  DilMax=6.480e-01  dt=4.159e-03
15:46:25.670 [ INFO] step=  4164  t=17.31409  ResidMax=6.198e-03  DilMax=6.480e-01  dt=4.159e-03
15:46:25.708 [ INFO] step=  4165  t=17.31825  ResidMax=6.188e-03  DilMax=6.480e-01  dt=4.159e-03
15:46:25.745 [ INFO] step=  4166  t=17.32241  ResidMax=6.177e-03  DilMax=6.480e-01  dt=4.159e-03
15:46:25.782 [ INFO] step=  4167  t=17.32657  ResidMax=6.167e-03  DilMax=6.480e-01  dt=4.159e-03
15:46:25.820 [ INFO] step=  4168  t=17.33073  ResidMax=6.157e-03  DilMax=6.480e-01  dt=4.159e-03
15:46:25.857 [ INFO] step=  4169  t=17.33489  ResidMax=6.147e-03  DilMax=6.480e-01  dt=4.159e-03
15:46:25.895 [ INFO] step=  4170  t=17.33905  ResidMax=6.137e-03  DilMax=6.480e-01  dt=4.159e-03
15:46:25.932 [ INFO] step=  4171  t=17.34320  ResidMax=6.127e-03  DilMax=6.480e-01  dt=4.159e-03
15:46:25.969 [ INFO] step=  4172  t=17.34736  ResidMax=6.117e-03  DilMax=6.480e-01  dt=4.159e-03
15:46:26.006 [ INFO] step=  4173  t=17.35152  ResidMax=6.106e-03  DilMax=6.480e-01  dt=4.159e-03
15:46:26.043 [ INFO] step=  4174  t=17.35568  ResidMax=6.096e-03  DilMax=6.480e-01  dt=4.159e-03
15:46:26.081 [ INFO] step=  4175  t=17.35984  ResidMax=6.086e-03  DilMax=6.480e-01  dt=4.159e-03
15:46:26.118 [ INFO] step=  4176  t=17.36400  ResidMax=6.076e-03  DilMax=6.480e-01  dt=4.159e-03
15:46:26.155 [ INFO] step=  4177  t=17.36816  ResidMax=6.065e-03  DilMax=6.480e-01  dt=4.159e-03
15:46:26.192 [ INFO] step=  4178  t=17.37232  ResidMax=6.055e-03  DilMax=6.480e-01  dt=4.159e-03
15:46:26.229 [ INFO] step=  4179  t=17.37647  ResidMax=6.044e-03  DilMax=6.480e-01  dt=4.159e-03
15:46:26.266 [ INFO] step=  4180  t=17.38063  ResidMax=6.034e-03  DilMax=6.480e-01  dt=4.159e-03
15:46:26.303 [ INFO] step=  4181  t=17.38479  ResidMax=6.023e-03  DilMax=6.480e-01  dt=4.159e-03
15:46:26.341 [ INFO] step=  4182  t=17.38895  ResidMax=6.012e-03  DilMax=6.480e-01  dt=4.159e-03
15:46:26.378 [ INFO] step=  4183  t=17.39311  ResidMax=6.002e-03  DilMax=6.480e-01  dt=4.159e-03
15:46:26.414 [ INFO] step=  4184  t=17.39727  ResidMax=5.991e-03  DilMax=6.480e-01  dt=4.159e-03
15:46:26.451 [ INFO] step=  4185  t=17.40143  ResidMax=5.980e-03  DilMax=6.480e-01  dt=4.159e-03
15:46:26.489 [ INFO] step=  4186  t=17.40558  ResidMax=5.969e-03  DilMax=6.480e-01  dt=4.159e-03
15:46:26.526 [ INFO] step=  4187  t=17.40974  ResidMax=5.958e-03  DilMax=6.480e-01  dt=4.159e-03
15:46:26.564 [ INFO] step=  4188  t=17.41390  ResidMax=5.947e-03  DilMax=6.480e-01  dt=4.159e-03
15:46:26.601 [ INFO] step=  4189  t=17.41806  ResidMax=5.936e-03  DilMax=6.480e-01  dt=4.159e-03
15:46:26.638 [ INFO] step=  4190  t=17.42222  ResidMax=5.925e-03  DilMax=6.480e-01  dt=4.159e-03
15:46:26.675 [ INFO] step=  4191  t=17.42638  ResidMax=5.914e-03  DilMax=6.480e-01  dt=4.159e-03
15:46:26.713 [ INFO] step=  4192  t=17.43054  ResidMax=5.903e-03  DilMax=6.480e-01  dt=4.159e-03
15:46:26.749 [ INFO] step=  4193  t=17.43470  ResidMax=5.891e-03  DilMax=6.480e-01  dt=4.159e-03
15:46:26.786 [ INFO] step=  4194  t=17.43885  ResidMax=5.880e-03  DilMax=6.480e-01  dt=4.159e-03
15:46:26.824 [ INFO] step=  4195  t=17.44301  ResidMax=5.869e-03  DilMax=6.480e-01  dt=4.159e-03
15:46:26.862 [ INFO] step=  4196  t=17.44717  ResidMax=5.858e-03  DilMax=6.480e-01  dt=4.159e-03
15:46:26.899 [ INFO] step=  4197  t=17.45133  ResidMax=5.847e-03  DilMax=6.480e-01  dt=4.159e-03
15:46:26.936 [ INFO] step=  4198  t=17.45549  ResidMax=5.837e-03  DilMax=6.480e-01  dt=4.159e-03
15:46:26.974 [ INFO] step=  4199  t=17.45965  ResidMax=5.826e-03  DilMax=6.480e-01  dt=4.159e-03
15:46:27.010 [ INFO] step=  4200  t=17.46381  ResidMax=5.815e-03  DilMax=6.480e-01  dt=4.159e-03
15:46:27.048 [ INFO] step=  4201  t=17.46797  ResidMax=5.804e-03  DilMax=6.480e-01  dt=4.159e-03
15:46:27.087 [ INFO] step=  4202  t=17.47212  ResidMax=5.793e-03  DilMax=6.480e-01  dt=4.159e-03
15:46:27.125 [ INFO] step=  4203  t=17.47628  ResidMax=5.782e-03  DilMax=6.480e-01  dt=4.159e-03
15:46:27.164 [ INFO] step=  4204  t=17.48044  ResidMax=5.771e-03  DilMax=6.480e-01  dt=4.159e-03
15:46:27.202 [ INFO] step=  4205  t=17.48460  ResidMax=5.760e-03  DilMax=6.480e-01  dt=4.159e-03
15:46:27.238 [ INFO] step=  4206  t=17.48876  ResidMax=5.749e-03  DilMax=6.480e-01  dt=4.159e-03
15:46:27.276 [ INFO] step=  4207  t=17.49292  ResidMax=5.738e-03  DilMax=6.480e-01  dt=4.159e-03
15:46:27.313 [ INFO] step=  4208  t=17.49708  ResidMax=5.726e-03  DilMax=6.480e-01  dt=4.159e-03
15:46:27.350 [ INFO] step=  4209  t=17.50124  ResidMax=5.715e-03  DilMax=6.480e-01  dt=4.159e-03
15:46:27.388 [ INFO] step=  4210  t=17.50539  ResidMax=5.704e-03  DilMax=6.480e-01  dt=4.159e-03
15:46:27.425 [ INFO] step=  4211  t=17.50955  ResidMax=5.692e-03  DilMax=6.480e-01  dt=4.159e-03
15:46:27.463 [ INFO] step=  4212  t=17.51371  ResidMax=5.681e-03  DilMax=6.480e-01  dt=4.159e-03
15:46:27.501 [ INFO] step=  4213  t=17.51787  ResidMax=5.670e-03  DilMax=6.480e-01  dt=4.159e-03
15:46:27.537 [ INFO] step=  4214  t=17.52203  ResidMax=5.658e-03  DilMax=6.480e-01  dt=4.159e-03
15:46:27.578 [ INFO] step=  4215  t=17.52619  ResidMax=5.646e-03  DilMax=6.480e-01  dt=4.159e-03
15:46:27.616 [ INFO] step=  4216  t=17.53035  ResidMax=5.635e-03  DilMax=6.480e-01  dt=4.159e-03
15:46:27.652 [ INFO] step=  4217  t=17.53450  ResidMax=5.623e-03  DilMax=6.480e-01  dt=4.159e-03
15:46:27.689 [ INFO] step=  4218  t=17.53866  ResidMax=5.611e-03  DilMax=6.480e-01  dt=4.159e-03
15:46:27.726 [ INFO] step=  4219  t=17.54282  ResidMax=5.600e-03  DilMax=6.480e-01  dt=4.159e-03
15:46:27.764 [ INFO] step=  4220  t=17.54698  ResidMax=5.589e-03  DilMax=6.480e-01  dt=4.159e-03
15:46:27.802 [ INFO] step=  4221  t=17.55114  ResidMax=5.578e-03  DilMax=6.480e-01  dt=4.159e-03
15:46:27.850 [ INFO] step=  4222  t=17.55530  ResidMax=5.567e-03  DilMax=6.480e-01  dt=4.159e-03
15:46:27.887 [ INFO] step=  4223  t=17.55946  ResidMax=5.556e-03  DilMax=6.480e-01  dt=4.159e-03
15:46:27.924 [ INFO] step=  4224  t=17.56362  ResidMax=5.545e-03  DilMax=6.480e-01  dt=4.159e-03
15:46:27.961 [ INFO] step=  4225  t=17.56777  ResidMax=5.533e-03  DilMax=6.480e-01  dt=4.159e-03
15:46:27.998 [ INFO] step=  4226  t=17.57193  ResidMax=5.522e-03  DilMax=6.480e-01  dt=4.159e-03
15:46:28.035 [ INFO] step=  4227  t=17.57609  ResidMax=5.511e-03  DilMax=6.480e-01  dt=4.159e-03
15:46:28.072 [ INFO] step=  4228  t=17.58025  ResidMax=5.499e-03  DilMax=6.480e-01  dt=4.159e-03
15:46:28.109 [ INFO] step=  4229  t=17.58441  ResidMax=5.488e-03  DilMax=6.480e-01  dt=4.159e-03
15:46:28.205 [ INFO] step=  4230  t=17.58857  ResidMax=5.477e-03  DilMax=6.480e-01  dt=4.159e-03
15:46:28.245 [ INFO] step=  4231  t=17.59273  ResidMax=5.465e-03  DilMax=6.480e-01  dt=4.159e-03
15:46:28.282 [ INFO] step=  4232  t=17.59689  ResidMax=5.454e-03  DilMax=6.480e-01  dt=4.159e-03
15:46:28.319 [ INFO] step=  4233  t=17.60104  ResidMax=5.442e-03  DilMax=6.480e-01  dt=4.159e-03
15:46:28.356 [ INFO] step=  4234  t=17.60520  ResidMax=5.431e-03  DilMax=6.480e-01  dt=4.159e-03
15:46:28.393 [ INFO] step=  4235  t=17.60936  ResidMax=5.419e-03  DilMax=6.480e-01  dt=4.159e-03
15:46:28.430 [ INFO] step=  4236  t=17.61352  ResidMax=5.407e-03  DilMax=6.480e-01  dt=4.159e-03
15:46:28.467 [ INFO] step=  4237  t=17.61768  ResidMax=5.396e-03  DilMax=6.480e-01  dt=4.159e-03
15:46:28.504 [ INFO] step=  4238  t=17.62184  ResidMax=5.384e-03  DilMax=6.480e-01  dt=4.159e-03
15:46:28.541 [ INFO] step=  4239  t=17.62600  ResidMax=5.372e-03  DilMax=6.480e-01  dt=4.159e-03
15:46:28.578 [ INFO] step=  4240  t=17.63016  ResidMax=5.360e-03  DilMax=6.480e-01  dt=4.159e-03
15:46:28.615 [ INFO] step=  4241  t=17.63431  ResidMax=5.349e-03  DilMax=6.480e-01  dt=4.159e-03
15:46:28.652 [ INFO] step=  4242  t=17.63847  ResidMax=5.337e-03  DilMax=6.480e-01  dt=4.159e-03
15:46:28.690 [ INFO] step=  4243  t=17.64263  ResidMax=5.326e-03  DilMax=6.480e-01  dt=4.159e-03
15:46:28.728 [ INFO] step=  4244  t=17.64679  ResidMax=5.315e-03  DilMax=6.480e-01  dt=4.159e-03
15:46:28.764 [ INFO] step=  4245  t=17.65095  ResidMax=5.304e-03  DilMax=6.480e-01  dt=4.159e-03
15:46:28.801 [ INFO] step=  4246  t=17.65511  ResidMax=5.293e-03  DilMax=6.480e-01  dt=4.159e-03
15:46:28.839 [ INFO] step=  4247  t=17.65927  ResidMax=5.281e-03  DilMax=6.480e-01  dt=4.159e-03
15:46:28.876 [ INFO] step=  4248  t=17.66343  ResidMax=5.270e-03  DilMax=6.480e-01  dt=4.159e-03
15:46:28.913 [ INFO] step=  4249  t=17.66758  ResidMax=5.259e-03  DilMax=6.480e-01  dt=4.159e-03
15:46:28.950 [ INFO] step=  4250  t=17.67174  ResidMax=5.248e-03  DilMax=6.480e-01  dt=4.159e-03
15:46:28.988 [ INFO] step=  4251  t=17.67590  ResidMax=5.236e-03  DilMax=6.480e-01  dt=4.159e-03
15:46:29.026 [ INFO] step=  4252  t=17.68006  ResidMax=5.225e-03  DilMax=6.480e-01  dt=4.159e-03
15:46:29.063 [ INFO] step=  4253  t=17.68422  ResidMax=5.214e-03  DilMax=6.480e-01  dt=4.159e-03
15:46:29.101 [ INFO] step=  4254  t=17.68838  ResidMax=5.202e-03  DilMax=6.480e-01  dt=4.159e-03
15:46:29.138 [ INFO] step=  4255  t=17.69254  ResidMax=5.191e-03  DilMax=6.480e-01  dt=4.159e-03
15:46:29.175 [ INFO] step=  4256  t=17.69669  ResidMax=5.179e-03  DilMax=6.480e-01  dt=4.159e-03
15:46:29.213 [ INFO] step=  4257  t=17.70085  ResidMax=5.167e-03  DilMax=6.480e-01  dt=4.159e-03
15:46:29.249 [ INFO] step=  4258  t=17.70501  ResidMax=5.156e-03  DilMax=6.480e-01  dt=4.159e-03
15:46:29.287 [ INFO] step=  4259  t=17.70917  ResidMax=5.144e-03  DilMax=6.480e-01  dt=4.159e-03
15:46:29.324 [ INFO] step=  4260  t=17.71333  ResidMax=5.132e-03  DilMax=6.480e-01  dt=4.159e-03
15:46:29.361 [ INFO] step=  4261  t=17.71749  ResidMax=5.121e-03  DilMax=6.480e-01  dt=4.159e-03
15:46:29.398 [ INFO] step=  4262  t=17.72165  ResidMax=5.109e-03  DilMax=6.480e-01  dt=4.159e-03
15:46:29.436 [ INFO] step=  4263  t=17.72581  ResidMax=5.097e-03  DilMax=6.480e-01  dt=4.159e-03
15:46:29.473 [ INFO] step=  4264  t=17.72996  ResidMax=5.085e-03  DilMax=6.480e-01  dt=4.159e-03
15:46:29.510 [ INFO] step=  4265  t=17.73412  ResidMax=5.074e-03  DilMax=6.480e-01  dt=4.159e-03
15:46:29.547 [ INFO] step=  4266  t=17.73828  ResidMax=5.063e-03  DilMax=6.480e-01  dt=4.159e-03
15:46:29.584 [ INFO] step=  4267  t=17.74244  ResidMax=5.053e-03  DilMax=6.480e-01  dt=4.159e-03
15:46:29.621 [ INFO] step=  4268  t=17.74660  ResidMax=5.041e-03  DilMax=6.480e-01  dt=4.159e-03
15:46:29.659 [ INFO] step=  4269  t=17.75076  ResidMax=5.030e-03  DilMax=6.480e-01  dt=4.159e-03
15:46:29.695 [ INFO] step=  4270  t=17.75492  ResidMax=5.019e-03  DilMax=6.480e-01  dt=4.159e-03
15:46:29.735 [ INFO] step=  4271  t=17.75908  ResidMax=5.008e-03  DilMax=6.480e-01  dt=4.159e-03
15:46:29.774 [ INFO] step=  4272  t=17.76323  ResidMax=4.997e-03  DilMax=6.480e-01  dt=4.159e-03
15:46:29.812 [ INFO] step=  4273  t=17.76739  ResidMax=4.986e-03  DilMax=6.480e-01  dt=4.159e-03
15:46:29.851 [ INFO] step=  4274  t=17.77155  ResidMax=4.975e-03  DilMax=6.480e-01  dt=4.159e-03
15:46:29.887 [ INFO] step=  4275  t=17.77571  ResidMax=4.963e-03  DilMax=6.480e-01  dt=4.159e-03
15:46:29.924 [ INFO] step=  4276  t=17.77987  ResidMax=4.952e-03  DilMax=6.480e-01  dt=4.159e-03
15:46:29.961 [ INFO] step=  4277  t=17.78403  ResidMax=4.941e-03  DilMax=6.480e-01  dt=4.159e-03
15:46:29.997 [ INFO] step=  4278  t=17.78819  ResidMax=4.929e-03  DilMax=6.480e-01  dt=4.159e-03
15:46:30.035 [ INFO] step=  4279  t=17.79235  ResidMax=4.918e-03  DilMax=6.480e-01  dt=4.159e-03
15:46:30.071 [ INFO] step=  4280  t=17.79650  ResidMax=4.907e-03  DilMax=6.480e-01  dt=4.159e-03
15:46:30.108 [ INFO] step=  4281  t=17.80066  ResidMax=4.895e-03  DilMax=6.480e-01  dt=4.159e-03
15:46:30.149 [ INFO] step=  4282  t=17.80482  ResidMax=4.884e-03  DilMax=6.480e-01  dt=4.159e-03
15:46:30.185 [ INFO] step=  4283  t=17.80898  ResidMax=4.872e-03  DilMax=6.480e-01  dt=4.159e-03
15:46:30.222 [ INFO] step=  4284  t=17.81314  ResidMax=4.860e-03  DilMax=6.480e-01  dt=4.159e-03
15:46:30.260 [ INFO] step=  4285  t=17.81730  ResidMax=4.849e-03  DilMax=6.480e-01  dt=4.159e-03
15:46:30.297 [ INFO] step=  4286  t=17.82146  ResidMax=4.837e-03  DilMax=6.480e-01  dt=4.159e-03
15:46:30.334 [ INFO] step=  4287  t=17.82561  ResidMax=4.826e-03  DilMax=6.480e-01  dt=4.159e-03
15:46:30.371 [ INFO] step=  4288  t=17.82977  ResidMax=4.815e-03  DilMax=6.480e-01  dt=4.159e-03
15:46:30.408 [ INFO] step=  4289  t=17.83393  ResidMax=4.804e-03  DilMax=6.480e-01  dt=4.159e-03
15:46:30.445 [ INFO] step=  4290  t=17.83809  ResidMax=4.793e-03  DilMax=6.480e-01  dt=4.159e-03
15:46:30.482 [ INFO] step=  4291  t=17.84225  ResidMax=4.783e-03  DilMax=6.480e-01  dt=4.159e-03
15:46:30.519 [ INFO] step=  4292  t=17.84641  ResidMax=4.772e-03  DilMax=6.480e-01  dt=4.159e-03
15:46:30.556 [ INFO] step=  4293  t=17.85057  ResidMax=4.761e-03  DilMax=6.480e-01  dt=4.159e-03
15:46:30.593 [ INFO] step=  4294  t=17.85473  ResidMax=4.750e-03  DilMax=6.480e-01  dt=4.159e-03
15:46:30.630 [ INFO] step=  4295  t=17.85888  ResidMax=4.739e-03  DilMax=6.480e-01  dt=4.159e-03
15:46:30.667 [ INFO] step=  4296  t=17.86304  ResidMax=4.728e-03  DilMax=6.480e-01  dt=4.159e-03
15:46:30.705 [ INFO] step=  4297  t=17.86720  ResidMax=4.717e-03  DilMax=6.480e-01  dt=4.159e-03
15:46:30.742 [ INFO] step=  4298  t=17.87136  ResidMax=4.706e-03  DilMax=6.480e-01  dt=4.159e-03
15:46:30.779 [ INFO] step=  4299  t=17.87552  ResidMax=4.695e-03  DilMax=6.480e-01  dt=4.159e-03
15:46:30.817 [ INFO] step=  4300  t=17.87968  ResidMax=4.684e-03  DilMax=6.480e-01  dt=4.159e-03
15:46:30.892 [ INFO] step=  4301  t=17.88384  ResidMax=4.673e-03  DilMax=6.480e-01  dt=4.159e-03
15:46:30.929 [ INFO] step=  4302  t=17.88800  ResidMax=4.662e-03  DilMax=6.480e-01  dt=4.159e-03
15:46:30.967 [ INFO] step=  4303  t=17.89215  ResidMax=4.651e-03  DilMax=6.480e-01  dt=4.159e-03
15:46:31.005 [ INFO] step=  4304  t=17.89631  ResidMax=4.639e-03  DilMax=6.480e-01  dt=4.159e-03
15:46:31.043 [ INFO] step=  4305  t=17.90047  ResidMax=4.628e-03  DilMax=6.480e-01  dt=4.159e-03
15:46:31.080 [ INFO] step=  4306  t=17.90463  ResidMax=4.617e-03  DilMax=6.480e-01  dt=4.159e-03
15:46:31.118 [ INFO] step=  4307  t=17.90879  ResidMax=4.606e-03  DilMax=6.480e-01  dt=4.159e-03
15:46:31.155 [ INFO] step=  4308  t=17.91295  ResidMax=4.594e-03  DilMax=6.480e-01  dt=4.159e-03
15:46:31.192 [ INFO] step=  4309  t=17.91711  ResidMax=4.583e-03  DilMax=6.480e-01  dt=4.159e-03
15:46:31.229 [ INFO] step=  4310  t=17.92127  ResidMax=4.572e-03  DilMax=6.480e-01  dt=4.159e-03
15:46:31.267 [ INFO] step=  4311  t=17.92542  ResidMax=4.560e-03  DilMax=6.480e-01  dt=4.159e-03
15:46:31.304 [ INFO] step=  4312  t=17.92958  ResidMax=4.550e-03  DilMax=6.480e-01  dt=4.159e-03
15:46:31.341 [ INFO] step=  4313  t=17.93374  ResidMax=4.540e-03  DilMax=6.480e-01  dt=4.159e-03
15:46:31.378 [ INFO] step=  4314  t=17.93790  ResidMax=4.529e-03  DilMax=6.480e-01  dt=4.159e-03
15:46:31.415 [ INFO] step=  4315  t=17.94206  ResidMax=4.519e-03  DilMax=6.480e-01  dt=4.159e-03
15:46:31.452 [ INFO] step=  4316  t=17.94622  ResidMax=4.508e-03  DilMax=6.480e-01  dt=4.159e-03
15:46:31.489 [ INFO] step=  4317  t=17.95038  ResidMax=4.498e-03  DilMax=6.480e-01  dt=4.159e-03
15:46:31.526 [ INFO] step=  4318  t=17.95453  ResidMax=4.487e-03  DilMax=6.480e-01  dt=4.159e-03
15:46:31.564 [ INFO] step=  4319  t=17.95869  ResidMax=4.476e-03  DilMax=6.480e-01  dt=4.159e-03
15:46:31.601 [ INFO] step=  4320  t=17.96285  ResidMax=4.466e-03  DilMax=6.480e-01  dt=4.159e-03
15:46:31.638 [ INFO] step=  4321  t=17.96701  ResidMax=4.455e-03  DilMax=6.480e-01  dt=4.159e-03
15:46:31.676 [ INFO] step=  4322  t=17.97117  ResidMax=4.444e-03  DilMax=6.480e-01  dt=4.159e-03
15:46:31.713 [ INFO] step=  4323  t=17.97533  ResidMax=4.434e-03  DilMax=6.480e-01  dt=4.159e-03
15:46:31.750 [ INFO] step=  4324  t=17.97949  ResidMax=4.423e-03  DilMax=6.480e-01  dt=4.159e-03
15:46:31.787 [ INFO] step=  4325  t=17.98365  ResidMax=4.412e-03  DilMax=6.480e-01  dt=4.159e-03
15:46:31.824 [ INFO] step=  4326  t=17.98780  ResidMax=4.401e-03  DilMax=6.480e-01  dt=4.159e-03
15:46:31.862 [ INFO] step=  4327  t=17.99196  ResidMax=4.391e-03  DilMax=6.480e-01  dt=4.159e-03
15:46:31.899 [ INFO] step=  4328  t=17.99612  ResidMax=4.380e-03  DilMax=6.480e-01  dt=4.159e-03
15:46:31.936 [ INFO] step=  4329  t=18.00028  ResidMax=4.369e-03  DilMax=6.480e-01  dt=4.159e-03
15:46:31.972 [ INFO] step=  4330  t=18.00444  ResidMax=4.358e-03  DilMax=6.480e-01  dt=4.159e-03
15:46:32.010 [ INFO] step=  4331  t=18.00860  ResidMax=4.347e-03  DilMax=6.480e-01  dt=4.159e-03
15:46:32.047 [ INFO] step=  4332  t=18.01276  ResidMax=4.336e-03  DilMax=6.480e-01  dt=4.159e-03
15:46:32.084 [ INFO] step=  4333  t=18.01692  ResidMax=4.325e-03  DilMax=6.480e-01  dt=4.159e-03
15:46:32.121 [ INFO] step=  4334  t=18.02107  ResidMax=4.314e-03  DilMax=6.480e-01  dt=4.159e-03
15:46:32.159 [ INFO] step=  4335  t=18.02523  ResidMax=4.303e-03  DilMax=6.480e-01  dt=4.159e-03
15:46:32.196 [ INFO] step=  4336  t=18.02939  ResidMax=4.292e-03  DilMax=6.480e-01  dt=4.159e-03
15:46:32.232 [ INFO] step=  4337  t=18.03355  ResidMax=4.282e-03  DilMax=6.480e-01  dt=4.159e-03
15:46:32.270 [ INFO] step=  4338  t=18.03771  ResidMax=4.272e-03  DilMax=6.480e-01  dt=4.159e-03
15:46:32.306 [ INFO] step=  4339  t=18.04187  ResidMax=4.262e-03  DilMax=6.480e-01  dt=4.159e-03
15:46:32.343 [ INFO] step=  4340  t=18.04603  ResidMax=4.252e-03  DilMax=6.480e-01  dt=4.159e-03
15:46:32.381 [ INFO] step=  4341  t=18.05019  ResidMax=4.241e-03  DilMax=6.480e-01  dt=4.159e-03
15:46:32.418 [ INFO] step=  4342  t=18.05434  ResidMax=4.231e-03  DilMax=6.480e-01  dt=4.159e-03
15:46:32.456 [ INFO] step=  4343  t=18.05850  ResidMax=4.221e-03  DilMax=6.480e-01  dt=4.159e-03
15:46:32.493 [ INFO] step=  4344  t=18.06266  ResidMax=4.211e-03  DilMax=6.480e-01  dt=4.159e-03
15:46:32.531 [ INFO] step=  4345  t=18.06682  ResidMax=4.201e-03  DilMax=6.480e-01  dt=4.159e-03
15:46:32.571 [ INFO] step=  4346  t=18.07098  ResidMax=4.190e-03  DilMax=6.480e-01  dt=4.159e-03
15:46:32.609 [ INFO] step=  4347  t=18.07514  ResidMax=4.180e-03  DilMax=6.480e-01  dt=4.159e-03
15:46:32.647 [ INFO] step=  4348  t=18.07930  ResidMax=4.170e-03  DilMax=6.480e-01  dt=4.159e-03
15:46:32.686 [ INFO] step=  4349  t=18.08345  ResidMax=4.159e-03  DilMax=6.480e-01  dt=4.159e-03
15:46:32.723 [ INFO] step=  4350  t=18.08761  ResidMax=4.149e-03  DilMax=6.480e-01  dt=4.159e-03
15:46:32.760 [ INFO] step=  4351  t=18.09177  ResidMax=4.138e-03  DilMax=6.480e-01  dt=4.159e-03
15:46:32.797 [ INFO] step=  4352  t=18.09593  ResidMax=4.128e-03  DilMax=6.480e-01  dt=4.159e-03
15:46:32.835 [ INFO] step=  4353  t=18.10009  ResidMax=4.118e-03  DilMax=6.480e-01  dt=4.159e-03
15:46:32.873 [ INFO] step=  4354  t=18.10425  ResidMax=4.107e-03  DilMax=6.480e-01  dt=4.159e-03
15:46:32.910 [ INFO] step=  4355  t=18.10841  ResidMax=4.097e-03  DilMax=6.480e-01  dt=4.159e-03
15:46:32.947 [ INFO] step=  4356  t=18.11257  ResidMax=4.086e-03  DilMax=6.480e-01  dt=4.159e-03
15:46:32.987 [ INFO] step=  4357  t=18.11672  ResidMax=4.075e-03  DilMax=6.480e-01  dt=4.159e-03
15:46:33.055 [ INFO] step=  4358  t=18.12088  ResidMax=4.065e-03  DilMax=6.480e-01  dt=4.159e-03
15:46:33.092 [ INFO] step=  4359  t=18.12504  ResidMax=4.054e-03  DilMax=6.480e-01  dt=4.159e-03
15:46:33.129 [ INFO] step=  4360  t=18.12920  ResidMax=4.044e-03  DilMax=6.480e-01  dt=4.159e-03
15:46:33.166 [ INFO] step=  4361  t=18.13336  ResidMax=4.033e-03  DilMax=6.480e-01  dt=4.159e-03
15:46:33.202 [ INFO] step=  4362  t=18.13752  ResidMax=4.022e-03  DilMax=6.480e-01  dt=4.159e-03
15:46:33.239 [ INFO] step=  4363  t=18.14168  ResidMax=4.012e-03  DilMax=6.480e-01  dt=4.159e-03
15:46:33.277 [ INFO] step=  4364  t=18.14584  ResidMax=4.003e-03  DilMax=6.480e-01  dt=4.159e-03
15:46:33.313 [ INFO] step=  4365  t=18.14999  ResidMax=3.993e-03  DilMax=6.480e-01  dt=4.159e-03
15:46:33.350 [ INFO] step=  4366  t=18.15415  ResidMax=3.983e-03  DilMax=6.480e-01  dt=4.159e-03
15:46:33.387 [ INFO] step=  4367  t=18.15831  ResidMax=3.973e-03  DilMax=6.480e-01  dt=4.159e-03
15:46:33.424 [ INFO] step=  4368  t=18.16247  ResidMax=3.964e-03  DilMax=6.480e-01  dt=4.159e-03
15:46:33.462 [ INFO] step=  4369  t=18.16663  ResidMax=3.954e-03  DilMax=6.480e-01  dt=4.159e-03
15:46:33.499 [ INFO] step=  4370  t=18.17079  ResidMax=3.944e-03  DilMax=6.480e-01  dt=4.159e-03
15:46:33.535 [ INFO] step=  4371  t=18.17495  ResidMax=3.934e-03  DilMax=6.480e-01  dt=4.159e-03
15:46:33.573 [ INFO] step=  4372  t=18.17911  ResidMax=3.924e-03  DilMax=6.480e-01  dt=4.159e-03
15:46:33.610 [ INFO] step=  4373  t=18.18326  ResidMax=3.915e-03  DilMax=6.480e-01  dt=4.159e-03
15:46:33.647 [ INFO] step=  4374  t=18.18742  ResidMax=3.905e-03  DilMax=6.480e-01  dt=4.159e-03
15:46:33.685 [ INFO] step=  4375  t=18.19158  ResidMax=3.895e-03  DilMax=6.480e-01  dt=4.159e-03
15:46:33.722 [ INFO] step=  4376  t=18.19574  ResidMax=3.885e-03  DilMax=6.480e-01  dt=4.159e-03
15:46:33.759 [ INFO] step=  4377  t=18.19990  ResidMax=3.875e-03  DilMax=6.480e-01  dt=4.159e-03
15:46:33.796 [ INFO] step=  4378  t=18.20406  ResidMax=3.865e-03  DilMax=6.480e-01  dt=4.159e-03
15:46:33.834 [ INFO] step=  4379  t=18.20822  ResidMax=3.855e-03  DilMax=6.480e-01  dt=4.159e-03
15:46:33.871 [ INFO] step=  4380  t=18.21237  ResidMax=3.845e-03  DilMax=6.480e-01  dt=4.159e-03
15:46:33.908 [ INFO] step=  4381  t=18.21653  ResidMax=3.835e-03  DilMax=6.480e-01  dt=4.159e-03
15:46:33.945 [ INFO] step=  4382  t=18.22069  ResidMax=3.825e-03  DilMax=6.480e-01  dt=4.159e-03
15:46:33.982 [ INFO] step=  4383  t=18.22485  ResidMax=3.815e-03  DilMax=6.480e-01  dt=4.159e-03
15:46:34.019 [ INFO] step=  4384  t=18.22901  ResidMax=3.805e-03  DilMax=6.480e-01  dt=4.159e-03
15:46:34.056 [ INFO] step=  4385  t=18.23317  ResidMax=3.794e-03  DilMax=6.479e-01  dt=4.159e-03
15:46:34.094 [ INFO] step=  4386  t=18.23733  ResidMax=3.784e-03  DilMax=6.479e-01  dt=4.159e-03
15:46:34.131 [ INFO] step=  4387  t=18.24149  ResidMax=3.774e-03  DilMax=6.479e-01  dt=4.159e-03
15:46:34.168 [ INFO] step=  4388  t=18.24564  ResidMax=3.764e-03  DilMax=6.479e-01  dt=4.159e-03
15:46:34.205 [ INFO] step=  4389  t=18.24980  ResidMax=3.754e-03  DilMax=6.479e-01  dt=4.159e-03
15:46:34.242 [ INFO] step=  4390  t=18.25396  ResidMax=3.743e-03  DilMax=6.479e-01  dt=4.159e-03
15:46:34.279 [ INFO] step=  4391  t=18.25812  ResidMax=3.734e-03  DilMax=6.479e-01  dt=4.159e-03
15:46:34.316 [ INFO] step=  4392  t=18.26228  ResidMax=3.724e-03  DilMax=6.479e-01  dt=4.159e-03
15:46:34.353 [ INFO] step=  4393  t=18.26644  ResidMax=3.715e-03  DilMax=6.479e-01  dt=4.159e-03
15:46:34.390 [ INFO] step=  4394  t=18.27060  ResidMax=3.706e-03  DilMax=6.479e-01  dt=4.159e-03
15:46:34.428 [ INFO] step=  4395  t=18.27476  ResidMax=3.697e-03  DilMax=6.479e-01  dt=4.159e-03
15:46:34.465 [ INFO] step=  4396  t=18.27891  ResidMax=3.687e-03  DilMax=6.479e-01  dt=4.159e-03
15:46:34.502 [ INFO] step=  4397  t=18.28307  ResidMax=3.678e-03  DilMax=6.479e-01  dt=4.159e-03
15:46:34.539 [ INFO] step=  4398  t=18.28723  ResidMax=3.669e-03  DilMax=6.479e-01  dt=4.159e-03
15:46:34.577 [ INFO] step=  4399  t=18.29139  ResidMax=3.659e-03  DilMax=6.479e-01  dt=4.159e-03
15:46:34.614 [ INFO] step=  4400  t=18.29555  ResidMax=3.650e-03  DilMax=6.479e-01  dt=4.159e-03
15:46:34.652 [ INFO] step=  4401  t=18.29971  ResidMax=3.640e-03  DilMax=6.479e-01  dt=4.159e-03
15:46:34.691 [ INFO] step=  4402  t=18.30387  ResidMax=3.631e-03  DilMax=6.479e-01  dt=4.159e-03
15:46:34.735 [ INFO] step=  4403  t=18.30802  ResidMax=3.622e-03  DilMax=6.479e-01  dt=4.159e-03
15:46:34.773 [ INFO] step=  4404  t=18.31218  ResidMax=3.612e-03  DilMax=6.479e-01  dt=4.159e-03
15:46:34.810 [ INFO] step=  4405  t=18.31634  ResidMax=3.603e-03  DilMax=6.479e-01  dt=4.159e-03
15:46:34.848 [ INFO] step=  4406  t=18.32050  ResidMax=3.593e-03  DilMax=6.479e-01  dt=4.159e-03
15:46:34.886 [ INFO] step=  4407  t=18.32466  ResidMax=3.583e-03  DilMax=6.479e-01  dt=4.159e-03
15:46:34.923 [ INFO] step=  4408  t=18.32882  ResidMax=3.574e-03  DilMax=6.479e-01  dt=4.159e-03
15:46:34.960 [ INFO] step=  4409  t=18.33298  ResidMax=3.564e-03  DilMax=6.479e-01  dt=4.159e-03
15:46:34.998 [ INFO] step=  4410  t=18.33714  ResidMax=3.555e-03  DilMax=6.479e-01  dt=4.159e-03
15:46:35.035 [ INFO] step=  4411  t=18.34129  ResidMax=3.545e-03  DilMax=6.479e-01  dt=4.159e-03
15:46:35.072 [ INFO] step=  4412  t=18.34545  ResidMax=3.535e-03  DilMax=6.479e-01  dt=4.159e-03
15:46:35.109 [ INFO] step=  4413  t=18.34961  ResidMax=3.526e-03  DilMax=6.479e-01  dt=4.159e-03
15:46:35.146 [ INFO] step=  4414  t=18.35377  ResidMax=3.516e-03  DilMax=6.479e-01  dt=4.159e-03
15:46:35.182 [ INFO] step=  4415  t=18.35793  ResidMax=3.506e-03  DilMax=6.479e-01  dt=4.159e-03
15:46:35.218 [ INFO] step=  4416  t=18.36209  ResidMax=3.497e-03  DilMax=6.479e-01  dt=4.159e-03
15:46:35.255 [ INFO] step=  4417  t=18.36625  ResidMax=3.487e-03  DilMax=6.479e-01  dt=4.159e-03
15:46:35.292 [ INFO] step=  4418  t=18.37041  ResidMax=3.477e-03  DilMax=6.479e-01  dt=4.159e-03
15:46:35.329 [ INFO] step=  4419  t=18.37456  ResidMax=3.467e-03  DilMax=6.479e-01  dt=4.159e-03
15:46:35.366 [ INFO] step=  4420  t=18.37872  ResidMax=3.458e-03  DilMax=6.479e-01  dt=4.159e-03
15:46:35.403 [ INFO] step=  4421  t=18.38288  ResidMax=3.449e-03  DilMax=6.479e-01  dt=4.159e-03
15:46:35.440 [ INFO] step=  4422  t=18.38704  ResidMax=3.440e-03  DilMax=6.479e-01  dt=4.159e-03
15:46:35.478 [ INFO] step=  4423  t=18.39120  ResidMax=3.431e-03  DilMax=6.479e-01  dt=4.159e-03
15:46:35.514 [ INFO] step=  4424  t=18.39536  ResidMax=3.423e-03  DilMax=6.479e-01  dt=4.159e-03
15:46:35.551 [ INFO] step=  4425  t=18.39952  ResidMax=3.414e-03  DilMax=6.479e-01  dt=4.159e-03
15:46:35.588 [ INFO] step=  4426  t=18.40367  ResidMax=3.405e-03  DilMax=6.479e-01  dt=4.159e-03
15:46:35.625 [ INFO] step=  4427  t=18.40783  ResidMax=3.396e-03  DilMax=6.479e-01  dt=4.159e-03
15:46:35.662 [ INFO] step=  4428  t=18.41199  ResidMax=3.387e-03  DilMax=6.479e-01  dt=4.159e-03
15:46:35.698 [ INFO] step=  4429  t=18.41615  ResidMax=3.378e-03  DilMax=6.479e-01  dt=4.159e-03
15:46:35.736 [ INFO] step=  4430  t=18.42031  ResidMax=3.369e-03  DilMax=6.479e-01  dt=4.159e-03
15:46:35.773 [ INFO] step=  4431  t=18.42447  ResidMax=3.360e-03  DilMax=6.479e-01  dt=4.159e-03
15:46:35.810 [ INFO] step=  4432  t=18.42863  ResidMax=3.351e-03  DilMax=6.479e-01  dt=4.159e-03
15:46:35.849 [ INFO] step=  4433  t=18.43279  ResidMax=3.342e-03  DilMax=6.479e-01  dt=4.159e-03
15:46:35.886 [ INFO] step=  4434  t=18.43694  ResidMax=3.333e-03  DilMax=6.479e-01  dt=4.159e-03
15:46:35.923 [ INFO] step=  4435  t=18.44110  ResidMax=3.324e-03  DilMax=6.479e-01  dt=4.159e-03
15:46:35.960 [ INFO] step=  4436  t=18.44526  ResidMax=3.315e-03  DilMax=6.479e-01  dt=4.159e-03
15:46:35.998 [ INFO] step=  4437  t=18.44942  ResidMax=3.306e-03  DilMax=6.479e-01  dt=4.159e-03
15:46:36.035 [ INFO] step=  4438  t=18.45358  ResidMax=3.297e-03  DilMax=6.479e-01  dt=4.159e-03
15:46:36.072 [ INFO] step=  4439  t=18.45774  ResidMax=3.288e-03  DilMax=6.479e-01  dt=4.159e-03
15:46:36.109 [ INFO] step=  4440  t=18.46190  ResidMax=3.279e-03  DilMax=6.479e-01  dt=4.159e-03
15:46:36.146 [ INFO] step=  4441  t=18.46606  ResidMax=3.270e-03  DilMax=6.479e-01  dt=4.159e-03
15:46:36.183 [ INFO] step=  4442  t=18.47021  ResidMax=3.261e-03  DilMax=6.479e-01  dt=4.159e-03
15:46:36.220 [ INFO] step=  4443  t=18.47437  ResidMax=3.251e-03  DilMax=6.479e-01  dt=4.159e-03
15:46:36.257 [ INFO] step=  4444  t=18.47853  ResidMax=3.242e-03  DilMax=6.479e-01  dt=4.159e-03
15:46:36.295 [ INFO] step=  4445  t=18.48269  ResidMax=3.233e-03  DilMax=6.479e-01  dt=4.159e-03
15:46:36.332 [ INFO] step=  4446  t=18.48685  ResidMax=3.224e-03  DilMax=6.479e-01  dt=4.159e-03
15:46:36.369 [ INFO] step=  4447  t=18.49101  ResidMax=3.215e-03  DilMax=6.479e-01  dt=4.159e-03
15:46:36.406 [ INFO] step=  4448  t=18.49517  ResidMax=3.205e-03  DilMax=6.479e-01  dt=4.159e-03
15:46:36.443 [ INFO] step=  4449  t=18.49932  ResidMax=3.196e-03  DilMax=6.479e-01  dt=4.159e-03
15:46:36.480 [ INFO] step=  4450  t=18.50348  ResidMax=3.187e-03  DilMax=6.479e-01  dt=4.159e-03
15:46:36.517 [ INFO] step=  4451  t=18.50764  ResidMax=3.178e-03  DilMax=6.479e-01  dt=4.159e-03
15:46:36.554 [ INFO] step=  4452  t=18.51180  ResidMax=3.169e-03  DilMax=6.479e-01  dt=4.159e-03
15:46:36.591 [ INFO] step=  4453  t=18.51596  ResidMax=3.161e-03  DilMax=6.479e-01  dt=4.159e-03
15:46:36.628 [ INFO] step=  4454  t=18.52012  ResidMax=3.152e-03  DilMax=6.479e-01  dt=4.159e-03
15:46:36.666 [ INFO] step=  4455  t=18.52428  ResidMax=3.144e-03  DilMax=6.479e-01  dt=4.159e-03
15:46:36.703 [ INFO] step=  4456  t=18.52844  ResidMax=3.136e-03  DilMax=6.479e-01  dt=4.159e-03
15:46:36.740 [ INFO] step=  4457  t=18.53259  ResidMax=3.127e-03  DilMax=6.479e-01  dt=4.159e-03
15:46:36.778 [ INFO] step=  4458  t=18.53675  ResidMax=3.119e-03  DilMax=6.479e-01  dt=4.159e-03
15:46:36.815 [ INFO] step=  4459  t=18.54091  ResidMax=3.111e-03  DilMax=6.479e-01  dt=4.159e-03
15:46:36.852 [ INFO] step=  4460  t=18.54507  ResidMax=3.102e-03  DilMax=6.479e-01  dt=4.159e-03
15:46:36.889 [ INFO] step=  4461  t=18.54923  ResidMax=3.094e-03  DilMax=6.479e-01  dt=4.159e-03
15:46:36.925 [ INFO] step=  4462  t=18.55339  ResidMax=3.085e-03  DilMax=6.479e-01  dt=4.159e-03
15:46:36.962 [ INFO] step=  4463  t=18.55755  ResidMax=3.077e-03  DilMax=6.479e-01  dt=4.159e-03
15:46:37.000 [ INFO] step=  4464  t=18.56171  ResidMax=3.068e-03  DilMax=6.479e-01  dt=4.159e-03
15:46:37.037 [ INFO] step=  4465  t=18.56586  ResidMax=3.060e-03  DilMax=6.479e-01  dt=4.159e-03
15:46:37.074 [ INFO] step=  4466  t=18.57002  ResidMax=3.051e-03  DilMax=6.479e-01  dt=4.159e-03
15:46:37.111 [ INFO] step=  4467  t=18.57418  ResidMax=3.043e-03  DilMax=6.479e-01  dt=4.159e-03
15:46:37.148 [ INFO] step=  4468  t=18.57834  ResidMax=3.034e-03  DilMax=6.479e-01  dt=4.159e-03
15:46:37.184 [ INFO] step=  4469  t=18.58250  ResidMax=3.025e-03  DilMax=6.479e-01  dt=4.159e-03
15:46:37.221 [ INFO] step=  4470  t=18.58666  ResidMax=3.017e-03  DilMax=6.479e-01  dt=4.159e-03
15:46:37.265 [ INFO] step=  4471  t=18.59082  ResidMax=3.008e-03  DilMax=6.479e-01  dt=4.159e-03
15:46:37.302 [ INFO] step=  4472  t=18.59497  ResidMax=3.000e-03  DilMax=6.479e-01  dt=4.159e-03
15:46:37.339 [ INFO] step=  4473  t=18.59913  ResidMax=2.991e-03  DilMax=6.479e-01  dt=4.159e-03
15:46:37.375 [ INFO] step=  4474  t=18.60329  ResidMax=2.982e-03  DilMax=6.479e-01  dt=4.159e-03
15:46:37.412 [ INFO] step=  4475  t=18.60745  ResidMax=2.974e-03  DilMax=6.479e-01  dt=4.159e-03
15:46:37.449 [ INFO] step=  4476  t=18.61161  ResidMax=2.965e-03  DilMax=6.479e-01  dt=4.159e-03
15:46:37.486 [ INFO] step=  4477  t=18.61577  ResidMax=2.956e-03  DilMax=6.479e-01  dt=4.159e-03
15:46:37.523 [ INFO] step=  4478  t=18.61993  ResidMax=2.948e-03  DilMax=6.479e-01  dt=4.159e-03
15:46:37.560 [ INFO] step=  4479  t=18.62409  ResidMax=2.939e-03  DilMax=6.479e-01  dt=4.159e-03
15:46:37.599 [ INFO] step=  4480  t=18.62824  ResidMax=2.930e-03  DilMax=6.479e-01  dt=4.159e-03
15:46:37.635 [ INFO] step=  4481  t=18.63240  ResidMax=2.922e-03  DilMax=6.479e-01  dt=4.159e-03
15:46:37.674 [ INFO] step=  4482  t=18.63656  ResidMax=2.913e-03  DilMax=6.479e-01  dt=4.159e-03
15:46:37.711 [ INFO] step=  4483  t=18.64072  ResidMax=2.904e-03  DilMax=6.479e-01  dt=4.159e-03
15:46:37.748 [ INFO] step=  4484  t=18.64488  ResidMax=2.895e-03  DilMax=6.479e-01  dt=4.159e-03
15:46:37.784 [ INFO] step=  4485  t=18.64904  ResidMax=2.888e-03  DilMax=6.479e-01  dt=4.159e-03
15:46:37.822 [ INFO] step=  4486  t=18.65320  ResidMax=2.880e-03  DilMax=6.479e-01  dt=4.159e-03
15:46:37.859 [ INFO] step=  4487  t=18.65736  ResidMax=2.872e-03  DilMax=6.479e-01  dt=4.159e-03
15:46:37.896 [ INFO] step=  4488  t=18.66151  ResidMax=2.864e-03  DilMax=6.479e-01  dt=4.159e-03
15:46:37.933 [ INFO] step=  4489  t=18.66567  ResidMax=2.856e-03  DilMax=6.479e-01  dt=4.159e-03
15:46:37.970 [ INFO] step=  4490  t=18.66983  ResidMax=2.848e-03  DilMax=6.479e-01  dt=4.159e-03
15:46:38.007 [ INFO] step=  4491  t=18.67399  ResidMax=2.840e-03  DilMax=6.479e-01  dt=4.159e-03
15:46:38.044 [ INFO] step=  4492  t=18.67815  ResidMax=2.832e-03  DilMax=6.479e-01  dt=4.159e-03
15:46:38.081 [ INFO] step=  4493  t=18.68231  ResidMax=2.824e-03  DilMax=6.479e-01  dt=4.159e-03
15:46:38.118 [ INFO] step=  4494  t=18.68647  ResidMax=2.817e-03  DilMax=6.479e-01  dt=4.159e-03
15:46:38.156 [ INFO] step=  4495  t=18.69062  ResidMax=2.809e-03  DilMax=6.479e-01  dt=4.159e-03
15:46:38.192 [ INFO] step=  4496  t=18.69478  ResidMax=2.801e-03  DilMax=6.479e-01  dt=4.159e-03
15:46:38.229 [ INFO] step=  4497  t=18.69894  ResidMax=2.793e-03  DilMax=6.479e-01  dt=4.159e-03
15:46:38.266 [ INFO] step=  4498  t=18.70310  ResidMax=2.785e-03  DilMax=6.479e-01  dt=4.159e-03
15:46:38.303 [ INFO] step=  4499  t=18.70726  ResidMax=2.777e-03  DilMax=6.479e-01  dt=4.159e-03
15:46:38.340 [ INFO] step=  4500  t=18.71142  ResidMax=2.768e-03  DilMax=6.479e-01  dt=4.159e-03
15:46:38.645 [ INFO] VTK snapshot written → results/backstep_validation/step_re100_t004500.vtk
15:46:40.640 [ INFO] step=  4501  t=18.71558  ResidMax=2.760e-03  DilMax=6.479e-01  dt=4.159e-03
15:46:40.679 [ INFO] step=  4502  t=18.71974  ResidMax=2.752e-03  DilMax=6.479e-01  dt=4.159e-03
15:46:40.717 [ INFO] step=  4503  t=18.72389  ResidMax=2.744e-03  DilMax=6.479e-01  dt=4.159e-03
15:46:40.755 [ INFO] step=  4504  t=18.72805  ResidMax=2.736e-03  DilMax=6.479e-01  dt=4.159e-03
15:46:40.793 [ INFO] step=  4505  t=18.73221  ResidMax=2.728e-03  DilMax=6.479e-01  dt=4.159e-03
15:46:40.831 [ INFO] step=  4506  t=18.73637  ResidMax=2.720e-03  DilMax=6.479e-01  dt=4.159e-03
15:46:40.868 [ INFO] step=  4507  t=18.74053  ResidMax=2.712e-03  DilMax=6.479e-01  dt=4.159e-03
15:46:40.905 [ INFO] step=  4508  t=18.74469  ResidMax=2.704e-03  DilMax=6.479e-01  dt=4.159e-03
15:46:40.942 [ INFO] step=  4509  t=18.74885  ResidMax=2.696e-03  DilMax=6.479e-01  dt=4.159e-03
15:46:40.979 [ INFO] step=  4510  t=18.75301  ResidMax=2.688e-03  DilMax=6.479e-01  dt=4.159e-03
15:46:41.016 [ INFO] step=  4511  t=18.75716  ResidMax=2.679e-03  DilMax=6.479e-01  dt=4.159e-03
15:46:41.057 [ INFO] step=  4512  t=18.76132  ResidMax=2.671e-03  DilMax=6.479e-01  dt=4.159e-03
15:46:41.094 [ INFO] step=  4513  t=18.76548  ResidMax=2.663e-03  DilMax=6.479e-01  dt=4.159e-03
15:46:41.132 [ INFO] step=  4514  t=18.76964  ResidMax=2.655e-03  DilMax=6.479e-01  dt=4.159e-03
15:46:41.170 [ INFO] step=  4515  t=18.77380  ResidMax=2.647e-03  DilMax=6.479e-01  dt=4.159e-03
15:46:41.214 [ INFO] step=  4516  t=18.77796  ResidMax=2.638e-03  DilMax=6.479e-01  dt=4.159e-03
15:46:41.253 [ INFO] step=  4517  t=18.78212  ResidMax=2.630e-03  DilMax=6.479e-01  dt=4.159e-03
15:46:41.295 [ INFO] step=  4518  t=18.78627  ResidMax=2.622e-03  DilMax=6.479e-01  dt=4.159e-03
15:46:41.335 [ INFO] step=  4519  t=18.79043  ResidMax=2.615e-03  DilMax=6.479e-01  dt=4.159e-03
15:46:41.374 [ INFO] step=  4520  t=18.79459  ResidMax=2.607e-03  DilMax=6.479e-01  dt=4.159e-03
15:46:41.412 [ INFO] step=  4521  t=18.79875  ResidMax=2.600e-03  DilMax=6.479e-01  dt=4.159e-03
15:46:41.451 [ INFO] step=  4522  t=18.80291  ResidMax=2.592e-03  DilMax=6.479e-01  dt=4.159e-03
15:46:41.489 [ INFO] step=  4523  t=18.80707  ResidMax=2.585e-03  DilMax=6.479e-01  dt=4.159e-03
15:46:41.528 [ INFO] step=  4524  t=18.81123  ResidMax=2.578e-03  DilMax=6.479e-01  dt=4.159e-03
15:46:41.566 [ INFO] step=  4525  t=18.81539  ResidMax=2.570e-03  DilMax=6.479e-01  dt=4.159e-03
15:46:41.604 [ INFO] step=  4526  t=18.81954  ResidMax=2.563e-03  DilMax=6.479e-01  dt=4.159e-03
15:46:41.642 [ INFO] step=  4527  t=18.82370  ResidMax=2.555e-03  DilMax=6.479e-01  dt=4.159e-03
15:46:41.681 [ INFO] step=  4528  t=18.82786  ResidMax=2.548e-03  DilMax=6.479e-01  dt=4.159e-03
15:46:41.719 [ INFO] step=  4529  t=18.83202  ResidMax=2.540e-03  DilMax=6.479e-01  dt=4.159e-03
15:46:41.757 [ INFO] step=  4530  t=18.83618  ResidMax=2.533e-03  DilMax=6.479e-01  dt=4.159e-03
15:46:41.795 [ INFO] step=  4531  t=18.84034  ResidMax=2.525e-03  DilMax=6.479e-01  dt=4.159e-03
15:46:41.834 [ INFO] step=  4532  t=18.84450  ResidMax=2.518e-03  DilMax=6.479e-01  dt=4.159e-03
15:46:41.872 [ INFO] step=  4533  t=18.84865  ResidMax=2.510e-03  DilMax=6.479e-01  dt=4.159e-03
15:46:41.910 [ INFO] step=  4534  t=18.85281  ResidMax=2.503e-03  DilMax=6.479e-01  dt=4.159e-03
15:46:41.948 [ INFO] step=  4535  t=18.85697  ResidMax=2.495e-03  DilMax=6.479e-01  dt=4.159e-03
15:46:41.986 [ INFO] step=  4536  t=18.86113  ResidMax=2.488e-03  DilMax=6.479e-01  dt=4.159e-03
15:46:42.025 [ INFO] step=  4537  t=18.86529  ResidMax=2.480e-03  DilMax=6.479e-01  dt=4.159e-03
15:46:42.062 [ INFO] step=  4538  t=18.86945  ResidMax=2.473e-03  DilMax=6.479e-01  dt=4.159e-03
15:46:42.100 [ INFO] step=  4539  t=18.87361  ResidMax=2.465e-03  DilMax=6.479e-01  dt=4.159e-03
15:46:42.138 [ INFO] step=  4540  t=18.87777  ResidMax=2.458e-03  DilMax=6.479e-01  dt=4.159e-03
15:46:42.175 [ INFO] step=  4541  t=18.88192  ResidMax=2.450e-03  DilMax=6.479e-01  dt=4.159e-03
15:46:42.214 [ INFO] step=  4542  t=18.88608  ResidMax=2.443e-03  DilMax=6.479e-01  dt=4.159e-03
15:46:42.251 [ INFO] step=  4543  t=18.89024  ResidMax=2.435e-03  DilMax=6.479e-01  dt=4.159e-03
15:46:42.289 [ INFO] step=  4544  t=18.89440  ResidMax=2.427e-03  DilMax=6.479e-01  dt=4.159e-03
15:46:42.327 [ INFO] step=  4545  t=18.89856  ResidMax=2.420e-03  DilMax=6.479e-01  dt=4.159e-03
15:46:42.365 [ INFO] step=  4546  t=18.90272  ResidMax=2.412e-03  DilMax=6.479e-01  dt=4.159e-03
15:46:42.402 [ INFO] step=  4547  t=18.90688  ResidMax=2.405e-03  DilMax=6.479e-01  dt=4.159e-03
15:46:42.439 [ INFO] step=  4548  t=18.91104  ResidMax=2.397e-03  DilMax=6.479e-01  dt=4.159e-03
15:46:42.476 [ INFO] step=  4549  t=18.91519  ResidMax=2.389e-03  DilMax=6.479e-01  dt=4.159e-03
15:46:42.514 [ INFO] step=  4550  t=18.91935  ResidMax=2.382e-03  DilMax=6.479e-01  dt=4.159e-03
15:46:42.552 [ INFO] step=  4551  t=18.92351  ResidMax=2.374e-03  DilMax=6.479e-01  dt=4.159e-03
15:46:42.589 [ INFO] step=  4552  t=18.92767  ResidMax=2.366e-03  DilMax=6.479e-01  dt=4.159e-03
15:46:42.627 [ INFO] step=  4553  t=18.93183  ResidMax=2.359e-03  DilMax=6.479e-01  dt=4.159e-03
15:46:42.664 [ INFO] step=  4554  t=18.93599  ResidMax=2.351e-03  DilMax=6.479e-01  dt=4.159e-03
15:46:42.701 [ INFO] step=  4555  t=18.94015  ResidMax=2.344e-03  DilMax=6.479e-01  dt=4.159e-03
15:46:42.740 [ INFO] step=  4556  t=18.94430  ResidMax=2.337e-03  DilMax=6.479e-01  dt=4.159e-03
15:46:42.808 [ INFO] step=  4557  t=18.94846  ResidMax=2.330e-03  DilMax=6.479e-01  dt=4.159e-03
15:46:42.846 [ INFO] step=  4558  t=18.95262  ResidMax=2.323e-03  DilMax=6.479e-01  dt=4.159e-03
15:46:42.885 [ INFO] step=  4559  t=18.95678  ResidMax=2.316e-03  DilMax=6.479e-01  dt=4.159e-03
15:46:42.923 [ INFO] step=  4560  t=18.96094  ResidMax=2.310e-03  DilMax=6.479e-01  dt=4.159e-03
15:46:42.962 [ INFO] step=  4561  t=18.96510  ResidMax=2.303e-03  DilMax=6.479e-01  dt=4.159e-03
15:46:43.001 [ INFO] step=  4562  t=18.96926  ResidMax=2.296e-03  DilMax=6.479e-01  dt=4.159e-03
15:46:43.038 [ INFO] step=  4563  t=18.97342  ResidMax=2.289e-03  DilMax=6.479e-01  dt=4.159e-03
15:46:43.075 [ INFO] step=  4564  t=18.97757  ResidMax=2.282e-03  DilMax=6.479e-01  dt=4.159e-03
15:46:43.113 [ INFO] step=  4565  t=18.98173  ResidMax=2.275e-03  DilMax=6.479e-01  dt=4.159e-03
15:46:43.150 [ INFO] step=  4566  t=18.98589  ResidMax=2.268e-03  DilMax=6.478e-01  dt=4.159e-03
15:46:43.187 [ INFO] step=  4567  t=18.99005  ResidMax=2.261e-03  DilMax=6.478e-01  dt=4.159e-03
15:46:43.225 [ INFO] step=  4568  t=18.99421  ResidMax=2.254e-03  DilMax=6.478e-01  dt=4.159e-03
15:46:43.262 [ INFO] step=  4569  t=18.99837  ResidMax=2.247e-03  DilMax=6.478e-01  dt=4.159e-03
15:46:43.299 [ INFO] step=  4570  t=19.00253  ResidMax=2.240e-03  DilMax=6.478e-01  dt=4.159e-03
15:46:43.337 [ INFO] step=  4571  t=19.00668  ResidMax=2.233e-03  DilMax=6.478e-01  dt=4.159e-03
15:46:43.375 [ INFO] step=  4572  t=19.01084  ResidMax=2.226e-03  DilMax=6.478e-01  dt=4.159e-03
15:46:43.413 [ INFO] step=  4573  t=19.01500  ResidMax=2.219e-03  DilMax=6.478e-01  dt=4.159e-03
15:46:43.451 [ INFO] step=  4574  t=19.01916  ResidMax=2.212e-03  DilMax=6.478e-01  dt=4.159e-03
15:46:43.489 [ INFO] step=  4575  t=19.02332  ResidMax=2.205e-03  DilMax=6.478e-01  dt=4.159e-03
15:46:43.527 [ INFO] step=  4576  t=19.02748  ResidMax=2.198e-03  DilMax=6.478e-01  dt=4.159e-03
15:46:43.565 [ INFO] step=  4577  t=19.03164  ResidMax=2.191e-03  DilMax=6.478e-01  dt=4.159e-03
15:46:43.603 [ INFO] step=  4578  t=19.03580  ResidMax=2.184e-03  DilMax=6.478e-01  dt=4.159e-03
15:46:43.641 [ INFO] step=  4579  t=19.03995  ResidMax=2.177e-03  DilMax=6.478e-01  dt=4.159e-03
15:46:43.680 [ INFO] step=  4580  t=19.04411  ResidMax=2.170e-03  DilMax=6.478e-01  dt=4.159e-03
15:46:43.718 [ INFO] step=  4581  t=19.04827  ResidMax=2.163e-03  DilMax=6.478e-01  dt=4.159e-03
15:46:43.757 [ INFO] step=  4582  t=19.05243  ResidMax=2.156e-03  DilMax=6.478e-01  dt=4.159e-03
15:46:43.795 [ INFO] step=  4583  t=19.05659  ResidMax=2.149e-03  DilMax=6.478e-01  dt=4.159e-03
15:46:43.834 [ INFO] step=  4584  t=19.06075  ResidMax=2.143e-03  DilMax=6.478e-01  dt=4.159e-03
15:46:43.900 [ INFO] step=  4585  t=19.06491  ResidMax=2.137e-03  DilMax=6.478e-01  dt=4.159e-03
15:46:43.938 [ INFO] step=  4586  t=19.06907  ResidMax=2.131e-03  DilMax=6.478e-01  dt=4.159e-03
15:46:43.976 [ INFO] step=  4587  t=19.07322  ResidMax=2.125e-03  DilMax=6.478e-01  dt=4.159e-03
15:46:44.014 [ INFO] step=  4588  t=19.07738  ResidMax=2.118e-03  DilMax=6.478e-01  dt=4.159e-03
15:46:44.053 [ INFO] step=  4589  t=19.08154  ResidMax=2.112e-03  DilMax=6.478e-01  dt=4.159e-03
15:46:44.091 [ INFO] step=  4590  t=19.08570  ResidMax=2.106e-03  DilMax=6.478e-01  dt=4.159e-03
15:46:44.129 [ INFO] step=  4591  t=19.08986  ResidMax=2.100e-03  DilMax=6.478e-01  dt=4.159e-03
15:46:44.167 [ INFO] step=  4592  t=19.09402  ResidMax=2.094e-03  DilMax=6.478e-01  dt=4.159e-03
15:46:44.205 [ INFO] step=  4593  t=19.09818  ResidMax=2.088e-03  DilMax=6.478e-01  dt=4.159e-03
15:46:44.242 [ INFO] step=  4594  t=19.10233  ResidMax=2.082e-03  DilMax=6.478e-01  dt=4.159e-03
15:46:44.279 [ INFO] step=  4595  t=19.10649  ResidMax=2.075e-03  DilMax=6.478e-01  dt=4.159e-03
15:46:44.317 [ INFO] step=  4596  t=19.11065  ResidMax=2.069e-03  DilMax=6.478e-01  dt=4.159e-03
15:46:44.354 [ INFO] step=  4597  t=19.11481  ResidMax=2.063e-03  DilMax=6.478e-01  dt=4.159e-03
15:46:44.391 [ INFO] step=  4598  t=19.11897  ResidMax=2.057e-03  DilMax=6.478e-01  dt=4.159e-03
15:46:44.428 [ INFO] step=  4599  t=19.12313  ResidMax=2.051e-03  DilMax=6.478e-01  dt=4.159e-03
15:46:44.465 [ INFO] step=  4600  t=19.12729  ResidMax=2.044e-03  DilMax=6.478e-01  dt=4.159e-03
15:46:44.502 [ INFO] step=  4601  t=19.13145  ResidMax=2.038e-03  DilMax=6.478e-01  dt=4.159e-03
15:46:44.540 [ INFO] step=  4602  t=19.13560  ResidMax=2.032e-03  DilMax=6.478e-01  dt=4.159e-03
15:46:44.578 [ INFO] step=  4603  t=19.13976  ResidMax=2.026e-03  DilMax=6.478e-01  dt=4.159e-03
15:46:44.616 [ INFO] step=  4604  t=19.14392  ResidMax=2.020e-03  DilMax=6.478e-01  dt=4.159e-03
15:46:44.655 [ INFO] step=  4605  t=19.14808  ResidMax=2.013e-03  DilMax=6.478e-01  dt=4.159e-03
15:46:44.694 [ INFO] step=  4606  t=19.15224  ResidMax=2.007e-03  DilMax=6.478e-01  dt=4.159e-03
15:46:44.733 [ INFO] step=  4607  t=19.15640  ResidMax=2.001e-03  DilMax=6.478e-01  dt=4.159e-03
15:46:44.772 [ INFO] step=  4608  t=19.16056  ResidMax=1.995e-03  DilMax=6.478e-01  dt=4.159e-03
15:46:44.811 [ INFO] step=  4609  t=19.16471  ResidMax=1.989e-03  DilMax=6.478e-01  dt=4.159e-03
15:46:44.850 [ INFO] step=  4610  t=19.16887  ResidMax=1.982e-03  DilMax=6.478e-01  dt=4.159e-03
15:46:44.889 [ INFO] step=  4611  t=19.17303  ResidMax=1.976e-03  DilMax=6.478e-01  dt=4.159e-03
15:46:44.927 [ INFO] step=  4612  t=19.17719  ResidMax=1.971e-03  DilMax=6.478e-01  dt=4.159e-03
15:46:44.970 [ INFO] step=  4613  t=19.18135  ResidMax=1.965e-03  DilMax=6.478e-01  dt=4.159e-03
15:46:45.013 [ INFO] step=  4614  t=19.18551  ResidMax=1.960e-03  DilMax=6.478e-01  dt=4.159e-03
15:46:45.061 [ INFO] step=  4615  t=19.18967  ResidMax=1.954e-03  DilMax=6.478e-01  dt=4.159e-03
15:46:45.113 [ INFO] step=  4616  t=19.19383  ResidMax=1.948e-03  DilMax=6.478e-01  dt=4.159e-03
15:46:45.153 [ INFO] step=  4617  t=19.19798  ResidMax=1.943e-03  DilMax=6.478e-01  dt=4.159e-03
15:46:45.194 [ INFO] step=  4618  t=19.20214  ResidMax=1.937e-03  DilMax=6.478e-01  dt=4.159e-03
15:46:45.234 [ INFO] step=  4619  t=19.20630  ResidMax=1.932e-03  DilMax=6.478e-01  dt=4.159e-03
15:46:45.272 [ INFO] step=  4620  t=19.21046  ResidMax=1.926e-03  DilMax=6.478e-01  dt=4.159e-03
15:46:45.310 [ INFO] step=  4621  t=19.21462  ResidMax=1.920e-03  DilMax=6.478e-01  dt=4.159e-03
15:46:45.348 [ INFO] step=  4622  t=19.21878  ResidMax=1.915e-03  DilMax=6.478e-01  dt=4.159e-03
15:46:45.387 [ INFO] step=  4623  t=19.22294  ResidMax=1.909e-03  DilMax=6.478e-01  dt=4.159e-03
15:46:45.426 [ INFO] step=  4624  t=19.22709  ResidMax=1.904e-03  DilMax=6.478e-01  dt=4.159e-03
15:46:45.465 [ INFO] step=  4625  t=19.23125  ResidMax=1.898e-03  DilMax=6.478e-01  dt=4.159e-03
15:46:45.507 [ INFO] step=  4626  t=19.23541  ResidMax=1.892e-03  DilMax=6.478e-01  dt=4.159e-03
15:46:45.547 [ INFO] step=  4627  t=19.23957  ResidMax=1.887e-03  DilMax=6.478e-01  dt=4.159e-03
15:46:45.588 [ INFO] step=  4628  t=19.24373  ResidMax=1.881e-03  DilMax=6.478e-01  dt=4.159e-03
15:46:45.629 [ INFO] step=  4629  t=19.24789  ResidMax=1.875e-03  DilMax=6.478e-01  dt=4.159e-03
15:46:45.670 [ INFO] step=  4630  t=19.25205  ResidMax=1.870e-03  DilMax=6.478e-01  dt=4.159e-03
15:46:45.710 [ INFO] step=  4631  t=19.25621  ResidMax=1.864e-03  DilMax=6.478e-01  dt=4.159e-03
15:46:45.750 [ INFO] step=  4632  t=19.26036  ResidMax=1.858e-03  DilMax=6.478e-01  dt=4.159e-03
15:46:45.790 [ INFO] step=  4633  t=19.26452  ResidMax=1.853e-03  DilMax=6.478e-01  dt=4.159e-03
15:46:45.831 [ INFO] step=  4634  t=19.26868  ResidMax=1.847e-03  DilMax=6.478e-01  dt=4.159e-03
15:46:45.871 [ INFO] step=  4635  t=19.27284  ResidMax=1.841e-03  DilMax=6.478e-01  dt=4.159e-03
15:46:45.911 [ INFO] step=  4636  t=19.27700  ResidMax=1.836e-03  DilMax=6.478e-01  dt=4.159e-03
15:46:45.951 [ INFO] step=  4637  t=19.28116  ResidMax=1.830e-03  DilMax=6.478e-01  dt=4.159e-03
15:46:45.994 [ INFO] step=  4638  t=19.28532  ResidMax=1.824e-03  DilMax=6.478e-01  dt=4.159e-03
15:46:46.036 [ INFO] step=  4639  t=19.28947  ResidMax=1.819e-03  DilMax=6.478e-01  dt=4.159e-03
15:46:46.077 [ INFO] step=  4640  t=19.29363  ResidMax=1.813e-03  DilMax=6.478e-01  dt=4.159e-03
15:46:46.116 [ INFO] step=  4641  t=19.29779  ResidMax=1.807e-03  DilMax=6.478e-01  dt=4.159e-03
15:46:46.156 [ INFO] step=  4642  t=19.30195  ResidMax=1.802e-03  DilMax=6.478e-01  dt=4.159e-03
15:46:46.195 [ INFO] step=  4643  t=19.30611  ResidMax=1.796e-03  DilMax=6.478e-01  dt=4.159e-03
15:46:46.238 [ INFO] step=  4644  t=19.31027  ResidMax=1.790e-03  DilMax=6.478e-01  dt=4.159e-03
15:46:46.282 [ INFO] step=  4645  t=19.31443  ResidMax=1.785e-03  DilMax=6.478e-01  dt=4.159e-03
15:46:46.325 [ INFO] step=  4646  t=19.31859  ResidMax=1.779e-03  DilMax=6.478e-01  dt=4.159e-03
15:46:46.364 [ INFO] step=  4647  t=19.32274  ResidMax=1.773e-03  DilMax=6.478e-01  dt=4.159e-03
15:46:46.403 [ INFO] step=  4648  t=19.32690  ResidMax=1.768e-03  DilMax=6.478e-01  dt=4.159e-03
15:46:46.443 [ INFO] step=  4649  t=19.33106  ResidMax=1.762e-03  DilMax=6.478e-01  dt=4.159e-03
15:46:46.483 [ INFO] step=  4650  t=19.33522  ResidMax=1.757e-03  DilMax=6.478e-01  dt=4.159e-03
15:46:46.524 [ INFO] step=  4651  t=19.33938  ResidMax=1.751e-03  DilMax=6.478e-01  dt=4.159e-03
15:46:46.564 [ INFO] step=  4652  t=19.34354  ResidMax=1.746e-03  DilMax=6.478e-01  dt=4.159e-03
15:46:46.604 [ INFO] step=  4653  t=19.34770  ResidMax=1.741e-03  DilMax=6.478e-01  dt=4.159e-03
15:46:46.644 [ INFO] step=  4654  t=19.35185  ResidMax=1.736e-03  DilMax=6.478e-01  dt=4.159e-03
15:46:46.683 [ INFO] step=  4655  t=19.35601  ResidMax=1.731e-03  DilMax=6.478e-01  dt=4.159e-03
15:46:46.724 [ INFO] step=  4656  t=19.36017  ResidMax=1.726e-03  DilMax=6.478e-01  dt=4.159e-03
15:46:46.763 [ INFO] step=  4657  t=19.36433  ResidMax=1.721e-03  DilMax=6.478e-01  dt=4.159e-03
15:46:46.803 [ INFO] step=  4658  t=19.36849  ResidMax=1.716e-03  DilMax=6.478e-01  dt=4.159e-03
15:46:46.844 [ INFO] step=  4659  t=19.37265  ResidMax=1.711e-03  DilMax=6.478e-01  dt=4.159e-03
15:46:46.884 [ INFO] step=  4660  t=19.37681  ResidMax=1.706e-03  DilMax=6.478e-01  dt=4.159e-03
15:46:46.925 [ INFO] step=  4661  t=19.38097  ResidMax=1.700e-03  DilMax=6.478e-01  dt=4.159e-03
15:46:46.965 [ INFO] step=  4662  t=19.38512  ResidMax=1.695e-03  DilMax=6.478e-01  dt=4.159e-03
15:46:47.009 [ INFO] step=  4663  t=19.38928  ResidMax=1.690e-03  DilMax=6.478e-01  dt=4.159e-03
15:46:47.050 [ INFO] step=  4664  t=19.39344  ResidMax=1.685e-03  DilMax=6.478e-01  dt=4.159e-03
15:46:47.089 [ INFO] step=  4665  t=19.39760  ResidMax=1.680e-03  DilMax=6.478e-01  dt=4.159e-03
15:46:47.129 [ INFO] step=  4666  t=19.40176  ResidMax=1.675e-03  DilMax=6.478e-01  dt=4.159e-03
15:46:47.169 [ INFO] step=  4667  t=19.40592  ResidMax=1.670e-03  DilMax=6.478e-01  dt=4.159e-03
15:46:47.208 [ INFO] step=  4668  t=19.41008  ResidMax=1.664e-03  DilMax=6.478e-01  dt=4.159e-03
15:46:47.247 [ INFO] step=  4669  t=19.41423  ResidMax=1.659e-03  DilMax=6.478e-01  dt=4.159e-03
15:46:47.285 [ INFO] step=  4670  t=19.41839  ResidMax=1.654e-03  DilMax=6.478e-01  dt=4.159e-03
15:46:47.324 [ INFO] step=  4671  t=19.42255  ResidMax=1.649e-03  DilMax=6.478e-01  dt=4.159e-03
15:46:47.363 [ INFO] step=  4672  t=19.42671  ResidMax=1.644e-03  DilMax=6.478e-01  dt=4.159e-03
15:46:47.401 [ INFO] step=  4673  t=19.43087  ResidMax=1.639e-03  DilMax=6.478e-01  dt=4.159e-03
15:46:47.439 [ INFO] step=  4674  t=19.43503  ResidMax=1.634e-03  DilMax=6.478e-01  dt=4.159e-03
15:46:47.482 [ INFO] step=  4675  t=19.43919  ResidMax=1.628e-03  DilMax=6.478e-01  dt=4.159e-03
15:46:47.526 [ INFO] step=  4676  t=19.44335  ResidMax=1.623e-03  DilMax=6.478e-01  dt=4.159e-03
15:46:47.568 [ INFO] step=  4677  t=19.44750  ResidMax=1.618e-03  DilMax=6.478e-01  dt=4.159e-03
15:46:47.610 [ INFO] step=  4678  t=19.45166  ResidMax=1.613e-03  DilMax=6.478e-01  dt=4.159e-03
15:46:47.652 [ INFO] step=  4679  t=19.45582  ResidMax=1.608e-03  DilMax=6.478e-01  dt=4.159e-03
15:46:47.694 [ INFO] step=  4680  t=19.45998  ResidMax=1.603e-03  DilMax=6.478e-01  dt=4.159e-03
15:46:47.740 [ INFO] step=  4681  t=19.46414  ResidMax=1.598e-03  DilMax=6.478e-01  dt=4.159e-03
15:46:47.783 [ INFO] step=  4682  t=19.46830  ResidMax=1.592e-03  DilMax=6.478e-01  dt=4.159e-03
15:46:47.826 [ INFO] step=  4683  t=19.47246  ResidMax=1.587e-03  DilMax=6.478e-01  dt=4.159e-03
15:46:47.902 [ INFO] step=  4684  t=19.47661  ResidMax=1.582e-03  DilMax=6.478e-01  dt=4.159e-03
15:46:47.959 [ INFO] step=  4685  t=19.48077  ResidMax=1.577e-03  DilMax=6.478e-01  dt=4.159e-03
15:46:48.002 [ INFO] step=  4686  t=19.48493  ResidMax=1.572e-03  DilMax=6.478e-01  dt=4.159e-03
15:46:48.046 [ INFO] step=  4687  t=19.48909  ResidMax=1.567e-03  DilMax=6.478e-01  dt=4.159e-03
15:46:48.089 [ INFO] step=  4688  t=19.49325  ResidMax=1.561e-03  DilMax=6.478e-01  dt=4.159e-03
15:46:48.132 [ INFO] step=  4689  t=19.49741  ResidMax=1.556e-03  DilMax=6.478e-01  dt=4.159e-03
15:46:48.175 [ INFO] step=  4690  t=19.50157  ResidMax=1.551e-03  DilMax=6.478e-01  dt=4.159e-03
15:46:48.216 [ INFO] step=  4691  t=19.50573  ResidMax=1.547e-03  DilMax=6.478e-01  dt=4.159e-03
15:46:48.258 [ INFO] step=  4692  t=19.50988  ResidMax=1.542e-03  DilMax=6.478e-01  dt=4.159e-03
15:46:48.303 [ INFO] step=  4693  t=19.51404  ResidMax=1.537e-03  DilMax=6.478e-01  dt=4.159e-03
15:46:48.347 [ INFO] step=  4694  t=19.51820  ResidMax=1.533e-03  DilMax=6.478e-01  dt=4.159e-03
15:46:48.388 [ INFO] step=  4695  t=19.52236  ResidMax=1.528e-03  DilMax=6.478e-01  dt=4.159e-03
15:46:48.427 [ INFO] step=  4696  t=19.52652  ResidMax=1.523e-03  DilMax=6.478e-01  dt=4.159e-03
15:46:48.467 [ INFO] step=  4697  t=19.53068  ResidMax=1.519e-03  DilMax=6.478e-01  dt=4.159e-03
15:46:48.507 [ INFO] step=  4698  t=19.53484  ResidMax=1.514e-03  DilMax=6.478e-01  dt=4.159e-03
15:46:48.547 [ INFO] step=  4699  t=19.53899  ResidMax=1.510e-03  DilMax=6.478e-01  dt=4.159e-03
15:46:48.585 [ INFO] step=  4700  t=19.54315  ResidMax=1.505e-03  DilMax=6.478e-01  dt=4.159e-03
15:46:48.625 [ INFO] step=  4701  t=19.54731  ResidMax=1.500e-03  DilMax=6.478e-01  dt=4.159e-03
15:46:48.663 [ INFO] step=  4702  t=19.55147  ResidMax=1.496e-03  DilMax=6.478e-01  dt=4.159e-03
15:46:48.702 [ INFO] step=  4703  t=19.55563  ResidMax=1.491e-03  DilMax=6.478e-01  dt=4.159e-03
15:46:48.746 [ INFO] step=  4704  t=19.55979  ResidMax=1.486e-03  DilMax=6.478e-01  dt=4.159e-03
15:46:48.788 [ INFO] step=  4705  t=19.56395  ResidMax=1.482e-03  DilMax=6.478e-01  dt=4.159e-03
15:46:48.826 [ INFO] step=  4706  t=19.56811  ResidMax=1.477e-03  DilMax=6.478e-01  dt=4.159e-03
15:46:48.863 [ INFO] step=  4707  t=19.57226  ResidMax=1.472e-03  DilMax=6.478e-01  dt=4.159e-03
15:46:48.900 [ INFO] step=  4708  t=19.57642  ResidMax=1.468e-03  DilMax=6.478e-01  dt=4.159e-03
15:46:48.937 [ INFO] step=  4709  t=19.58058  ResidMax=1.463e-03  DilMax=6.478e-01  dt=4.159e-03
15:46:48.980 [ INFO] step=  4710  t=19.58474  ResidMax=1.458e-03  DilMax=6.478e-01  dt=4.159e-03
15:46:49.019 [ INFO] step=  4711  t=19.58890  ResidMax=1.454e-03  DilMax=6.478e-01  dt=4.159e-03
15:46:49.061 [ INFO] step=  4712  t=19.59306  ResidMax=1.449e-03  DilMax=6.478e-01  dt=4.159e-03
15:46:49.102 [ INFO] step=  4713  t=19.59722  ResidMax=1.445e-03  DilMax=6.478e-01  dt=4.159e-03
15:46:49.142 [ INFO] step=  4714  t=19.60137  ResidMax=1.440e-03  DilMax=6.478e-01  dt=4.159e-03
15:46:49.179 [ INFO] step=  4715  t=19.60553  ResidMax=1.435e-03  DilMax=6.478e-01  dt=4.159e-03
15:46:49.217 [ INFO] step=  4716  t=19.60969  ResidMax=1.431e-03  DilMax=6.478e-01  dt=4.159e-03
15:46:49.255 [ INFO] step=  4717  t=19.61385  ResidMax=1.426e-03  DilMax=6.478e-01  dt=4.159e-03
15:46:49.296 [ INFO] step=  4718  t=19.61801  ResidMax=1.421e-03  DilMax=6.478e-01  dt=4.159e-03
15:46:49.334 [ INFO] step=  4719  t=19.62217  ResidMax=1.417e-03  DilMax=6.478e-01  dt=4.159e-03
15:46:49.371 [ INFO] step=  4720  t=19.62633  ResidMax=1.412e-03  DilMax=6.478e-01  dt=4.159e-03
15:46:49.407 [ INFO] step=  4721  t=19.63049  ResidMax=1.407e-03  DilMax=6.478e-01  dt=4.159e-03
15:46:49.445 [ INFO] step=  4722  t=19.63464  ResidMax=1.403e-03  DilMax=6.478e-01  dt=4.159e-03
15:46:49.483 [ INFO] step=  4723  t=19.63880  ResidMax=1.398e-03  DilMax=6.478e-01  dt=4.159e-03
15:46:49.520 [ INFO] step=  4724  t=19.64296  ResidMax=1.393e-03  DilMax=6.478e-01  dt=4.159e-03
15:46:49.559 [ INFO] step=  4725  t=19.64712  ResidMax=1.389e-03  DilMax=6.478e-01  dt=4.159e-03
15:46:49.597 [ INFO] step=  4726  t=19.65128  ResidMax=1.384e-03  DilMax=6.478e-01  dt=4.159e-03
15:46:49.634 [ INFO] step=  4727  t=19.65544  ResidMax=1.380e-03  DilMax=6.478e-01  dt=4.159e-03
15:46:49.672 [ INFO] step=  4728  t=19.65960  ResidMax=1.375e-03  DilMax=6.478e-01  dt=4.159e-03
15:46:49.709 [ INFO] step=  4729  t=19.66375  ResidMax=1.370e-03  DilMax=6.478e-01  dt=4.159e-03
15:46:49.746 [ INFO] step=  4730  t=19.66791  ResidMax=1.366e-03  DilMax=6.478e-01  dt=4.159e-03
15:46:49.783 [ INFO] step=  4731  t=19.67207  ResidMax=1.361e-03  DilMax=6.478e-01  dt=4.159e-03
15:46:49.822 [ INFO] step=  4732  t=19.67623  ResidMax=1.356e-03  DilMax=6.478e-01  dt=4.159e-03
15:46:49.859 [ INFO] step=  4733  t=19.68039  ResidMax=1.352e-03  DilMax=6.478e-01  dt=4.159e-03
15:46:49.897 [ INFO] step=  4734  t=19.68455  ResidMax=1.348e-03  DilMax=6.478e-01  dt=4.159e-03
15:46:49.934 [ INFO] step=  4735  t=19.68871  ResidMax=1.344e-03  DilMax=6.478e-01  dt=4.159e-03
15:46:49.971 [ INFO] step=  4736  t=19.69287  ResidMax=1.340e-03  DilMax=6.478e-01  dt=4.159e-03
15:46:50.008 [ INFO] step=  4737  t=19.69702  ResidMax=1.335e-03  DilMax=6.478e-01  dt=4.159e-03
15:46:50.046 [ INFO] step=  4738  t=19.70118  ResidMax=1.331e-03  DilMax=6.478e-01  dt=4.159e-03
15:46:50.083 [ INFO] step=  4739  t=19.70534  ResidMax=1.327e-03  DilMax=6.478e-01  dt=4.159e-03
15:46:50.124 [ INFO] step=  4740  t=19.70950  ResidMax=1.323e-03  DilMax=6.478e-01  dt=4.159e-03
15:46:50.161 [ INFO] step=  4741  t=19.71366  ResidMax=1.319e-03  DilMax=6.478e-01  dt=4.159e-03
15:46:50.198 [ INFO] step=  4742  t=19.71782  ResidMax=1.315e-03  DilMax=6.478e-01  dt=4.159e-03
15:46:50.236 [ INFO] step=  4743  t=19.72198  ResidMax=1.310e-03  DilMax=6.478e-01  dt=4.159e-03
15:46:50.274 [ INFO] step=  4744  t=19.72613  ResidMax=1.306e-03  DilMax=6.478e-01  dt=4.159e-03
15:46:50.312 [ INFO] step=  4745  t=19.73029  ResidMax=1.302e-03  DilMax=6.478e-01  dt=4.159e-03
15:46:50.350 [ INFO] step=  4746  t=19.73445  ResidMax=1.298e-03  DilMax=6.478e-01  dt=4.159e-03
15:46:50.387 [ INFO] step=  4747  t=19.73861  ResidMax=1.294e-03  DilMax=6.478e-01  dt=4.159e-03
15:46:50.424 [ INFO] step=  4748  t=19.74277  ResidMax=1.290e-03  DilMax=6.478e-01  dt=4.159e-03
15:46:50.461 [ INFO] step=  4749  t=19.74693  ResidMax=1.285e-03  DilMax=6.478e-01  dt=4.159e-03
15:46:50.499 [ INFO] step=  4750  t=19.75109  ResidMax=1.281e-03  DilMax=6.478e-01  dt=4.159e-03
15:46:50.537 [ INFO] step=  4751  t=19.75525  ResidMax=1.277e-03  DilMax=6.478e-01  dt=4.159e-03
15:46:50.574 [ INFO] step=  4752  t=19.75940  ResidMax=1.273e-03  DilMax=6.478e-01  dt=4.159e-03
15:46:50.611 [ INFO] step=  4753  t=19.76356  ResidMax=1.269e-03  DilMax=6.478e-01  dt=4.159e-03
15:46:50.648 [ INFO] step=  4754  t=19.76772  ResidMax=1.265e-03  DilMax=6.478e-01  dt=4.159e-03
15:46:50.687 [ INFO] step=  4755  t=19.77188  ResidMax=1.260e-03  DilMax=6.478e-01  dt=4.159e-03
15:46:50.784 [ INFO] step=  4756  t=19.77604  ResidMax=1.256e-03  DilMax=6.478e-01  dt=4.159e-03
15:46:50.825 [ INFO] step=  4757  t=19.78020  ResidMax=1.252e-03  DilMax=6.478e-01  dt=4.159e-03
15:46:50.861 [ INFO] step=  4758  t=19.78436  ResidMax=1.248e-03  DilMax=6.478e-01  dt=4.159e-03
15:46:50.898 [ INFO] step=  4759  t=19.78851  ResidMax=1.244e-03  DilMax=6.478e-01  dt=4.159e-03
15:46:50.936 [ INFO] step=  4760  t=19.79267  ResidMax=1.240e-03  DilMax=6.478e-01  dt=4.159e-03
15:46:50.972 [ INFO] step=  4761  t=19.79683  ResidMax=1.236e-03  DilMax=6.478e-01  dt=4.159e-03
15:46:51.010 [ INFO] step=  4762  t=19.80099  ResidMax=1.231e-03  DilMax=6.478e-01  dt=4.159e-03
15:46:51.047 [ INFO] step=  4763  t=19.80515  ResidMax=1.229e-03  DilMax=6.478e-01  dt=4.159e-03
15:46:51.084 [ INFO] step=  4764  t=19.80931  ResidMax=1.228e-03  DilMax=6.478e-01  dt=4.159e-03
15:46:51.121 [ INFO] step=  4765  t=19.81347  ResidMax=1.227e-03  DilMax=6.478e-01  dt=4.159e-03
15:46:51.158 [ INFO] step=  4766  t=19.81763  ResidMax=1.225e-03  DilMax=6.478e-01  dt=4.159e-03
15:46:51.195 [ INFO] step=  4767  t=19.82178  ResidMax=1.224e-03  DilMax=6.478e-01  dt=4.159e-03
15:46:51.232 [ INFO] step=  4768  t=19.82594  ResidMax=1.223e-03  DilMax=6.478e-01  dt=4.159e-03
15:46:51.269 [ INFO] step=  4769  t=19.83010  ResidMax=1.221e-03  DilMax=6.478e-01  dt=4.159e-03
15:46:51.306 [ INFO] step=  4770  t=19.83426  ResidMax=1.220e-03  DilMax=6.478e-01  dt=4.159e-03
15:46:51.343 [ INFO] step=  4771  t=19.83842  ResidMax=1.219e-03  DilMax=6.478e-01  dt=4.159e-03
15:46:51.380 [ INFO] step=  4772  t=19.84258  ResidMax=1.218e-03  DilMax=6.478e-01  dt=4.159e-03
15:46:51.417 [ INFO] step=  4773  t=19.84674  ResidMax=1.217e-03  DilMax=6.478e-01  dt=4.159e-03
15:46:51.454 [ INFO] step=  4774  t=19.85089  ResidMax=1.215e-03  DilMax=6.478e-01  dt=4.159e-03
15:46:51.491 [ INFO] step=  4775  t=19.85505  ResidMax=1.214e-03  DilMax=6.478e-01  dt=4.159e-03
15:46:51.529 [ INFO] step=  4776  t=19.85921  ResidMax=1.213e-03  DilMax=6.478e-01  dt=4.159e-03
15:46:51.567 [ INFO] step=  4777  t=19.86337  ResidMax=1.212e-03  DilMax=6.478e-01  dt=4.159e-03
15:46:51.605 [ INFO] step=  4778  t=19.86753  ResidMax=1.211e-03  DilMax=6.478e-01  dt=4.159e-03
15:46:51.643 [ INFO] step=  4779  t=19.87169  ResidMax=1.210e-03  DilMax=6.478e-01  dt=4.159e-03
15:46:51.680 [ INFO] step=  4780  t=19.87585  ResidMax=1.208e-03  DilMax=6.478e-01  dt=4.159e-03
15:46:51.719 [ INFO] step=  4781  t=19.88001  ResidMax=1.207e-03  DilMax=6.478e-01  dt=4.159e-03
15:46:51.757 [ INFO] step=  4782  t=19.88416  ResidMax=1.206e-03  DilMax=6.478e-01  dt=4.159e-03
15:46:51.794 [ INFO] step=  4783  t=19.88832  ResidMax=1.205e-03  DilMax=6.478e-01  dt=4.159e-03
15:46:51.833 [ INFO] step=  4784  t=19.89248  ResidMax=1.204e-03  DilMax=6.478e-01  dt=4.159e-03
15:46:51.870 [ INFO] step=  4785  t=19.89664  ResidMax=1.203e-03  DilMax=6.478e-01  dt=4.159e-03
15:46:51.908 [ INFO] step=  4786  t=19.90080  ResidMax=1.202e-03  DilMax=6.478e-01  dt=4.159e-03
15:46:51.945 [ INFO] step=  4787  t=19.90496  ResidMax=1.201e-03  DilMax=6.478e-01  dt=4.159e-03
15:46:51.982 [ INFO] step=  4788  t=19.90912  ResidMax=1.200e-03  DilMax=6.478e-01  dt=4.159e-03
15:46:52.019 [ INFO] step=  4789  t=19.91327  ResidMax=1.199e-03  DilMax=6.478e-01  dt=4.159e-03
15:46:52.056 [ INFO] step=  4790  t=19.91743  ResidMax=1.198e-03  DilMax=6.478e-01  dt=4.159e-03
15:46:52.094 [ INFO] step=  4791  t=19.92159  ResidMax=1.197e-03  DilMax=6.478e-01  dt=4.159e-03
15:46:52.131 [ INFO] step=  4792  t=19.92575  ResidMax=1.196e-03  DilMax=6.478e-01  dt=4.159e-03
15:46:52.169 [ INFO] step=  4793  t=19.92991  ResidMax=1.195e-03  DilMax=6.478e-01  dt=4.159e-03
15:46:52.207 [ INFO] step=  4794  t=19.93407  ResidMax=1.194e-03  DilMax=6.478e-01  dt=4.159e-03
15:46:52.244 [ INFO] step=  4795  t=19.93823  ResidMax=1.193e-03  DilMax=6.477e-01  dt=4.159e-03
15:46:52.282 [ INFO] step=  4796  t=19.94239  ResidMax=1.193e-03  DilMax=6.477e-01  dt=4.159e-03
15:46:52.319 [ INFO] step=  4797  t=19.94654  ResidMax=1.192e-03  DilMax=6.477e-01  dt=4.159e-03
15:46:52.356 [ INFO] step=  4798  t=19.95070  ResidMax=1.191e-03  DilMax=6.477e-01  dt=4.159e-03
15:46:52.393 [ INFO] step=  4799  t=19.95486  ResidMax=1.190e-03  DilMax=6.477e-01  dt=4.159e-03
15:46:52.430 [ INFO] step=  4800  t=19.95902  ResidMax=1.189e-03  DilMax=6.477e-01  dt=4.159e-03
15:46:52.467 [ INFO] step=  4801  t=19.96318  ResidMax=1.188e-03  DilMax=6.477e-01  dt=4.159e-03
15:46:52.505 [ INFO] step=  4802  t=19.96734  ResidMax=1.187e-03  DilMax=6.477e-01  dt=4.159e-03
15:46:52.542 [ INFO] step=  4803  t=19.97150  ResidMax=1.186e-03  DilMax=6.477e-01  dt=4.159e-03
15:46:52.580 [ INFO] step=  4804  t=19.97565  ResidMax=1.186e-03  DilMax=6.477e-01  dt=4.159e-03
15:46:52.617 [ INFO] step=  4805  t=19.97981  ResidMax=1.185e-03  DilMax=6.477e-01  dt=4.159e-03
15:46:52.654 [ INFO] step=  4806  t=19.98397  ResidMax=1.184e-03  DilMax=6.477e-01  dt=4.159e-03
15:46:52.691 [ INFO] step=  4807  t=19.98813  ResidMax=1.183e-03  DilMax=6.477e-01  dt=4.159e-03
15:46:52.728 [ INFO] step=  4808  t=19.99229  ResidMax=1.183e-03  DilMax=6.477e-01  dt=4.159e-03
15:46:52.764 [ INFO] step=  4809  t=19.99645  ResidMax=1.182e-03  DilMax=6.477e-01  dt=4.159e-03
15:46:52.801 [ INFO] step=  4810  t=20.00061  ResidMax=1.181e-03  DilMax=6.477e-01  dt=4.159e-03
15:46:52.840 [ INFO] step=  4811  t=20.00477  ResidMax=1.181e-03  DilMax=6.477e-01  dt=4.159e-03
15:46:52.877 [ INFO] step=  4812  t=20.00892  ResidMax=1.180e-03  DilMax=6.477e-01  dt=4.159e-03
15:46:52.914 [ INFO] step=  4813  t=20.01308  ResidMax=1.179e-03  DilMax=6.477e-01  dt=4.159e-03
15:46:52.952 [ INFO] step=  4814  t=20.01724  ResidMax=1.178e-03  DilMax=6.477e-01  dt=4.159e-03
15:46:52.989 [ INFO] step=  4815  t=20.02140  ResidMax=1.178e-03  DilMax=6.477e-01  dt=4.159e-03
15:46:53.026 [ INFO] step=  4816  t=20.02556  ResidMax=1.177e-03  DilMax=6.477e-01  dt=4.159e-03
15:46:53.063 [ INFO] step=  4817  t=20.02972  ResidMax=1.177e-03  DilMax=6.477e-01  dt=4.159e-03
15:46:53.101 [ INFO] step=  4818  t=20.03388  ResidMax=1.176e-03  DilMax=6.477e-01  dt=4.159e-03
15:46:53.138 [ INFO] step=  4819  t=20.03803  ResidMax=1.175e-03  DilMax=6.477e-01  dt=4.159e-03
15:46:53.176 [ INFO] step=  4820  t=20.04219  ResidMax=1.175e-03  DilMax=6.477e-01  dt=4.159e-03
15:46:53.213 [ INFO] step=  4821  t=20.04635  ResidMax=1.174e-03  DilMax=6.477e-01  dt=4.159e-03
15:46:53.250 [ INFO] step=  4822  t=20.05051  ResidMax=1.174e-03  DilMax=6.477e-01  dt=4.159e-03
15:46:53.288 [ INFO] step=  4823  t=20.05467  ResidMax=1.173e-03  DilMax=6.477e-01  dt=4.159e-03
15:46:53.325 [ INFO] step=  4824  t=20.05883  ResidMax=1.172e-03  DilMax=6.477e-01  dt=4.159e-03
15:46:53.362 [ INFO] step=  4825  t=20.06299  ResidMax=1.172e-03  DilMax=6.477e-01  dt=4.159e-03
15:46:53.399 [ INFO] step=  4826  t=20.06714  ResidMax=1.171e-03  DilMax=6.477e-01  dt=4.159e-03
15:46:53.436 [ INFO] step=  4827  t=20.07130  ResidMax=1.171e-03  DilMax=6.477e-01  dt=4.159e-03
15:46:53.474 [ INFO] step=  4828  t=20.07546  ResidMax=1.170e-03  DilMax=6.477e-01  dt=4.159e-03
15:46:53.511 [ INFO] step=  4829  t=20.07962  ResidMax=1.170e-03  DilMax=6.477e-01  dt=4.159e-03
15:46:53.548 [ INFO] step=  4830  t=20.08378  ResidMax=1.169e-03  DilMax=6.477e-01  dt=4.159e-03
15:46:53.586 [ INFO] step=  4831  t=20.08794  ResidMax=1.169e-03  DilMax=6.477e-01  dt=4.159e-03
15:46:53.623 [ INFO] step=  4832  t=20.09210  ResidMax=1.169e-03  DilMax=6.477e-01  dt=4.159e-03
15:46:53.660 [ INFO] step=  4833  t=20.09626  ResidMax=1.168e-03  DilMax=6.477e-01  dt=4.159e-03
15:46:53.698 [ INFO] step=  4834  t=20.10041  ResidMax=1.168e-03  DilMax=6.477e-01  dt=4.159e-03
15:46:53.735 [ INFO] step=  4835  t=20.10457  ResidMax=1.168e-03  DilMax=6.477e-01  dt=4.159e-03
15:46:53.772 [ INFO] step=  4836  t=20.10873  ResidMax=1.167e-03  DilMax=6.477e-01  dt=4.159e-03
15:46:53.809 [ INFO] step=  4837  t=20.11289  ResidMax=1.167e-03  DilMax=6.477e-01  dt=4.159e-03
15:46:53.847 [ INFO] step=  4838  t=20.11705  ResidMax=1.167e-03  DilMax=6.477e-01  dt=4.159e-03
15:46:53.918 [ INFO] step=  4839  t=20.12121  ResidMax=1.166e-03  DilMax=6.477e-01  dt=4.159e-03
15:46:53.955 [ INFO] step=  4840  t=20.12537  ResidMax=1.166e-03  DilMax=6.477e-01  dt=4.159e-03
15:46:53.992 [ INFO] step=  4841  t=20.12952  ResidMax=1.166e-03  DilMax=6.477e-01  dt=4.159e-03
15:46:54.030 [ INFO] step=  4842  t=20.13368  ResidMax=1.166e-03  DilMax=6.477e-01  dt=4.159e-03
15:46:54.067 [ INFO] step=  4843  t=20.13784  ResidMax=1.165e-03  DilMax=6.477e-01  dt=4.159e-03
15:46:54.105 [ INFO] step=  4844  t=20.14200  ResidMax=1.165e-03  DilMax=6.477e-01  dt=4.159e-03
15:46:54.142 [ INFO] step=  4845  t=20.14616  ResidMax=1.165e-03  DilMax=6.477e-01  dt=4.159e-03
15:46:54.180 [ INFO] step=  4846  t=20.15032  ResidMax=1.165e-03  DilMax=6.477e-01  dt=4.159e-03
15:46:54.217 [ INFO] step=  4847  t=20.15448  ResidMax=1.165e-03  DilMax=6.477e-01  dt=4.159e-03
15:46:54.255 [ INFO] step=  4848  t=20.15864  ResidMax=1.164e-03  DilMax=6.477e-01  dt=4.159e-03
15:46:54.292 [ INFO] step=  4849  t=20.16279  ResidMax=1.164e-03  DilMax=6.477e-01  dt=4.159e-03
15:46:54.329 [ INFO] step=  4850  t=20.16695  ResidMax=1.164e-03  DilMax=6.477e-01  dt=4.159e-03
15:46:54.366 [ INFO] step=  4851  t=20.17111  ResidMax=1.164e-03  DilMax=6.477e-01  dt=4.159e-03
15:46:54.403 [ INFO] step=  4852  t=20.17527  ResidMax=1.164e-03  DilMax=6.477e-01  dt=4.159e-03
15:46:54.440 [ INFO] step=  4853  t=20.17943  ResidMax=1.164e-03  DilMax=6.477e-01  dt=4.159e-03
15:46:54.477 [ INFO] step=  4854  t=20.18359  ResidMax=1.163e-03  DilMax=6.477e-01  dt=4.159e-03
15:46:54.514 [ INFO] step=  4855  t=20.18775  ResidMax=1.163e-03  DilMax=6.477e-01  dt=4.159e-03
15:46:54.551 [ INFO] step=  4856  t=20.19190  ResidMax=1.163e-03  DilMax=6.477e-01  dt=4.159e-03
15:46:54.587 [ INFO] step=  4857  t=20.19606  ResidMax=1.163e-03  DilMax=6.477e-01  dt=4.159e-03
15:46:54.624 [ INFO] step=  4858  t=20.20022  ResidMax=1.163e-03  DilMax=6.477e-01  dt=4.159e-03
15:46:54.661 [ INFO] step=  4859  t=20.20438  ResidMax=1.163e-03  DilMax=6.477e-01  dt=4.159e-03
15:46:54.698 [ INFO] step=  4860  t=20.20854  ResidMax=1.163e-03  DilMax=6.477e-01  dt=4.159e-03
15:46:54.734 [ INFO] step=  4861  t=20.21270  ResidMax=1.163e-03  DilMax=6.477e-01  dt=4.159e-03
15:46:54.770 [ INFO] step=  4862  t=20.21686  ResidMax=1.163e-03  DilMax=6.477e-01  dt=4.159e-03
15:46:54.807 [ INFO] step=  4863  t=20.22102  ResidMax=1.163e-03  DilMax=6.477e-01  dt=4.159e-03
15:46:54.845 [ INFO] step=  4864  t=20.22517  ResidMax=1.163e-03  DilMax=6.477e-01  dt=4.159e-03
15:46:54.882 [ INFO] step=  4865  t=20.22933  ResidMax=1.163e-03  DilMax=6.477e-01  dt=4.159e-03
15:46:54.919 [ INFO] step=  4866  t=20.23349  ResidMax=1.163e-03  DilMax=6.477e-01  dt=4.159e-03
15:46:54.956 [ INFO] step=  4867  t=20.23765  ResidMax=1.162e-03  DilMax=6.477e-01  dt=4.159e-03
15:46:54.993 [ INFO] step=  4868  t=20.24181  ResidMax=1.162e-03  DilMax=6.477e-01  dt=4.159e-03
15:46:55.030 [ INFO] step=  4869  t=20.24597  ResidMax=1.162e-03  DilMax=6.477e-01  dt=4.159e-03
15:46:55.067 [ INFO] step=  4870  t=20.25013  ResidMax=1.162e-03  DilMax=6.477e-01  dt=4.159e-03
15:46:55.105 [ INFO] step=  4871  t=20.25428  ResidMax=1.161e-03  DilMax=6.477e-01  dt=4.159e-03
15:46:55.141 [ INFO] step=  4872  t=20.25844  ResidMax=1.161e-03  DilMax=6.477e-01  dt=4.159e-03
15:46:55.178 [ INFO] step=  4873  t=20.26260  ResidMax=1.161e-03  DilMax=6.477e-01  dt=4.159e-03
15:46:55.216 [ INFO] step=  4874  t=20.26676  ResidMax=1.160e-03  DilMax=6.477e-01  dt=4.159e-03
15:46:55.253 [ INFO] step=  4875  t=20.27092  ResidMax=1.160e-03  DilMax=6.477e-01  dt=4.159e-03
15:46:55.290 [ INFO] step=  4876  t=20.27508  ResidMax=1.160e-03  DilMax=6.477e-01  dt=4.159e-03
15:46:55.328 [ INFO] step=  4877  t=20.27924  ResidMax=1.159e-03  DilMax=6.477e-01  dt=4.159e-03
15:46:55.365 [ INFO] step=  4878  t=20.28339  ResidMax=1.159e-03  DilMax=6.477e-01  dt=4.159e-03
15:46:55.401 [ INFO] step=  4879  t=20.28755  ResidMax=1.158e-03  DilMax=6.477e-01  dt=4.159e-03
15:46:55.439 [ INFO] step=  4880  t=20.29171  ResidMax=1.158e-03  DilMax=6.477e-01  dt=4.159e-03
15:46:55.476 [ INFO] step=  4881  t=20.29587  ResidMax=1.157e-03  DilMax=6.477e-01  dt=4.159e-03
15:46:55.513 [ INFO] step=  4882  t=20.30003  ResidMax=1.157e-03  DilMax=6.477e-01  dt=4.159e-03
15:46:55.550 [ INFO] step=  4883  t=20.30419  ResidMax=1.156e-03  DilMax=6.477e-01  dt=4.159e-03
15:46:55.587 [ INFO] step=  4884  t=20.30835  ResidMax=1.155e-03  DilMax=6.477e-01  dt=4.159e-03
15:46:55.624 [ INFO] step=  4885  t=20.31251  ResidMax=1.155e-03  DilMax=6.477e-01  dt=4.159e-03
15:46:55.661 [ INFO] step=  4886  t=20.31666  ResidMax=1.154e-03  DilMax=6.477e-01  dt=4.159e-03
15:46:55.698 [ INFO] step=  4887  t=20.32082  ResidMax=1.153e-03  DilMax=6.477e-01  dt=4.159e-03
15:46:55.735 [ INFO] step=  4888  t=20.32498  ResidMax=1.153e-03  DilMax=6.477e-01  dt=4.159e-03
15:46:55.772 [ INFO] step=  4889  t=20.32914  ResidMax=1.152e-03  DilMax=6.477e-01  dt=4.159e-03
15:46:55.809 [ INFO] step=  4890  t=20.33330  ResidMax=1.151e-03  DilMax=6.477e-01  dt=4.159e-03
15:46:55.846 [ INFO] step=  4891  t=20.33746  ResidMax=1.150e-03  DilMax=6.477e-01  dt=4.159e-03
15:46:55.883 [ INFO] step=  4892  t=20.34162  ResidMax=1.150e-03  DilMax=6.477e-01  dt=4.159e-03
15:46:55.919 [ INFO] step=  4893  t=20.34577  ResidMax=1.149e-03  DilMax=6.477e-01  dt=4.159e-03
15:46:55.956 [ INFO] step=  4894  t=20.34993  ResidMax=1.148e-03  DilMax=6.477e-01  dt=4.159e-03
15:46:55.994 [ INFO] step=  4895  t=20.35409  ResidMax=1.147e-03  DilMax=6.477e-01  dt=4.159e-03
15:46:56.031 [ INFO] step=  4896  t=20.35825  ResidMax=1.146e-03  DilMax=6.477e-01  dt=4.159e-03
15:46:56.068 [ INFO] step=  4897  t=20.36241  ResidMax=1.145e-03  DilMax=6.477e-01  dt=4.159e-03
15:46:56.106 [ INFO] step=  4898  t=20.36657  ResidMax=1.144e-03  DilMax=6.477e-01  dt=4.159e-03
15:46:56.143 [ INFO] step=  4899  t=20.37073  ResidMax=1.144e-03  DilMax=6.477e-01  dt=4.159e-03
15:46:56.179 [ INFO] step=  4900  t=20.37489  ResidMax=1.143e-03  DilMax=6.477e-01  dt=4.159e-03
15:46:56.216 [ INFO] step=  4901  t=20.37904  ResidMax=1.142e-03  DilMax=6.477e-01  dt=4.159e-03
15:46:56.252 [ INFO] step=  4902  t=20.38320  ResidMax=1.141e-03  DilMax=6.477e-01  dt=4.159e-03
15:46:56.290 [ INFO] step=  4903  t=20.38736  ResidMax=1.140e-03  DilMax=6.477e-01  dt=4.159e-03
15:46:56.327 [ INFO] step=  4904  t=20.39152  ResidMax=1.139e-03  DilMax=6.477e-01  dt=4.159e-03
15:46:56.364 [ INFO] step=  4905  t=20.39568  ResidMax=1.138e-03  DilMax=6.477e-01  dt=4.159e-03
15:46:56.401 [ INFO] step=  4906  t=20.39984  ResidMax=1.137e-03  DilMax=6.477e-01  dt=4.159e-03
15:46:56.438 [ INFO] step=  4907  t=20.40400  ResidMax=1.136e-03  DilMax=6.477e-01  dt=4.159e-03
15:46:56.475 [ INFO] step=  4908  t=20.40815  ResidMax=1.135e-03  DilMax=6.477e-01  dt=4.159e-03
15:46:56.512 [ INFO] step=  4909  t=20.41231  ResidMax=1.134e-03  DilMax=6.477e-01  dt=4.159e-03
15:46:56.548 [ INFO] step=  4910  t=20.41647  ResidMax=1.133e-03  DilMax=6.477e-01  dt=4.159e-03
15:46:56.585 [ INFO] step=  4911  t=20.42063  ResidMax=1.132e-03  DilMax=6.477e-01  dt=4.159e-03
15:46:56.622 [ INFO] step=  4912  t=20.42479  ResidMax=1.131e-03  DilMax=6.477e-01  dt=4.159e-03
15:46:56.659 [ INFO] step=  4913  t=20.42895  ResidMax=1.130e-03  DilMax=6.477e-01  dt=4.159e-03
15:46:56.696 [ INFO] step=  4914  t=20.43311  ResidMax=1.129e-03  DilMax=6.477e-01  dt=4.159e-03
15:46:56.733 [ INFO] step=  4915  t=20.43727  ResidMax=1.127e-03  DilMax=6.477e-01  dt=4.159e-03
15:46:56.770 [ INFO] step=  4916  t=20.44142  ResidMax=1.126e-03  DilMax=6.477e-01  dt=4.159e-03
15:46:56.807 [ INFO] step=  4917  t=20.44558  ResidMax=1.125e-03  DilMax=6.477e-01  dt=4.159e-03
15:46:56.845 [ INFO] step=  4918  t=20.44974  ResidMax=1.124e-03  DilMax=6.477e-01  dt=4.159e-03
15:46:56.882 [ INFO] step=  4919  t=20.45390  ResidMax=1.123e-03  DilMax=6.477e-01  dt=4.159e-03
15:46:56.919 [ INFO] step=  4920  t=20.45806  ResidMax=1.121e-03  DilMax=6.477e-01  dt=4.159e-03
15:46:56.955 [ INFO] step=  4921  t=20.46222  ResidMax=1.120e-03  DilMax=6.477e-01  dt=4.159e-03
15:46:56.992 [ INFO] step=  4922  t=20.46638  ResidMax=1.119e-03  DilMax=6.477e-01  dt=4.159e-03
15:46:57.029 [ INFO] step=  4923  t=20.47053  ResidMax=1.117e-03  DilMax=6.477e-01  dt=4.159e-03
15:46:57.067 [ INFO] step=  4924  t=20.47469  ResidMax=1.116e-03  DilMax=6.477e-01  dt=4.159e-03
15:46:57.104 [ INFO] step=  4925  t=20.47885  ResidMax=1.114e-03  DilMax=6.477e-01  dt=4.159e-03
15:46:57.141 [ INFO] step=  4926  t=20.48301  ResidMax=1.113e-03  DilMax=6.477e-01  dt=4.159e-03
15:46:57.178 [ INFO] step=  4927  t=20.48717  ResidMax=1.112e-03  DilMax=6.477e-01  dt=4.159e-03
15:46:57.216 [ INFO] step=  4928  t=20.49133  ResidMax=1.110e-03  DilMax=6.477e-01  dt=4.159e-03
15:46:57.252 [ INFO] step=  4929  t=20.49549  ResidMax=1.109e-03  DilMax=6.477e-01  dt=4.159e-03
15:46:57.289 [ INFO] step=  4930  t=20.49964  ResidMax=1.107e-03  DilMax=6.477e-01  dt=4.159e-03
15:46:57.327 [ INFO] step=  4931  t=20.50380  ResidMax=1.106e-03  DilMax=6.477e-01  dt=4.159e-03
15:46:57.364 [ INFO] step=  4932  t=20.50796  ResidMax=1.104e-03  DilMax=6.477e-01  dt=4.159e-03
15:46:57.401 [ INFO] step=  4933  t=20.51212  ResidMax=1.103e-03  DilMax=6.477e-01  dt=4.159e-03
15:46:57.438 [ INFO] step=  4934  t=20.51628  ResidMax=1.102e-03  DilMax=6.477e-01  dt=4.159e-03
15:46:57.475 [ INFO] step=  4935  t=20.52044  ResidMax=1.100e-03  DilMax=6.477e-01  dt=4.159e-03
15:46:57.513 [ INFO] step=  4936  t=20.52460  ResidMax=1.099e-03  DilMax=6.477e-01  dt=4.159e-03
15:46:57.550 [ INFO] step=  4937  t=20.52876  ResidMax=1.097e-03  DilMax=6.477e-01  dt=4.159e-03
15:46:57.587 [ INFO] step=  4938  t=20.53291  ResidMax=1.096e-03  DilMax=6.477e-01  dt=4.159e-03
15:46:57.624 [ INFO] step=  4939  t=20.53707  ResidMax=1.094e-03  DilMax=6.477e-01  dt=4.159e-03
15:46:57.661 [ INFO] step=  4940  t=20.54123  ResidMax=1.093e-03  DilMax=6.477e-01  dt=4.159e-03
15:46:57.698 [ INFO] step=  4941  t=20.54539  ResidMax=1.091e-03  DilMax=6.477e-01  dt=4.159e-03
15:46:57.735 [ INFO] step=  4942  t=20.54955  ResidMax=1.090e-03  DilMax=6.477e-01  dt=4.159e-03
15:46:57.772 [ INFO] step=  4943  t=20.55371  ResidMax=1.088e-03  DilMax=6.477e-01  dt=4.159e-03
15:46:57.809 [ INFO] step=  4944  t=20.55787  ResidMax=1.087e-03  DilMax=6.477e-01  dt=4.159e-03
15:46:57.847 [ INFO] step=  4945  t=20.56202  ResidMax=1.085e-03  DilMax=6.477e-01  dt=4.159e-03
15:46:57.920 [ INFO] step=  4946  t=20.56618  ResidMax=1.084e-03  DilMax=6.477e-01  dt=4.159e-03
15:46:57.956 [ INFO] step=  4947  t=20.57034  ResidMax=1.082e-03  DilMax=6.477e-01  dt=4.159e-03
15:46:57.992 [ INFO] step=  4948  t=20.57450  ResidMax=1.080e-03  DilMax=6.477e-01  dt=4.159e-03
15:46:58.029 [ INFO] step=  4949  t=20.57866  ResidMax=1.079e-03  DilMax=6.477e-01  dt=4.159e-03
15:46:58.066 [ INFO] step=  4950  t=20.58282  ResidMax=1.077e-03  DilMax=6.477e-01  dt=4.159e-03
15:46:58.103 [ INFO] step=  4951  t=20.58698  ResidMax=1.075e-03  DilMax=6.477e-01  dt=4.159e-03
15:46:58.140 [ INFO] step=  4952  t=20.59114  ResidMax=1.074e-03  DilMax=6.477e-01  dt=4.159e-03
15:46:58.177 [ INFO] step=  4953  t=20.59529  ResidMax=1.072e-03  DilMax=6.477e-01  dt=4.159e-03
15:46:58.214 [ INFO] step=  4954  t=20.59945  ResidMax=1.070e-03  DilMax=6.477e-01  dt=4.159e-03
15:46:58.251 [ INFO] step=  4955  t=20.60361  ResidMax=1.068e-03  DilMax=6.477e-01  dt=4.159e-03
15:46:58.288 [ INFO] step=  4956  t=20.60777  ResidMax=1.066e-03  DilMax=6.477e-01  dt=4.159e-03
15:46:58.326 [ INFO] step=  4957  t=20.61193  ResidMax=1.065e-03  DilMax=6.477e-01  dt=4.159e-03
15:46:58.363 [ INFO] step=  4958  t=20.61609  ResidMax=1.063e-03  DilMax=6.477e-01  dt=4.159e-03
15:46:58.400 [ INFO] step=  4959  t=20.62025  ResidMax=1.061e-03  DilMax=6.477e-01  dt=4.159e-03
15:46:58.436 [ INFO] step=  4960  t=20.62440  ResidMax=1.060e-03  DilMax=6.477e-01  dt=4.159e-03
15:46:58.474 [ INFO] step=  4961  t=20.62856  ResidMax=1.058e-03  DilMax=6.477e-01  dt=4.159e-03
15:46:58.510 [ INFO] step=  4962  t=20.63272  ResidMax=1.056e-03  DilMax=6.477e-01  dt=4.159e-03
15:46:58.547 [ INFO] step=  4963  t=20.63688  ResidMax=1.055e-03  DilMax=6.477e-01  dt=4.159e-03
15:46:58.584 [ INFO] step=  4964  t=20.64104  ResidMax=1.053e-03  DilMax=6.477e-01  dt=4.159e-03
15:46:58.621 [ INFO] step=  4965  t=20.64520  ResidMax=1.051e-03  DilMax=6.477e-01  dt=4.159e-03
15:46:58.657 [ INFO] step=  4966  t=20.64936  ResidMax=1.049e-03  DilMax=6.477e-01  dt=4.159e-03
15:46:58.694 [ INFO] step=  4967  t=20.65352  ResidMax=1.048e-03  DilMax=6.477e-01  dt=4.159e-03
15:46:58.731 [ INFO] step=  4968  t=20.65767  ResidMax=1.046e-03  DilMax=6.477e-01  dt=4.159e-03
15:46:58.768 [ INFO] step=  4969  t=20.66183  ResidMax=1.044e-03  DilMax=6.477e-01  dt=4.159e-03
15:46:58.805 [ INFO] step=  4970  t=20.66599  ResidMax=1.042e-03  DilMax=6.477e-01  dt=4.159e-03
15:46:58.843 [ INFO] step=  4971  t=20.67015  ResidMax=1.040e-03  DilMax=6.477e-01  dt=4.159e-03
15:46:58.880 [ INFO] step=  4972  t=20.67431  ResidMax=1.038e-03  DilMax=6.477e-01  dt=4.159e-03
15:46:58.918 [ INFO] step=  4973  t=20.67847  ResidMax=1.037e-03  DilMax=6.477e-01  dt=4.159e-03
15:46:58.955 [ INFO] step=  4974  t=20.68263  ResidMax=1.035e-03  DilMax=6.477e-01  dt=4.159e-03
15:46:58.992 [ INFO] step=  4975  t=20.68678  ResidMax=1.033e-03  DilMax=6.477e-01  dt=4.159e-03
15:46:59.029 [ INFO] step=  4976  t=20.69094  ResidMax=1.031e-03  DilMax=6.477e-01  dt=4.159e-03
15:46:59.066 [ INFO] step=  4977  t=20.69510  ResidMax=1.029e-03  DilMax=6.477e-01  dt=4.159e-03
15:46:59.103 [ INFO] step=  4978  t=20.69926  ResidMax=1.027e-03  DilMax=6.477e-01  dt=4.159e-03
15:46:59.141 [ INFO] step=  4979  t=20.70342  ResidMax=1.025e-03  DilMax=6.477e-01  dt=4.159e-03
15:46:59.178 [ INFO] step=  4980  t=20.70758  ResidMax=1.023e-03  DilMax=6.477e-01  dt=4.159e-03
15:46:59.215 [ INFO] step=  4981  t=20.71174  ResidMax=1.021e-03  DilMax=6.477e-01  dt=4.159e-03
15:46:59.253 [ INFO] step=  4982  t=20.71589  ResidMax=1.019e-03  DilMax=6.477e-01  dt=4.159e-03
15:46:59.290 [ INFO] step=  4983  t=20.72005  ResidMax=1.017e-03  DilMax=6.477e-01  dt=4.159e-03
15:46:59.327 [ INFO] step=  4984  t=20.72421  ResidMax=1.016e-03  DilMax=6.477e-01  dt=4.159e-03
15:46:59.365 [ INFO] step=  4985  t=20.72837  ResidMax=1.014e-03  DilMax=6.477e-01  dt=4.159e-03
15:46:59.402 [ INFO] step=  4986  t=20.73253  ResidMax=1.012e-03  DilMax=6.477e-01  dt=4.159e-03
15:46:59.440 [ INFO] step=  4987  t=20.73669  ResidMax=1.010e-03  DilMax=6.477e-01  dt=4.159e-03
15:46:59.477 [ INFO] step=  4988  t=20.74085  ResidMax=1.008e-03  DilMax=6.477e-01  dt=4.159e-03
15:46:59.514 [ INFO] step=  4989  t=20.74501  ResidMax=1.006e-03  DilMax=6.477e-01  dt=4.159e-03
15:46:59.552 [ INFO] step=  4990  t=20.74916  ResidMax=1.004e-03  DilMax=6.477e-01  dt=4.159e-03
15:46:59.589 [ INFO] step=  4991  t=20.75332  ResidMax=1.003e-03  DilMax=6.477e-01  dt=4.159e-03
15:46:59.626 [ INFO] step=  4992  t=20.75748  ResidMax=1.001e-03  DilMax=6.477e-01  dt=4.159e-03
15:46:59.663 [ INFO] step=  4993  t=20.76164  ResidMax=9.987e-04  DilMax=6.477e-01  dt=4.159e-03
15:46:59.700 [ INFO] step=  4994  t=20.76580  ResidMax=9.968e-04  DilMax=6.477e-01  dt=4.159e-03
15:46:59.738 [ INFO] step=  4995  t=20.76996  ResidMax=9.948e-04  DilMax=6.477e-01  dt=4.159e-03
15:46:59.775 [ INFO] step=  4996  t=20.77412  ResidMax=9.928e-04  DilMax=6.477e-01  dt=4.159e-03
15:46:59.811 [ INFO] step=  4997  t=20.77827  ResidMax=9.908e-04  DilMax=6.477e-01  dt=4.159e-03
15:46:59.849 [ INFO] step=  4998  t=20.78243  ResidMax=9.888e-04  DilMax=6.477e-01  dt=4.159e-03
15:46:59.886 [ INFO] step=  4999  t=20.78659  ResidMax=9.868e-04  DilMax=6.477e-01  dt=4.159e-03
15:46:59.923 [ INFO] step=  5000  t=20.79075  ResidMax=9.847e-04  DilMax=6.477e-01  dt=4.159e-03
15:47:00.230 [ INFO] VTK snapshot written → results/backstep_validation/step_re100_t005000.vtk
15:47:02.258 [ INFO] step=  5001  t=20.79491  ResidMax=9.827e-04  DilMax=6.477e-01  dt=4.159e-03
15:47:02.295 [ INFO] step=  5002  t=20.79907  ResidMax=9.806e-04  DilMax=6.477e-01  dt=4.159e-03
15:47:02.332 [ INFO] step=  5003  t=20.80323  ResidMax=9.785e-04  DilMax=6.477e-01  dt=4.159e-03
15:47:02.369 [ INFO] step=  5004  t=20.80739  ResidMax=9.765e-04  DilMax=6.477e-01  dt=4.159e-03
15:47:02.406 [ INFO] step=  5005  t=20.81154  ResidMax=9.747e-04  DilMax=6.477e-01  dt=4.159e-03
15:47:02.443 [ INFO] step=  5006  t=20.81570  ResidMax=9.728e-04  DilMax=6.477e-01  dt=4.159e-03
15:47:02.481 [ INFO] step=  5007  t=20.81986  ResidMax=9.710e-04  DilMax=6.477e-01  dt=4.159e-03
15:47:02.519 [ INFO] step=  5008  t=20.82402  ResidMax=9.691e-04  DilMax=6.477e-01  dt=4.159e-03
15:47:02.555 [ INFO] step=  5009  t=20.82818  ResidMax=9.672e-04  DilMax=6.477e-01  dt=4.159e-03
15:47:02.592 [ INFO] step=  5010  t=20.83234  ResidMax=9.653e-04  DilMax=6.477e-01  dt=4.159e-03
15:47:02.630 [ INFO] step=  5011  t=20.83650  ResidMax=9.633e-04  DilMax=6.477e-01  dt=4.159e-03
15:47:02.666 [ INFO] step=  5012  t=20.84065  ResidMax=9.614e-04  DilMax=6.477e-01  dt=4.159e-03
15:47:02.703 [ INFO] step=  5013  t=20.84481  ResidMax=9.594e-04  DilMax=6.477e-01  dt=4.159e-03
15:47:02.740 [ INFO] step=  5014  t=20.84897  ResidMax=9.574e-04  DilMax=6.477e-01  dt=4.159e-03
15:47:02.777 [ INFO] step=  5015  t=20.85313  ResidMax=9.555e-04  DilMax=6.477e-01  dt=4.159e-03
15:47:02.814 [ INFO] step=  5016  t=20.85729  ResidMax=9.535e-04  DilMax=6.477e-01  dt=4.159e-03
15:47:02.852 [ INFO] step=  5017  t=20.86145  ResidMax=9.514e-04  DilMax=6.477e-01  dt=4.159e-03
15:47:02.889 [ INFO] step=  5018  t=20.86561  ResidMax=9.494e-04  DilMax=6.477e-01  dt=4.159e-03
15:47:02.926 [ INFO] step=  5019  t=20.86976  ResidMax=9.474e-04  DilMax=6.477e-01  dt=4.159e-03
15:47:02.963 [ INFO] step=  5020  t=20.87392  ResidMax=9.453e-04  DilMax=6.477e-01  dt=4.159e-03
15:47:03.000 [ INFO] step=  5021  t=20.87808  ResidMax=9.432e-04  DilMax=6.477e-01  dt=4.159e-03
15:47:03.037 [ INFO] step=  5022  t=20.88224  ResidMax=9.412e-04  DilMax=6.477e-01  dt=4.159e-03
15:47:03.074 [ INFO] step=  5023  t=20.88640  ResidMax=9.391e-04  DilMax=6.477e-01  dt=4.159e-03
15:47:03.111 [ INFO] step=  5024  t=20.89056  ResidMax=9.370e-04  DilMax=6.477e-01  dt=4.159e-03
15:47:03.147 [ INFO] step=  5025  t=20.89472  ResidMax=9.348e-04  DilMax=6.477e-01  dt=4.159e-03
15:47:03.184 [ INFO] step=  5026  t=20.89888  ResidMax=9.328e-04  DilMax=6.477e-01  dt=4.159e-03
15:47:03.221 [ INFO] step=  5027  t=20.90303  ResidMax=9.309e-04  DilMax=6.477e-01  dt=4.159e-03
15:47:03.260 [ INFO] step=  5028  t=20.90719  ResidMax=9.291e-04  DilMax=6.477e-01  dt=4.159e-03
15:47:03.297 [ INFO] step=  5029  t=20.91135  ResidMax=9.272e-04  DilMax=6.477e-01  dt=4.159e-03
15:47:03.334 [ INFO] step=  5030  t=20.91551  ResidMax=9.253e-04  DilMax=6.477e-01  dt=4.159e-03
15:47:03.372 [ INFO] step=  5031  t=20.91967  ResidMax=9.234e-04  DilMax=6.477e-01  dt=4.159e-03
15:47:03.409 [ INFO] step=  5032  t=20.92383  ResidMax=9.214e-04  DilMax=6.477e-01  dt=4.159e-03
15:47:03.447 [ INFO] step=  5033  t=20.92799  ResidMax=9.195e-04  DilMax=6.477e-01  dt=4.159e-03
15:47:03.484 [ INFO] step=  5034  t=20.93214  ResidMax=9.175e-04  DilMax=6.477e-01  dt=4.159e-03
15:47:03.521 [ INFO] step=  5035  t=20.93630  ResidMax=9.156e-04  DilMax=6.477e-01  dt=4.159e-03
15:47:03.558 [ INFO] step=  5036  t=20.94046  ResidMax=9.136e-04  DilMax=6.477e-01  dt=4.159e-03
15:47:03.595 [ INFO] step=  5037  t=20.94462  ResidMax=9.116e-04  DilMax=6.477e-01  dt=4.159e-03
15:47:03.632 [ INFO] step=  5038  t=20.94878  ResidMax=9.096e-04  DilMax=6.477e-01  dt=4.159e-03
15:47:03.669 [ INFO] step=  5039  t=20.95294  ResidMax=9.076e-04  DilMax=6.477e-01  dt=4.159e-03
15:47:03.707 [ INFO] step=  5040  t=20.95710  ResidMax=9.056e-04  DilMax=6.477e-01  dt=4.159e-03
15:47:03.744 [ INFO] step=  5041  t=20.96126  ResidMax=9.035e-04  DilMax=6.477e-01  dt=4.159e-03
15:47:03.781 [ INFO] step=  5042  t=20.96541  ResidMax=9.015e-04  DilMax=6.477e-01  dt=4.159e-03
15:47:03.819 [ INFO] step=  5043  t=20.96957  ResidMax=8.994e-04  DilMax=6.477e-01  dt=4.159e-03
15:47:03.856 [ INFO] step=  5044  t=20.97373  ResidMax=8.973e-04  DilMax=6.477e-01  dt=4.159e-03
15:47:03.894 [ INFO] step=  5045  t=20.97789  ResidMax=8.952e-04  DilMax=6.477e-01  dt=4.159e-03
15:47:03.930 [ INFO] step=  5046  t=20.98205  ResidMax=8.931e-04  DilMax=6.477e-01  dt=4.159e-03
15:47:03.967 [ INFO] step=  5047  t=20.98621  ResidMax=8.910e-04  DilMax=6.477e-01  dt=4.159e-03
15:47:04.004 [ INFO] step=  5048  t=20.99037  ResidMax=8.889e-04  DilMax=6.477e-01  dt=4.159e-03
15:47:04.040 [ INFO] step=  5049  t=20.99452  ResidMax=8.870e-04  DilMax=6.477e-01  dt=4.159e-03
15:47:04.077 [ INFO] step=  5050  t=20.99868  ResidMax=8.851e-04  DilMax=6.477e-01  dt=4.159e-03
15:47:04.114 [ INFO] step=  5051  t=21.00284  ResidMax=8.833e-04  DilMax=6.477e-01  dt=4.159e-03
15:47:04.151 [ INFO] step=  5052  t=21.00700  ResidMax=8.814e-04  DilMax=6.477e-01  dt=4.159e-03
15:47:04.188 [ INFO] step=  5053  t=21.01116  ResidMax=8.795e-04  DilMax=6.477e-01  dt=4.159e-03
15:47:04.225 [ INFO] step=  5054  t=21.01532  ResidMax=8.776e-04  DilMax=6.477e-01  dt=4.159e-03
15:47:04.262 [ INFO] step=  5055  t=21.01948  ResidMax=8.757e-04  DilMax=6.477e-01  dt=4.159e-03
15:47:04.298 [ INFO] step=  5056  t=21.02364  ResidMax=8.738e-04  DilMax=6.478e-01  dt=4.159e-03
15:47:04.336 [ INFO] step=  5057  t=21.02779  ResidMax=8.718e-04  DilMax=6.478e-01  dt=4.159e-03
15:47:04.373 [ INFO] step=  5058  t=21.03195  ResidMax=8.699e-04  DilMax=6.478e-01  dt=4.159e-03
15:47:04.410 [ INFO] step=  5059  t=21.03611  ResidMax=8.679e-04  DilMax=6.478e-01  dt=4.159e-03
15:47:04.447 [ INFO] step=  5060  t=21.04027  ResidMax=8.660e-04  DilMax=6.478e-01  dt=4.159e-03
15:47:04.484 [ INFO] step=  5061  t=21.04443  ResidMax=8.640e-04  DilMax=6.478e-01  dt=4.159e-03
15:47:04.523 [ INFO] step=  5062  t=21.04859  ResidMax=8.620e-04  DilMax=6.478e-01  dt=4.159e-03
15:47:04.561 [ INFO] step=  5063  t=21.05275  ResidMax=8.600e-04  DilMax=6.478e-01  dt=4.159e-03
15:47:04.604 [ INFO] step=  5064  t=21.05690  ResidMax=8.580e-04  DilMax=6.478e-01  dt=4.159e-03
15:47:04.645 [ INFO] step=  5065  t=21.06106  ResidMax=8.560e-04  DilMax=6.478e-01  dt=4.159e-03
15:47:04.684 [ INFO] step=  5066  t=21.06522  ResidMax=8.539e-04  DilMax=6.478e-01  dt=4.159e-03
15:47:04.732 [ INFO] step=  5067  t=21.06938  ResidMax=8.519e-04  DilMax=6.478e-01  dt=4.159e-03
15:47:04.781 [ INFO] step=  5068  t=21.07354  ResidMax=8.498e-04  DilMax=6.478e-01  dt=4.159e-03
15:47:04.833 [ INFO] step=  5069  t=21.07770  ResidMax=8.478e-04  DilMax=6.478e-01  dt=4.159e-03
15:47:04.871 [ INFO] step=  5070  t=21.08186  ResidMax=8.457e-04  DilMax=6.478e-01  dt=4.159e-03
15:47:04.910 [ INFO] step=  5071  t=21.08601  ResidMax=8.436e-04  DilMax=6.478e-01  dt=4.159e-03
15:47:04.947 [ INFO] step=  5072  t=21.09017  ResidMax=8.415e-04  DilMax=6.478e-01  dt=4.159e-03
15:47:04.984 [ INFO] step=  5073  t=21.09433  ResidMax=8.397e-04  DilMax=6.478e-01  dt=4.159e-03
15:47:05.023 [ INFO] step=  5074  t=21.09849  ResidMax=8.379e-04  DilMax=6.478e-01  dt=4.159e-03
15:47:05.063 [ INFO] step=  5075  t=21.10265  ResidMax=8.361e-04  DilMax=6.478e-01  dt=4.159e-03
15:47:05.101 [ INFO] step=  5076  t=21.10681  ResidMax=8.342e-04  DilMax=6.478e-01  dt=4.159e-03
15:47:05.139 [ INFO] step=  5077  t=21.11097  ResidMax=8.324e-04  DilMax=6.478e-01  dt=4.159e-03
15:47:05.179 [ INFO] step=  5078  t=21.11513  ResidMax=8.305e-04  DilMax=6.478e-01  dt=4.159e-03
15:47:05.219 [ INFO] step=  5079  t=21.11928  ResidMax=8.287e-04  DilMax=6.478e-01  dt=4.159e-03
15:47:05.260 [ INFO] step=  5080  t=21.12344  ResidMax=8.268e-04  DilMax=6.478e-01  dt=4.159e-03
15:47:05.300 [ INFO] step=  5081  t=21.12760  ResidMax=8.249e-04  DilMax=6.478e-01  dt=4.159e-03
15:47:05.339 [ INFO] step=  5082  t=21.13176  ResidMax=8.230e-04  DilMax=6.478e-01  dt=4.159e-03
15:47:05.379 [ INFO] step=  5083  t=21.13592  ResidMax=8.211e-04  DilMax=6.478e-01  dt=4.159e-03
15:47:05.425 [ INFO] step=  5084  t=21.14008  ResidMax=8.192e-04  DilMax=6.478e-01  dt=4.159e-03
15:47:05.465 [ INFO] step=  5085  t=21.14424  ResidMax=8.172e-04  DilMax=6.478e-01  dt=4.159e-03
15:47:05.503 [ INFO] step=  5086  t=21.14839  ResidMax=8.153e-04  DilMax=6.478e-01  dt=4.159e-03
15:47:05.548 [ INFO] step=  5087  t=21.15255  ResidMax=8.133e-04  DilMax=6.478e-01  dt=4.159e-03
15:47:05.587 [ INFO] step=  5088  t=21.15671  ResidMax=8.114e-04  DilMax=6.478e-01  dt=4.159e-03
15:47:05.627 [ INFO] step=  5089  t=21.16087  ResidMax=8.094e-04  DilMax=6.478e-01  dt=4.159e-03
15:47:05.667 [ INFO] step=  5090  t=21.16503  ResidMax=8.074e-04  DilMax=6.478e-01  dt=4.159e-03
15:47:05.708 [ INFO] step=  5091  t=21.16919  ResidMax=8.054e-04  DilMax=6.478e-01  dt=4.159e-03
15:47:05.748 [ INFO] step=  5092  t=21.17335  ResidMax=8.034e-04  DilMax=6.478e-01  dt=4.159e-03
15:47:05.788 [ INFO] step=  5093  t=21.17751  ResidMax=8.014e-04  DilMax=6.478e-01  dt=4.159e-03
15:47:05.828 [ INFO] step=  5094  t=21.18166  ResidMax=7.994e-04  DilMax=6.478e-01  dt=4.159e-03
15:47:05.867 [ INFO] step=  5095  t=21.18582  ResidMax=7.973e-04  DilMax=6.478e-01  dt=4.159e-03
15:47:05.906 [ INFO] step=  5096  t=21.18998  ResidMax=7.953e-04  DilMax=6.478e-01  dt=4.159e-03
15:47:05.945 [ INFO] step=  5097  t=21.19414  ResidMax=7.933e-04  DilMax=6.478e-01  dt=4.159e-03
15:47:05.985 [ INFO] step=  5098  t=21.19830  ResidMax=7.916e-04  DilMax=6.478e-01  dt=4.159e-03
15:47:06.023 [ INFO] step=  5099  t=21.20246  ResidMax=7.898e-04  DilMax=6.478e-01  dt=4.159e-03
15:47:06.060 [ INFO] step=  5100  t=21.20662  ResidMax=7.880e-04  DilMax=6.478e-01  dt=4.159e-03
15:47:06.100 [ INFO] step=  5101  t=21.21077  ResidMax=7.862e-04  DilMax=6.478e-01  dt=4.159e-03
15:47:06.140 [ INFO] step=  5102  t=21.21493  ResidMax=7.845e-04  DilMax=6.478e-01  dt=4.159e-03
15:47:06.179 [ INFO] step=  5103  t=21.21909  ResidMax=7.827e-04  DilMax=6.478e-01  dt=4.159e-03
15:47:06.219 [ INFO] step=  5104  t=21.22325  ResidMax=7.808e-04  DilMax=6.478e-01  dt=4.159e-03
15:47:06.259 [ INFO] step=  5105  t=21.22741  ResidMax=7.790e-04  DilMax=6.478e-01  dt=4.159e-03
15:47:06.299 [ INFO] step=  5106  t=21.23157  ResidMax=7.772e-04  DilMax=6.478e-01  dt=4.159e-03
15:47:06.339 [ INFO] step=  5107  t=21.23573  ResidMax=7.753e-04  DilMax=6.478e-01  dt=4.159e-03
15:47:06.379 [ INFO] step=  5108  t=21.23988  ResidMax=7.735e-04  DilMax=6.478e-01  dt=4.159e-03
15:47:06.419 [ INFO] step=  5109  t=21.24404  ResidMax=7.716e-04  DilMax=6.478e-01  dt=4.159e-03
15:47:06.458 [ INFO] step=  5110  t=21.24820  ResidMax=7.698e-04  DilMax=6.478e-01  dt=4.159e-03
15:47:06.497 [ INFO] step=  5111  t=21.25236  ResidMax=7.679e-04  DilMax=6.478e-01  dt=4.159e-03
15:47:06.536 [ INFO] step=  5112  t=21.25652  ResidMax=7.660e-04  DilMax=6.478e-01  dt=4.159e-03
15:47:06.574 [ INFO] step=  5113  t=21.26068  ResidMax=7.641e-04  DilMax=6.478e-01  dt=4.159e-03
15:47:06.613 [ INFO] step=  5114  t=21.26484  ResidMax=7.622e-04  DilMax=6.478e-01  dt=4.159e-03
15:47:06.652 [ INFO] step=  5115  t=21.26900  ResidMax=7.603e-04  DilMax=6.478e-01  dt=4.159e-03
15:47:06.691 [ INFO] step=  5116  t=21.27315  ResidMax=7.583e-04  DilMax=6.478e-01  dt=4.159e-03
15:47:06.729 [ INFO] step=  5117  t=21.27731  ResidMax=7.564e-04  DilMax=6.478e-01  dt=4.159e-03
15:47:06.768 [ INFO] step=  5118  t=21.28147  ResidMax=7.545e-04  DilMax=6.478e-01  dt=4.159e-03
15:47:06.806 [ INFO] step=  5119  t=21.28563  ResidMax=7.525e-04  DilMax=6.478e-01  dt=4.159e-03
15:47:06.845 [ INFO] step=  5120  t=21.28979  ResidMax=7.505e-04  DilMax=6.478e-01  dt=4.159e-03
15:47:06.883 [ INFO] step=  5121  t=21.29395  ResidMax=7.486e-04  DilMax=6.478e-01  dt=4.159e-03
15:47:06.921 [ INFO] step=  5122  t=21.29811  ResidMax=7.466e-04  DilMax=6.478e-01  dt=4.159e-03
15:47:06.959 [ INFO] step=  5123  t=21.30226  ResidMax=7.446e-04  DilMax=6.478e-01  dt=4.159e-03
15:47:06.997 [ INFO] step=  5124  t=21.30642  ResidMax=7.430e-04  DilMax=6.478e-01  dt=4.159e-03
15:47:07.036 [ INFO] step=  5125  t=21.31058  ResidMax=7.413e-04  DilMax=6.478e-01  dt=4.159e-03
15:47:07.074 [ INFO] step=  5126  t=21.31474  ResidMax=7.396e-04  DilMax=6.478e-01  dt=4.159e-03
15:47:07.111 [ INFO] step=  5127  t=21.31890  ResidMax=7.378e-04  DilMax=6.478e-01  dt=4.159e-03
15:47:07.149 [ INFO] step=  5128  t=21.32306  ResidMax=7.361e-04  DilMax=6.478e-01  dt=4.159e-03
15:47:07.186 [ INFO] step=  5129  t=21.32722  ResidMax=7.344e-04  DilMax=6.478e-01  dt=4.159e-03
15:47:07.224 [ INFO] step=  5130  t=21.33138  ResidMax=7.326e-04  DilMax=6.478e-01  dt=4.159e-03
15:47:07.263 [ INFO] step=  5131  t=21.33553  ResidMax=7.309e-04  DilMax=6.478e-01  dt=4.159e-03
15:47:07.301 [ INFO] step=  5132  t=21.33969  ResidMax=7.291e-04  DilMax=6.478e-01  dt=4.159e-03
15:47:07.339 [ INFO] step=  5133  t=21.34385  ResidMax=7.274e-04  DilMax=6.478e-01  dt=4.159e-03
15:47:07.376 [ INFO] step=  5134  t=21.34801  ResidMax=7.256e-04  DilMax=6.478e-01  dt=4.159e-03
15:47:07.414 [ INFO] step=  5135  t=21.35217  ResidMax=7.238e-04  DilMax=6.478e-01  dt=4.159e-03
15:47:07.451 [ INFO] step=  5136  t=21.35633  ResidMax=7.220e-04  DilMax=6.478e-01  dt=4.159e-03
15:47:07.490 [ INFO] step=  5137  t=21.36049  ResidMax=7.202e-04  DilMax=6.478e-01  dt=4.159e-03
15:47:07.528 [ INFO] step=  5138  t=21.36464  ResidMax=7.184e-04  DilMax=6.478e-01  dt=4.159e-03
15:47:07.566 [ INFO] step=  5139  t=21.36880  ResidMax=7.165e-04  DilMax=6.478e-01  dt=4.159e-03
15:47:07.603 [ INFO] step=  5140  t=21.37296  ResidMax=7.147e-04  DilMax=6.478e-01  dt=4.159e-03
15:47:07.640 [ INFO] step=  5141  t=21.37712  ResidMax=7.129e-04  DilMax=6.478e-01  dt=4.159e-03
15:47:07.678 [ INFO] step=  5142  t=21.38128  ResidMax=7.110e-04  DilMax=6.478e-01  dt=4.159e-03
15:47:07.715 [ INFO] step=  5143  t=21.38544  ResidMax=7.092e-04  DilMax=6.478e-01  dt=4.159e-03
15:47:07.752 [ INFO] step=  5144  t=21.38960  ResidMax=7.073e-04  DilMax=6.478e-01  dt=4.159e-03
15:47:07.789 [ INFO] step=  5145  t=21.39376  ResidMax=7.054e-04  DilMax=6.478e-01  dt=4.159e-03
15:47:07.826 [ INFO] step=  5146  t=21.39791  ResidMax=7.036e-04  DilMax=6.478e-01  dt=4.159e-03
15:47:07.864 [ INFO] step=  5147  t=21.40207  ResidMax=7.017e-04  DilMax=6.478e-01  dt=4.159e-03
15:47:07.919 [ INFO] step=  5148  t=21.40623  ResidMax=6.998e-04  DilMax=6.478e-01  dt=4.159e-03
15:47:07.958 [ INFO] step=  5149  t=21.41039  ResidMax=6.979e-04  DilMax=6.478e-01  dt=4.159e-03
15:47:07.995 [ INFO] step=  5150  t=21.41455  ResidMax=6.960e-04  DilMax=6.478e-01  dt=4.159e-03
15:47:08.033 [ INFO] step=  5151  t=21.41871  ResidMax=6.942e-04  DilMax=6.478e-01  dt=4.159e-03
15:47:08.070 [ INFO] step=  5152  t=21.42287  ResidMax=6.926e-04  DilMax=6.478e-01  dt=4.159e-03
15:47:08.107 [ INFO] step=  5153  t=21.42702  ResidMax=6.910e-04  DilMax=6.478e-01  dt=4.159e-03
15:47:08.145 [ INFO] step=  5154  t=21.43118  ResidMax=6.893e-04  DilMax=6.478e-01  dt=4.159e-03
15:47:08.182 [ INFO] step=  5155  t=21.43534  ResidMax=6.877e-04  DilMax=6.478e-01  dt=4.159e-03
15:47:08.218 [ INFO] step=  5156  t=21.43950  ResidMax=6.860e-04  DilMax=6.478e-01  dt=4.159e-03
15:47:08.255 [ INFO] step=  5157  t=21.44366  ResidMax=6.844e-04  DilMax=6.478e-01  dt=4.159e-03
15:47:08.293 [ INFO] step=  5158  t=21.44782  ResidMax=6.827e-04  DilMax=6.478e-01  dt=4.159e-03
15:47:08.331 [ INFO] step=  5159  t=21.45198  ResidMax=6.810e-04  DilMax=6.478e-01  dt=4.159e-03
15:47:08.368 [ INFO] step=  5160  t=21.45613  ResidMax=6.793e-04  DilMax=6.478e-01  dt=4.159e-03
15:47:08.407 [ INFO] step=  5161  t=21.46029  ResidMax=6.776e-04  DilMax=6.478e-01  dt=4.159e-03
15:47:08.444 [ INFO] step=  5162  t=21.46445  ResidMax=6.759e-04  DilMax=6.478e-01  dt=4.159e-03
15:47:08.483 [ INFO] step=  5163  t=21.46861  ResidMax=6.742e-04  DilMax=6.478e-01  dt=4.159e-03
15:47:08.521 [ INFO] step=  5164  t=21.47277  ResidMax=6.725e-04  DilMax=6.478e-01  dt=4.159e-03
15:47:08.560 [ INFO] step=  5165  t=21.47693  ResidMax=6.708e-04  DilMax=6.478e-01  dt=4.159e-03
15:47:08.598 [ INFO] step=  5166  t=21.48109  ResidMax=6.690e-04  DilMax=6.478e-01  dt=4.159e-03
15:47:08.636 [ INFO] step=  5167  t=21.48525  ResidMax=6.673e-04  DilMax=6.478e-01  dt=4.159e-03
15:47:08.674 [ INFO] step=  5168  t=21.48940  ResidMax=6.655e-04  DilMax=6.478e-01  dt=4.159e-03
15:47:08.713 [ INFO] step=  5169  t=21.49356  ResidMax=6.638e-04  DilMax=6.478e-01  dt=4.159e-03
15:47:08.751 [ INFO] step=  5170  t=21.49772  ResidMax=6.620e-04  DilMax=6.478e-01  dt=4.159e-03
15:47:08.789 [ INFO] step=  5171  t=21.50188  ResidMax=6.602e-04  DilMax=6.478e-01  dt=4.159e-03
15:47:08.828 [ INFO] step=  5172  t=21.50604  ResidMax=6.585e-04  DilMax=6.478e-01  dt=4.159e-03
15:47:08.867 [ INFO] step=  5173  t=21.51020  ResidMax=6.567e-04  DilMax=6.478e-01  dt=4.159e-03
15:47:08.905 [ INFO] step=  5174  t=21.51436  ResidMax=6.549e-04  DilMax=6.478e-01  dt=4.159e-03
15:47:08.944 [ INFO] step=  5175  t=21.51851  ResidMax=6.531e-04  DilMax=6.478e-01  dt=4.159e-03
15:47:08.982 [ INFO] step=  5176  t=21.52267  ResidMax=6.513e-04  DilMax=6.478e-01  dt=4.159e-03
15:47:09.021 [ INFO] step=  5177  t=21.52683  ResidMax=6.494e-04  DilMax=6.478e-01  dt=4.159e-03
15:47:09.059 [ INFO] step=  5178  t=21.53099  ResidMax=6.476e-04  DilMax=6.478e-01  dt=4.159e-03
15:47:09.097 [ INFO] step=  5179  t=21.53515  ResidMax=6.458e-04  DilMax=6.478e-01  dt=4.159e-03
15:47:09.134 [ INFO] step=  5180  t=21.53931  ResidMax=6.442e-04  DilMax=6.478e-01  dt=4.159e-03
15:47:09.173 [ INFO] step=  5181  t=21.54347  ResidMax=6.426e-04  DilMax=6.478e-01  dt=4.159e-03
15:47:09.211 [ INFO] step=  5182  t=21.54763  ResidMax=6.410e-04  DilMax=6.478e-01  dt=4.159e-03
15:47:09.248 [ INFO] step=  5183  t=21.55178  ResidMax=6.395e-04  DilMax=6.478e-01  dt=4.159e-03
15:47:09.286 [ INFO] step=  5184  t=21.55594  ResidMax=6.379e-04  DilMax=6.478e-01  dt=4.159e-03
15:47:09.324 [ INFO] step=  5185  t=21.56010  ResidMax=6.363e-04  DilMax=6.478e-01  dt=4.159e-03
15:47:09.362 [ INFO] step=  5186  t=21.56426  ResidMax=6.347e-04  DilMax=6.478e-01  dt=4.159e-03
15:47:09.399 [ INFO] step=  5187  t=21.56842  ResidMax=6.331e-04  DilMax=6.478e-01  dt=4.159e-03
15:47:09.436 [ INFO] step=  5188  t=21.57258  ResidMax=6.315e-04  DilMax=6.478e-01  dt=4.159e-03
15:47:09.473 [ INFO] step=  5189  t=21.57674  ResidMax=6.299e-04  DilMax=6.478e-01  dt=4.159e-03
15:47:09.510 [ INFO] step=  5190  t=21.58089  ResidMax=6.283e-04  DilMax=6.478e-01  dt=4.159e-03
15:47:09.548 [ INFO] step=  5191  t=21.58505  ResidMax=6.267e-04  DilMax=6.478e-01  dt=4.159e-03
15:47:09.585 [ INFO] step=  5192  t=21.58921  ResidMax=6.251e-04  DilMax=6.478e-01  dt=4.159e-03
15:47:09.622 [ INFO] step=  5193  t=21.59337  ResidMax=6.234e-04  DilMax=6.478e-01  dt=4.159e-03
15:47:09.659 [ INFO] step=  5194  t=21.59753  ResidMax=6.218e-04  DilMax=6.478e-01  dt=4.159e-03
15:47:09.695 [ INFO] step=  5195  t=21.60169  ResidMax=6.201e-04  DilMax=6.478e-01  dt=4.159e-03
15:47:09.732 [ INFO] step=  5196  t=21.60585  ResidMax=6.185e-04  DilMax=6.478e-01  dt=4.159e-03
15:47:09.769 [ INFO] step=  5197  t=21.61001  ResidMax=6.168e-04  DilMax=6.478e-01  dt=4.159e-03
15:47:09.806 [ INFO] step=  5198  t=21.61416  ResidMax=6.151e-04  DilMax=6.478e-01  dt=4.159e-03
15:47:09.843 [ INFO] step=  5199  t=21.61832  ResidMax=6.135e-04  DilMax=6.478e-01  dt=4.159e-03
15:47:09.881 [ INFO] step=  5200  t=21.62248  ResidMax=6.118e-04  DilMax=6.478e-01  dt=4.159e-03
15:47:09.919 [ INFO] step=  5201  t=21.62664  ResidMax=6.101e-04  DilMax=6.478e-01  dt=4.159e-03
15:47:09.956 [ INFO] step=  5202  t=21.63080  ResidMax=6.084e-04  DilMax=6.478e-01  dt=4.159e-03
15:47:09.993 [ INFO] step=  5203  t=21.63496  ResidMax=6.067e-04  DilMax=6.478e-01  dt=4.159e-03
15:47:10.031 [ INFO] step=  5204  t=21.63912  ResidMax=6.050e-04  DilMax=6.478e-01  dt=4.159e-03
15:47:10.067 [ INFO] step=  5205  t=21.64327  ResidMax=6.033e-04  DilMax=6.478e-01  dt=4.159e-03
15:47:10.104 [ INFO] step=  5206  t=21.64743  ResidMax=6.015e-04  DilMax=6.478e-01  dt=4.159e-03
15:47:10.142 [ INFO] step=  5207  t=21.65159  ResidMax=5.998e-04  DilMax=6.478e-01  dt=4.159e-03
15:47:10.178 [ INFO] step=  5208  t=21.65575  ResidMax=5.981e-04  DilMax=6.478e-01  dt=4.159e-03
15:47:10.215 [ INFO] step=  5209  t=21.65991  ResidMax=5.963e-04  DilMax=6.478e-01  dt=4.159e-03
15:47:10.252 [ INFO] step=  5210  t=21.66407  ResidMax=5.947e-04  DilMax=6.478e-01  dt=4.159e-03
15:47:10.289 [ INFO] step=  5211  t=21.66823  ResidMax=5.932e-04  DilMax=6.478e-01  dt=4.159e-03
15:47:10.327 [ INFO] step=  5212  t=21.67238  ResidMax=5.917e-04  DilMax=6.478e-01  dt=4.159e-03
15:47:10.364 [ INFO] step=  5213  t=21.67654  ResidMax=5.902e-04  DilMax=6.478e-01  dt=4.159e-03
15:47:10.401 [ INFO] step=  5214  t=21.68070  ResidMax=5.887e-04  DilMax=6.478e-01  dt=4.159e-03
15:47:10.438 [ INFO] step=  5215  t=21.68486  ResidMax=5.872e-04  DilMax=6.478e-01  dt=4.159e-03
15:47:10.476 [ INFO] step=  5216  t=21.68902  ResidMax=5.857e-04  DilMax=6.478e-01  dt=4.159e-03
15:47:10.513 [ INFO] step=  5217  t=21.69318  ResidMax=5.842e-04  DilMax=6.478e-01  dt=4.159e-03
15:47:10.551 [ INFO] step=  5218  t=21.69734  ResidMax=5.827e-04  DilMax=6.478e-01  dt=4.159e-03
15:47:10.590 [ INFO] step=  5219  t=21.70150  ResidMax=5.812e-04  DilMax=6.478e-01  dt=4.159e-03
15:47:10.628 [ INFO] step=  5220  t=21.70565  ResidMax=5.797e-04  DilMax=6.478e-01  dt=4.159e-03
15:47:10.665 [ INFO] step=  5221  t=21.70981  ResidMax=5.781e-04  DilMax=6.478e-01  dt=4.159e-03
15:47:10.704 [ INFO] step=  5222  t=21.71397  ResidMax=5.766e-04  DilMax=6.478e-01  dt=4.159e-03
15:47:10.742 [ INFO] step=  5223  t=21.71813  ResidMax=5.750e-04  DilMax=6.478e-01  dt=4.159e-03
15:47:10.780 [ INFO] step=  5224  t=21.72229  ResidMax=5.735e-04  DilMax=6.478e-01  dt=4.159e-03
15:47:10.819 [ INFO] step=  5225  t=21.72645  ResidMax=5.719e-04  DilMax=6.478e-01  dt=4.159e-03
15:47:10.857 [ INFO] step=  5226  t=21.73061  ResidMax=5.705e-04  DilMax=6.478e-01  dt=4.159e-03
15:47:10.895 [ INFO] step=  5227  t=21.73476  ResidMax=5.691e-04  DilMax=6.478e-01  dt=4.159e-03
15:47:10.933 [ INFO] step=  5228  t=21.73892  ResidMax=5.677e-04  DilMax=6.478e-01  dt=4.159e-03
15:47:10.971 [ INFO] step=  5229  t=21.74308  ResidMax=5.663e-04  DilMax=6.478e-01  dt=4.159e-03
15:47:11.010 [ INFO] step=  5230  t=21.74724  ResidMax=5.648e-04  DilMax=6.478e-01  dt=4.159e-03
15:47:11.048 [ INFO] step=  5231  t=21.75140  ResidMax=5.634e-04  DilMax=6.478e-01  dt=4.159e-03
15:47:11.086 [ INFO] step=  5232  t=21.75556  ResidMax=5.620e-04  DilMax=6.478e-01  dt=4.159e-03
15:47:11.125 [ INFO] step=  5233  t=21.75972  ResidMax=5.605e-04  DilMax=6.478e-01  dt=4.159e-03
15:47:11.163 [ INFO] step=  5234  t=21.76388  ResidMax=5.591e-04  DilMax=6.478e-01  dt=4.159e-03
15:47:11.201 [ INFO] step=  5235  t=21.76803  ResidMax=5.576e-04  DilMax=6.478e-01  dt=4.159e-03
15:47:11.241 [ INFO] step=  5236  t=21.77219  ResidMax=5.561e-04  DilMax=6.478e-01  dt=4.159e-03
15:47:11.279 [ INFO] step=  5237  t=21.77635  ResidMax=5.547e-04  DilMax=6.478e-01  dt=4.159e-03
15:47:11.317 [ INFO] step=  5238  t=21.78051  ResidMax=5.532e-04  DilMax=6.478e-01  dt=4.159e-03
15:47:11.356 [ INFO] step=  5239  t=21.78467  ResidMax=5.517e-04  DilMax=6.478e-01  dt=4.159e-03
15:47:11.393 [ INFO] step=  5240  t=21.78883  ResidMax=5.502e-04  DilMax=6.478e-01  dt=4.159e-03
15:47:11.432 [ INFO] step=  5241  t=21.79299  ResidMax=5.487e-04  DilMax=6.478e-01  dt=4.159e-03
15:47:11.469 [ INFO] step=  5242  t=21.79714  ResidMax=5.472e-04  DilMax=6.478e-01  dt=4.159e-03
15:47:11.506 [ INFO] step=  5243  t=21.80130  ResidMax=5.457e-04  DilMax=6.478e-01  dt=4.159e-03
15:47:11.544 [ INFO] step=  5244  t=21.80546  ResidMax=5.442e-04  DilMax=6.478e-01  dt=4.159e-03
15:47:11.582 [ INFO] step=  5245  t=21.80962  ResidMax=5.427e-04  DilMax=6.478e-01  dt=4.159e-03
15:47:11.619 [ INFO] step=  5246  t=21.81378  ResidMax=5.412e-04  DilMax=6.478e-01  dt=4.159e-03
15:47:11.655 [ INFO] step=  5247  t=21.81794  ResidMax=5.397e-04  DilMax=6.478e-01  dt=4.159e-03
15:47:11.693 [ INFO] step=  5248  t=21.82210  ResidMax=5.381e-04  DilMax=6.478e-01  dt=4.159e-03
15:47:11.730 [ INFO] step=  5249  t=21.82626  ResidMax=5.366e-04  DilMax=6.478e-01  dt=4.159e-03
15:47:11.766 [ INFO] step=  5250  t=21.83041  ResidMax=5.351e-04  DilMax=6.478e-01  dt=4.159e-03
15:47:11.803 [ INFO] step=  5251  t=21.83457  ResidMax=5.335e-04  DilMax=6.478e-01  dt=4.159e-03
15:47:11.841 [ INFO] step=  5252  t=21.83873  ResidMax=5.321e-04  DilMax=6.478e-01  dt=4.159e-03
15:47:11.925 [ INFO] step=  5253  t=21.84289  ResidMax=5.308e-04  DilMax=6.478e-01  dt=4.159e-03
15:47:11.963 [ INFO] step=  5254  t=21.84705  ResidMax=5.295e-04  DilMax=6.478e-01  dt=4.159e-03
15:47:12.000 [ INFO] step=  5255  t=21.85121  ResidMax=5.282e-04  DilMax=6.478e-01  dt=4.159e-03
15:47:12.037 [ INFO] step=  5256  t=21.85537  ResidMax=5.269e-04  DilMax=6.478e-01  dt=4.159e-03
15:47:12.075 [ INFO] step=  5257  t=21.85952  ResidMax=5.256e-04  DilMax=6.478e-01  dt=4.159e-03
15:47:12.112 [ INFO] step=  5258  t=21.86368  ResidMax=5.243e-04  DilMax=6.478e-01  dt=4.159e-03
15:47:12.149 [ INFO] step=  5259  t=21.86784  ResidMax=5.230e-04  DilMax=6.478e-01  dt=4.159e-03
15:47:12.186 [ INFO] step=  5260  t=21.87200  ResidMax=5.216e-04  DilMax=6.478e-01  dt=4.159e-03
15:47:12.223 [ INFO] step=  5261  t=21.87616  ResidMax=5.203e-04  DilMax=6.478e-01  dt=4.159e-03
15:47:12.261 [ INFO] step=  5262  t=21.88032  ResidMax=5.190e-04  DilMax=6.478e-01  dt=4.159e-03
15:47:12.298 [ INFO] step=  5263  t=21.88448  ResidMax=5.176e-04  DilMax=6.478e-01  dt=4.159e-03
15:47:12.337 [ INFO] step=  5264  t=21.88864  ResidMax=5.163e-04  DilMax=6.478e-01  dt=4.159e-03
15:47:12.375 [ INFO] step=  5265  t=21.89279  ResidMax=5.149e-04  DilMax=6.478e-01  dt=4.159e-03
15:47:12.412 [ INFO] step=  5266  t=21.89695  ResidMax=5.135e-04  DilMax=6.478e-01  dt=4.159e-03
15:47:12.448 [ INFO] step=  5267  t=21.90111  ResidMax=5.122e-04  DilMax=6.478e-01  dt=4.159e-03
15:47:12.485 [ INFO] step=  5268  t=21.90527  ResidMax=5.108e-04  DilMax=6.478e-01  dt=4.159e-03
15:47:12.522 [ INFO] step=  5269  t=21.90943  ResidMax=5.094e-04  DilMax=6.478e-01  dt=4.159e-03
15:47:12.559 [ INFO] step=  5270  t=21.91359  ResidMax=5.080e-04  DilMax=6.478e-01  dt=4.159e-03
15:47:12.597 [ INFO] step=  5271  t=21.91775  ResidMax=5.067e-04  DilMax=6.478e-01  dt=4.159e-03
15:47:12.636 [ INFO] step=  5272  t=21.92190  ResidMax=5.053e-04  DilMax=6.478e-01  dt=4.159e-03
15:47:12.674 [ INFO] step=  5273  t=21.92606  ResidMax=5.039e-04  DilMax=6.478e-01  dt=4.159e-03
15:47:12.712 [ INFO] step=  5274  t=21.93022  ResidMax=5.025e-04  DilMax=6.478e-01  dt=4.159e-03
15:47:12.750 [ INFO] step=  5275  t=21.93438  ResidMax=5.011e-04  DilMax=6.478e-01  dt=4.159e-03
15:47:12.789 [ INFO] step=  5276  t=21.93854  ResidMax=4.997e-04  DilMax=6.478e-01  dt=4.159e-03
15:47:12.827 [ INFO] step=  5277  t=21.94270  ResidMax=4.982e-04  DilMax=6.478e-01  dt=4.159e-03
15:47:12.866 [ INFO] step=  5278  t=21.94686  ResidMax=4.968e-04  DilMax=6.478e-01  dt=4.159e-03
15:47:12.904 [ INFO] step=  5279  t=21.95101  ResidMax=4.954e-04  DilMax=6.478e-01  dt=4.159e-03
15:47:12.942 [ INFO] step=  5280  t=21.95517  ResidMax=4.940e-04  DilMax=6.478e-01  dt=4.159e-03
15:47:12.981 [ INFO] step=  5281  t=21.95933  ResidMax=4.926e-04  DilMax=6.478e-01  dt=4.159e-03
15:47:13.021 [ INFO] step=  5282  t=21.96349  ResidMax=4.911e-04  DilMax=6.478e-01  dt=4.159e-03
15:47:13.059 [ INFO] step=  5283  t=21.96765  ResidMax=4.897e-04  DilMax=6.478e-01  dt=4.159e-03
15:47:13.097 [ INFO] step=  5284  t=21.97181  ResidMax=4.882e-04  DilMax=6.478e-01  dt=4.159e-03
15:47:13.135 [ INFO] step=  5285  t=21.97597  ResidMax=4.868e-04  DilMax=6.478e-01  dt=4.159e-03
15:47:13.173 [ INFO] step=  5286  t=21.98013  ResidMax=4.853e-04  DilMax=6.478e-01  dt=4.159e-03
15:47:13.212 [ INFO] step=  5287  t=21.98428  ResidMax=4.839e-04  DilMax=6.478e-01  dt=4.159e-03
15:47:13.250 [ INFO] step=  5288  t=21.98844  ResidMax=4.825e-04  DilMax=6.478e-01  dt=4.159e-03
15:47:13.288 [ INFO] step=  5289  t=21.99260  ResidMax=4.813e-04  DilMax=6.478e-01  dt=4.159e-03
15:47:13.326 [ INFO] step=  5290  t=21.99676  ResidMax=4.800e-04  DilMax=6.478e-01  dt=4.159e-03
15:47:13.365 [ INFO] step=  5291  t=22.00092  ResidMax=4.788e-04  DilMax=6.478e-01  dt=4.159e-03
15:47:13.403 [ INFO] step=  5292  t=22.00508  ResidMax=4.776e-04  DilMax=6.478e-01  dt=4.159e-03
15:47:13.440 [ INFO] step=  5293  t=22.00924  ResidMax=4.763e-04  DilMax=6.478e-01  dt=4.159e-03
15:47:13.478 [ INFO] step=  5294  t=22.01339  ResidMax=4.751e-04  DilMax=6.478e-01  dt=4.159e-03
15:47:13.516 [ INFO] step=  5295  t=22.01755  ResidMax=4.738e-04  DilMax=6.478e-01  dt=4.159e-03
15:47:13.552 [ INFO] step=  5296  t=22.02171  ResidMax=4.726e-04  DilMax=6.478e-01  dt=4.159e-03
15:47:13.590 [ INFO] step=  5297  t=22.02587  ResidMax=4.713e-04  DilMax=6.478e-01  dt=4.159e-03
15:47:13.627 [ INFO] step=  5298  t=22.03003  ResidMax=4.700e-04  DilMax=6.478e-01  dt=4.159e-03
15:47:13.664 [ INFO] step=  5299  t=22.03419  ResidMax=4.688e-04  DilMax=6.478e-01  dt=4.159e-03
15:47:13.701 [ INFO] step=  5300  t=22.03835  ResidMax=4.675e-04  DilMax=6.478e-01  dt=4.159e-03
15:47:13.738 [ INFO] step=  5301  t=22.04251  ResidMax=4.662e-04  DilMax=6.478e-01  dt=4.159e-03
15:47:13.776 [ INFO] step=  5302  t=22.04666  ResidMax=4.649e-04  DilMax=6.478e-01  dt=4.159e-03
15:47:13.813 [ INFO] step=  5303  t=22.05082  ResidMax=4.636e-04  DilMax=6.478e-01  dt=4.159e-03
15:47:13.851 [ INFO] step=  5304  t=22.05498  ResidMax=4.623e-04  DilMax=6.478e-01  dt=4.159e-03
15:47:13.888 [ INFO] step=  5305  t=22.05914  ResidMax=4.610e-04  DilMax=6.478e-01  dt=4.159e-03
15:47:13.924 [ INFO] step=  5306  t=22.06330  ResidMax=4.598e-04  DilMax=6.478e-01  dt=4.159e-03
15:47:13.961 [ INFO] step=  5307  t=22.06746  ResidMax=4.584e-04  DilMax=6.478e-01  dt=4.159e-03
15:47:13.998 [ INFO] step=  5308  t=22.07162  ResidMax=4.571e-04  DilMax=6.478e-01  dt=4.159e-03
15:47:14.034 [ INFO] step=  5309  t=22.07577  ResidMax=4.558e-04  DilMax=6.478e-01  dt=4.159e-03
15:47:14.072 [ INFO] step=  5310  t=22.07993  ResidMax=4.545e-04  DilMax=6.478e-01  dt=4.159e-03
15:47:14.110 [ INFO] step=  5311  t=22.08409  ResidMax=4.532e-04  DilMax=6.478e-01  dt=4.159e-03
15:47:14.147 [ INFO] step=  5312  t=22.08825  ResidMax=4.519e-04  DilMax=6.478e-01  dt=4.159e-03
15:47:14.183 [ INFO] step=  5313  t=22.09241  ResidMax=4.506e-04  DilMax=6.478e-01  dt=4.159e-03
15:47:14.220 [ INFO] step=  5314  t=22.09657  ResidMax=4.492e-04  DilMax=6.478e-01  dt=4.159e-03
15:47:14.257 [ INFO] step=  5315  t=22.10073  ResidMax=4.479e-04  DilMax=6.478e-01  dt=4.159e-03
15:47:14.296 [ INFO] step=  5316  t=22.10489  ResidMax=4.466e-04  DilMax=6.478e-01  dt=4.159e-03
15:47:14.334 [ INFO] step=  5317  t=22.10904  ResidMax=4.452e-04  DilMax=6.478e-01  dt=4.159e-03
15:47:14.373 [ INFO] step=  5318  t=22.11320  ResidMax=4.439e-04  DilMax=6.478e-01  dt=4.159e-03
15:47:14.411 [ INFO] step=  5319  t=22.11736  ResidMax=4.425e-04  DilMax=6.478e-01  dt=4.159e-03
15:47:14.449 [ INFO] step=  5320  t=22.12152  ResidMax=4.412e-04  DilMax=6.478e-01  dt=4.159e-03
15:47:14.487 [ INFO] step=  5321  t=22.12568  ResidMax=4.398e-04  DilMax=6.478e-01  dt=4.159e-03
15:47:14.525 [ INFO] step=  5322  t=22.12984  ResidMax=4.385e-04  DilMax=6.478e-01  dt=4.159e-03
15:47:14.564 [ INFO] step=  5323  t=22.13400  ResidMax=4.371e-04  DilMax=6.478e-01  dt=4.159e-03
15:47:14.602 [ INFO] step=  5324  t=22.13815  ResidMax=4.358e-04  DilMax=6.478e-01  dt=4.159e-03
15:47:14.641 [ INFO] step=  5325  t=22.14231  ResidMax=4.344e-04  DilMax=6.478e-01  dt=4.159e-03
15:47:14.679 [ INFO] step=  5326  t=22.14647  ResidMax=4.331e-04  DilMax=6.478e-01  dt=4.159e-03
15:47:14.717 [ INFO] step=  5327  t=22.15063  ResidMax=4.319e-04  DilMax=6.478e-01  dt=4.159e-03
15:47:14.755 [ INFO] step=  5328  t=22.15479  ResidMax=4.307e-04  DilMax=6.478e-01  dt=4.159e-03
15:47:14.793 [ INFO] step=  5329  t=22.15895  ResidMax=4.296e-04  DilMax=6.478e-01  dt=4.159e-03
15:47:14.831 [ INFO] step=  5330  t=22.16311  ResidMax=4.284e-04  DilMax=6.478e-01  dt=4.159e-03
15:47:14.870 [ INFO] step=  5331  t=22.16727  ResidMax=4.272e-04  DilMax=6.478e-01  dt=4.159e-03
15:47:14.908 [ INFO] step=  5332  t=22.17142  ResidMax=4.261e-04  DilMax=6.478e-01  dt=4.159e-03
15:47:14.946 [ INFO] step=  5333  t=22.17558  ResidMax=4.249e-04  DilMax=6.478e-01  dt=4.159e-03
15:47:14.984 [ INFO] step=  5334  t=22.17974  ResidMax=4.237e-04  DilMax=6.478e-01  dt=4.159e-03
15:47:15.023 [ INFO] step=  5335  t=22.18390  ResidMax=4.225e-04  DilMax=6.478e-01  dt=4.159e-03
15:47:15.060 [ INFO] step=  5336  t=22.18806  ResidMax=4.213e-04  DilMax=6.478e-01  dt=4.159e-03
15:47:15.098 [ INFO] step=  5337  t=22.19222  ResidMax=4.201e-04  DilMax=6.478e-01  dt=4.159e-03
15:47:15.136 [ INFO] step=  5338  t=22.19638  ResidMax=4.190e-04  DilMax=6.478e-01  dt=4.159e-03
15:47:15.174 [ INFO] step=  5339  t=22.20053  ResidMax=4.178e-04  DilMax=6.478e-01  dt=4.159e-03
15:47:15.212 [ INFO] step=  5340  t=22.20469  ResidMax=4.166e-04  DilMax=6.478e-01  dt=4.159e-03
15:47:15.249 [ INFO] step=  5341  t=22.20885  ResidMax=4.153e-04  DilMax=6.478e-01  dt=4.159e-03
15:47:15.287 [ INFO] step=  5342  t=22.21301  ResidMax=4.141e-04  DilMax=6.478e-01  dt=4.159e-03
15:47:15.325 [ INFO] step=  5343  t=22.21717  ResidMax=4.129e-04  DilMax=6.478e-01  dt=4.159e-03
15:47:15.361 [ INFO] step=  5344  t=22.22133  ResidMax=4.117e-04  DilMax=6.478e-01  dt=4.159e-03
15:47:15.398 [ INFO] step=  5345  t=22.22549  ResidMax=4.105e-04  DilMax=6.478e-01  dt=4.159e-03
15:47:15.435 [ INFO] step=  5346  t=22.22965  ResidMax=4.093e-04  DilMax=6.478e-01  dt=4.159e-03
15:47:15.472 [ INFO] step=  5347  t=22.23380  ResidMax=4.080e-04  DilMax=6.478e-01  dt=4.159e-03
15:47:15.509 [ INFO] step=  5348  t=22.23796  ResidMax=4.068e-04  DilMax=6.478e-01  dt=4.159e-03
15:47:15.546 [ INFO] step=  5349  t=22.24212  ResidMax=4.056e-04  DilMax=6.478e-01  dt=4.159e-03
15:47:15.584 [ INFO] step=  5350  t=22.24628  ResidMax=4.044e-04  DilMax=6.478e-01  dt=4.159e-03
15:47:15.621 [ INFO] step=  5351  t=22.25044  ResidMax=4.031e-04  DilMax=6.478e-01  dt=4.159e-03
15:47:15.658 [ INFO] step=  5352  t=22.25460  ResidMax=4.019e-04  DilMax=6.478e-01  dt=4.159e-03
15:47:15.695 [ INFO] step=  5353  t=22.25876  ResidMax=4.006e-04  DilMax=6.478e-01  dt=4.159e-03
15:47:15.732 [ INFO] step=  5354  t=22.26291  ResidMax=3.994e-04  DilMax=6.478e-01  dt=4.159e-03
15:47:15.769 [ INFO] step=  5355  t=22.26707  ResidMax=3.982e-04  DilMax=6.478e-01  dt=4.159e-03
15:47:15.806 [ INFO] step=  5356  t=22.27123  ResidMax=3.969e-04  DilMax=6.478e-01  dt=4.159e-03
15:47:15.846 [ INFO] step=  5357  t=22.27539  ResidMax=3.956e-04  DilMax=6.478e-01  dt=4.159e-03
15:47:15.931 [ INFO] step=  5358  t=22.27955  ResidMax=3.944e-04  DilMax=6.478e-01  dt=4.159e-03
15:47:15.968 [ INFO] step=  5359  t=22.28371  ResidMax=3.931e-04  DilMax=6.478e-01  dt=4.159e-03
15:47:16.005 [ INFO] step=  5360  t=22.28787  ResidMax=3.919e-04  DilMax=6.478e-01  dt=4.159e-03
15:47:16.042 [ INFO] step=  5361  t=22.29202  ResidMax=3.906e-04  DilMax=6.478e-01  dt=4.159e-03
15:47:16.079 [ INFO] step=  5362  t=22.29618  ResidMax=3.893e-04  DilMax=6.478e-01  dt=4.159e-03
15:47:16.116 [ INFO] step=  5363  t=22.30034  ResidMax=3.881e-04  DilMax=6.478e-01  dt=4.159e-03
15:47:16.154 [ INFO] step=  5364  t=22.30450  ResidMax=3.868e-04  DilMax=6.478e-01  dt=4.159e-03
15:47:16.190 [ INFO] step=  5365  t=22.30866  ResidMax=3.855e-04  DilMax=6.478e-01  dt=4.159e-03
15:47:16.228 [ INFO] step=  5366  t=22.31282  ResidMax=3.843e-04  DilMax=6.478e-01  dt=4.159e-03
15:47:16.265 [ INFO] step=  5367  t=22.31698  ResidMax=3.837e-04  DilMax=6.478e-01  dt=4.159e-03
15:47:16.303 [ INFO] step=  5368  t=22.32114  ResidMax=3.833e-04  DilMax=6.478e-01  dt=4.159e-03
15:47:16.342 [ INFO] step=  5369  t=22.32529  ResidMax=3.829e-04  DilMax=6.478e-01  dt=4.159e-03
15:47:16.380 [ INFO] step=  5370  t=22.32945  ResidMax=3.825e-04  DilMax=6.478e-01  dt=4.159e-03
15:47:16.418 [ INFO] step=  5371  t=22.33361  ResidMax=3.821e-04  DilMax=6.478e-01  dt=4.159e-03
15:47:16.457 [ INFO] step=  5372  t=22.33777  ResidMax=3.817e-04  DilMax=6.478e-01  dt=4.159e-03
15:47:16.495 [ INFO] step=  5373  t=22.34193  ResidMax=3.813e-04  DilMax=6.478e-01  dt=4.159e-03
15:47:16.534 [ INFO] step=  5374  t=22.34609  ResidMax=3.810e-04  DilMax=6.478e-01  dt=4.159e-03
15:47:16.572 [ INFO] step=  5375  t=22.35025  ResidMax=3.806e-04  DilMax=6.478e-01  dt=4.159e-03
15:47:16.610 [ INFO] step=  5376  t=22.35440  ResidMax=3.802e-04  DilMax=6.478e-01  dt=4.159e-03
15:47:16.648 [ INFO] step=  5377  t=22.35856  ResidMax=3.798e-04  DilMax=6.478e-01  dt=4.159e-03
15:47:16.686 [ INFO] step=  5378  t=22.36272  ResidMax=3.794e-04  DilMax=6.478e-01  dt=4.159e-03
15:47:16.724 [ INFO] step=  5379  t=22.36688  ResidMax=3.790e-04  DilMax=6.478e-01  dt=4.159e-03
15:47:16.763 [ INFO] step=  5380  t=22.37104  ResidMax=3.786e-04  DilMax=6.478e-01  dt=4.159e-03
15:47:16.801 [ INFO] step=  5381  t=22.37520  ResidMax=3.782e-04  DilMax=6.478e-01  dt=4.159e-03
15:47:16.840 [ INFO] step=  5382  t=22.37936  ResidMax=3.779e-04  DilMax=6.478e-01  dt=4.159e-03
15:47:16.878 [ INFO] step=  5383  t=22.38352  ResidMax=3.775e-04  DilMax=6.478e-01  dt=4.159e-03
15:47:16.917 [ INFO] step=  5384  t=22.38767  ResidMax=3.772e-04  DilMax=6.478e-01  dt=4.159e-03
15:47:16.955 [ INFO] step=  5385  t=22.39183  ResidMax=3.768e-04  DilMax=6.478e-01  dt=4.159e-03
15:47:16.993 [ INFO] step=  5386  t=22.39599  ResidMax=3.764e-04  DilMax=6.478e-01  dt=4.159e-03
15:47:17.033 [ INFO] step=  5387  t=22.40015  ResidMax=3.760e-04  DilMax=6.478e-01  dt=4.159e-03
15:47:17.072 [ INFO] step=  5388  t=22.40431  ResidMax=3.757e-04  DilMax=6.478e-01  dt=4.159e-03
15:47:17.111 [ INFO] step=  5389  t=22.40847  ResidMax=3.753e-04  DilMax=6.478e-01  dt=4.159e-03
15:47:17.148 [ INFO] step=  5390  t=22.41263  ResidMax=3.749e-04  DilMax=6.478e-01  dt=4.159e-03
15:47:17.185 [ INFO] step=  5391  t=22.41678  ResidMax=3.746e-04  DilMax=6.478e-01  dt=4.159e-03
15:47:17.223 [ INFO] step=  5392  t=22.42094  ResidMax=3.742e-04  DilMax=6.478e-01  dt=4.159e-03
15:47:17.260 [ INFO] step=  5393  t=22.42510  ResidMax=3.739e-04  DilMax=6.478e-01  dt=4.159e-03
15:47:17.297 [ INFO] step=  5394  t=22.42926  ResidMax=3.735e-04  DilMax=6.478e-01  dt=4.159e-03
15:47:17.334 [ INFO] step=  5395  t=22.43342  ResidMax=3.731e-04  DilMax=6.478e-01  dt=4.159e-03
15:47:17.371 [ INFO] step=  5396  t=22.43758  ResidMax=3.728e-04  DilMax=6.478e-01  dt=4.159e-03
15:47:17.408 [ INFO] step=  5397  t=22.44174  ResidMax=3.724e-04  DilMax=6.478e-01  dt=4.159e-03
15:47:17.444 [ INFO] step=  5398  t=22.44590  ResidMax=3.720e-04  DilMax=6.478e-01  dt=4.159e-03
15:47:17.481 [ INFO] step=  5399  t=22.45005  ResidMax=3.717e-04  DilMax=6.478e-01  dt=4.159e-03
15:47:17.518 [ INFO] step=  5400  t=22.45421  ResidMax=3.714e-04  DilMax=6.478e-01  dt=4.159e-03
15:47:17.555 [ INFO] step=  5401  t=22.45837  ResidMax=3.710e-04  DilMax=6.478e-01  dt=4.159e-03
15:47:17.593 [ INFO] step=  5402  t=22.46253  ResidMax=3.707e-04  DilMax=6.478e-01  dt=4.159e-03
15:47:17.630 [ INFO] step=  5403  t=22.46669  ResidMax=3.703e-04  DilMax=6.478e-01  dt=4.159e-03
15:47:17.666 [ INFO] step=  5404  t=22.47085  ResidMax=3.699e-04  DilMax=6.478e-01  dt=4.159e-03
15:47:17.704 [ INFO] step=  5405  t=22.47501  ResidMax=3.695e-04  DilMax=6.478e-01  dt=4.159e-03
15:47:17.741 [ INFO] step=  5406  t=22.47916  ResidMax=3.692e-04  DilMax=6.478e-01  dt=4.159e-03
15:47:17.778 [ INFO] step=  5407  t=22.48332  ResidMax=3.689e-04  DilMax=6.478e-01  dt=4.159e-03
15:47:17.816 [ INFO] step=  5408  t=22.48748  ResidMax=3.686e-04  DilMax=6.478e-01  dt=4.159e-03
15:47:17.854 [ INFO] step=  5409  t=22.49164  ResidMax=3.682e-04  DilMax=6.478e-01  dt=4.159e-03
15:47:17.890 [ INFO] step=  5410  t=22.49580  ResidMax=3.679e-04  DilMax=6.478e-01  dt=4.159e-03
15:47:17.927 [ INFO] step=  5411  t=22.49996  ResidMax=3.675e-04  DilMax=6.478e-01  dt=4.159e-03
15:47:17.964 [ INFO] step=  5412  t=22.50412  ResidMax=3.672e-04  DilMax=6.478e-01  dt=4.159e-03
15:47:18.001 [ INFO] step=  5413  t=22.50828  ResidMax=3.668e-04  DilMax=6.478e-01  dt=4.159e-03
15:47:18.039 [ INFO] step=  5414  t=22.51243  ResidMax=3.665e-04  DilMax=6.478e-01  dt=4.159e-03
15:47:18.075 [ INFO] step=  5415  t=22.51659  ResidMax=3.662e-04  DilMax=6.478e-01  dt=4.159e-03
15:47:18.113 [ INFO] step=  5416  t=22.52075  ResidMax=3.659e-04  DilMax=6.478e-01  dt=4.159e-03
15:47:18.151 [ INFO] step=  5417  t=22.52491  ResidMax=3.655e-04  DilMax=6.478e-01  dt=4.159e-03
15:47:18.187 [ INFO] step=  5418  t=22.52907  ResidMax=3.652e-04  DilMax=6.478e-01  dt=4.159e-03
15:47:18.225 [ INFO] step=  5419  t=22.53323  ResidMax=3.649e-04  DilMax=6.478e-01  dt=4.159e-03
15:47:18.262 [ INFO] step=  5420  t=22.53739  ResidMax=3.645e-04  DilMax=6.478e-01  dt=4.159e-03
15:47:18.299 [ INFO] step=  5421  t=22.54154  ResidMax=3.642e-04  DilMax=6.478e-01  dt=4.159e-03
15:47:18.338 [ INFO] step=  5422  t=22.54570  ResidMax=3.639e-04  DilMax=6.478e-01  dt=4.159e-03
15:47:18.375 [ INFO] step=  5423  t=22.54986  ResidMax=3.636e-04  DilMax=6.478e-01  dt=4.159e-03
15:47:18.412 [ INFO] step=  5424  t=22.55402  ResidMax=3.632e-04  DilMax=6.478e-01  dt=4.159e-03
15:47:18.450 [ INFO] step=  5425  t=22.55818  ResidMax=3.629e-04  DilMax=6.478e-01  dt=4.159e-03
15:47:18.487 [ INFO] step=  5426  t=22.56234  ResidMax=3.626e-04  DilMax=6.478e-01  dt=4.159e-03
15:47:18.525 [ INFO] step=  5427  t=22.56650  ResidMax=3.623e-04  DilMax=6.478e-01  dt=4.159e-03
15:47:18.562 [ INFO] step=  5428  t=22.57066  ResidMax=3.619e-04  DilMax=6.478e-01  dt=4.159e-03
15:47:18.599 [ INFO] step=  5429  t=22.57481  ResidMax=3.616e-04  DilMax=6.478e-01  dt=4.159e-03
15:47:18.637 [ INFO] step=  5430  t=22.57897  ResidMax=3.613e-04  DilMax=6.478e-01  dt=4.159e-03
15:47:18.674 [ INFO] step=  5431  t=22.58313  ResidMax=3.610e-04  DilMax=6.478e-01  dt=4.159e-03
15:47:18.712 [ INFO] step=  5432  t=22.58729  ResidMax=3.607e-04  DilMax=6.478e-01  dt=4.159e-03
15:47:18.750 [ INFO] step=  5433  t=22.59145  ResidMax=3.604e-04  DilMax=6.478e-01  dt=4.159e-03
15:47:18.787 [ INFO] step=  5434  t=22.59561  ResidMax=3.601e-04  DilMax=6.478e-01  dt=4.159e-03
15:47:18.824 [ INFO] step=  5435  t=22.59977  ResidMax=3.598e-04  DilMax=6.478e-01  dt=4.159e-03
15:47:18.863 [ INFO] step=  5436  t=22.60392  ResidMax=3.594e-04  DilMax=6.478e-01  dt=4.159e-03
15:47:18.900 [ INFO] step=  5437  t=22.60808  ResidMax=3.591e-04  DilMax=6.478e-01  dt=4.159e-03
15:47:18.938 [ INFO] step=  5438  t=22.61224  ResidMax=3.589e-04  DilMax=6.478e-01  dt=4.159e-03
15:47:18.976 [ INFO] step=  5439  t=22.61640  ResidMax=3.586e-04  DilMax=6.478e-01  dt=4.159e-03
15:47:19.014 [ INFO] step=  5440  t=22.62056  ResidMax=3.583e-04  DilMax=6.478e-01  dt=4.159e-03
15:47:19.051 [ INFO] step=  5441  t=22.62472  ResidMax=3.580e-04  DilMax=6.478e-01  dt=4.159e-03
15:47:19.088 [ INFO] step=  5442  t=22.62888  ResidMax=3.577e-04  DilMax=6.478e-01  dt=4.159e-03
15:47:19.126 [ INFO] step=  5443  t=22.63304  ResidMax=3.574e-04  DilMax=6.478e-01  dt=4.159e-03
15:47:19.163 [ INFO] step=  5444  t=22.63719  ResidMax=3.570e-04  DilMax=6.478e-01  dt=4.159e-03
15:47:19.199 [ INFO] step=  5445  t=22.64135  ResidMax=3.568e-04  DilMax=6.478e-01  dt=4.159e-03
15:47:19.236 [ INFO] step=  5446  t=22.64551  ResidMax=3.565e-04  DilMax=6.478e-01  dt=4.159e-03
15:47:19.273 [ INFO] step=  5447  t=22.64967  ResidMax=3.562e-04  DilMax=6.478e-01  dt=4.159e-03
15:47:19.310 [ INFO] step=  5448  t=22.65383  ResidMax=3.559e-04  DilMax=6.478e-01  dt=4.159e-03
15:47:19.348 [ INFO] step=  5449  t=22.65799  ResidMax=3.556e-04  DilMax=6.478e-01  dt=4.159e-03
15:47:19.384 [ INFO] step=  5450  t=22.66215  ResidMax=3.553e-04  DilMax=6.478e-01  dt=4.159e-03
15:47:19.421 [ INFO] step=  5451  t=22.66630  ResidMax=3.550e-04  DilMax=6.478e-01  dt=4.159e-03
15:47:19.458 [ INFO] step=  5452  t=22.67046  ResidMax=3.547e-04  DilMax=6.478e-01  dt=4.159e-03
15:47:19.495 [ INFO] step=  5453  t=22.67462  ResidMax=3.545e-04  DilMax=6.478e-01  dt=4.159e-03
15:47:19.533 [ INFO] step=  5454  t=22.67878  ResidMax=3.542e-04  DilMax=6.478e-01  dt=4.159e-03
15:47:19.571 [ INFO] step=  5455  t=22.68294  ResidMax=3.539e-04  DilMax=6.478e-01  dt=4.159e-03
15:47:19.607 [ INFO] step=  5456  t=22.68710  ResidMax=3.537e-04  DilMax=6.478e-01  dt=4.159e-03
15:47:19.644 [ INFO] step=  5457  t=22.69126  ResidMax=3.534e-04  DilMax=6.478e-01  dt=4.159e-03
15:47:19.682 [ INFO] step=  5458  t=22.69542  ResidMax=3.531e-04  DilMax=6.478e-01  dt=4.159e-03
15:47:19.719 [ INFO] step=  5459  t=22.69957  ResidMax=3.528e-04  DilMax=6.478e-01  dt=4.159e-03
15:47:19.756 [ INFO] step=  5460  t=22.70373  ResidMax=3.526e-04  DilMax=6.479e-01  dt=4.159e-03
15:47:19.793 [ INFO] step=  5461  t=22.70789  ResidMax=3.523e-04  DilMax=6.479e-01  dt=4.159e-03
15:47:19.831 [ INFO] step=  5462  t=22.71205  ResidMax=3.520e-04  DilMax=6.479e-01  dt=4.159e-03
15:47:19.869 [ INFO] step=  5463  t=22.71621  ResidMax=3.518e-04  DilMax=6.479e-01  dt=4.159e-03
15:47:19.924 [ INFO] step=  5464  t=22.72037  ResidMax=3.515e-04  DilMax=6.479e-01  dt=4.159e-03
15:47:19.961 [ INFO] step=  5465  t=22.72453  ResidMax=3.512e-04  DilMax=6.479e-01  dt=4.159e-03
15:47:19.998 [ INFO] step=  5466  t=22.72868  ResidMax=3.509e-04  DilMax=6.479e-01  dt=4.159e-03
15:47:20.035 [ INFO] step=  5467  t=22.73284  ResidMax=3.507e-04  DilMax=6.479e-01  dt=4.159e-03
15:47:20.073 [ INFO] step=  5468  t=22.73700  ResidMax=3.505e-04  DilMax=6.479e-01  dt=4.159e-03
15:47:20.110 [ INFO] step=  5469  t=22.74116  ResidMax=3.502e-04  DilMax=6.479e-01  dt=4.159e-03
15:47:20.149 [ INFO] step=  5470  t=22.74532  ResidMax=3.500e-04  DilMax=6.479e-01  dt=4.159e-03
15:47:20.186 [ INFO] step=  5471  t=22.74948  ResidMax=3.497e-04  DilMax=6.479e-01  dt=4.159e-03
15:47:20.224 [ INFO] step=  5472  t=22.75364  ResidMax=3.494e-04  DilMax=6.479e-01  dt=4.159e-03
15:47:20.261 [ INFO] step=  5473  t=22.75779  ResidMax=3.491e-04  DilMax=6.479e-01  dt=4.159e-03
15:47:20.298 [ INFO] step=  5474  t=22.76195  ResidMax=3.489e-04  DilMax=6.479e-01  dt=4.159e-03
15:47:20.336 [ INFO] step=  5475  t=22.76611  ResidMax=3.487e-04  DilMax=6.479e-01  dt=4.159e-03
15:47:20.373 [ INFO] step=  5476  t=22.77027  ResidMax=3.485e-04  DilMax=6.479e-01  dt=4.159e-03
15:47:20.410 [ INFO] step=  5477  t=22.77443  ResidMax=3.482e-04  DilMax=6.479e-01  dt=4.159e-03
15:47:20.447 [ INFO] step=  5478  t=22.77859  ResidMax=3.480e-04  DilMax=6.479e-01  dt=4.159e-03
15:47:20.485 [ INFO] step=  5479  t=22.78275  ResidMax=3.477e-04  DilMax=6.479e-01  dt=4.159e-03
15:47:20.522 [ INFO] step=  5480  t=22.78691  ResidMax=3.474e-04  DilMax=6.479e-01  dt=4.159e-03
15:47:20.559 [ INFO] step=  5481  t=22.79106  ResidMax=3.472e-04  DilMax=6.479e-01  dt=4.159e-03
15:47:20.599 [ INFO] step=  5482  t=22.79522  ResidMax=3.470e-04  DilMax=6.479e-01  dt=4.159e-03
15:47:20.636 [ INFO] step=  5483  t=22.79938  ResidMax=3.468e-04  DilMax=6.479e-01  dt=4.159e-03
15:47:20.673 [ INFO] step=  5484  t=22.80354  ResidMax=3.465e-04  DilMax=6.479e-01  dt=4.159e-03
15:47:20.711 [ INFO] step=  5485  t=22.80770  ResidMax=3.463e-04  DilMax=6.479e-01  dt=4.159e-03
15:47:20.750 [ INFO] step=  5486  t=22.81186  ResidMax=3.461e-04  DilMax=6.479e-01  dt=4.159e-03
15:47:20.788 [ INFO] step=  5487  t=22.81602  ResidMax=3.458e-04  DilMax=6.479e-01  dt=4.159e-03
15:47:20.825 [ INFO] step=  5488  t=22.82017  ResidMax=3.456e-04  DilMax=6.479e-01  dt=4.159e-03
15:47:20.863 [ INFO] step=  5489  t=22.82433  ResidMax=3.454e-04  DilMax=6.479e-01  dt=4.159e-03
15:47:20.900 [ INFO] step=  5490  t=22.82849  ResidMax=3.452e-04  DilMax=6.479e-01  dt=4.159e-03
15:47:20.937 [ INFO] step=  5491  t=22.83265  ResidMax=3.450e-04  DilMax=6.479e-01  dt=4.159e-03
15:47:20.974 [ INFO] step=  5492  t=22.83681  ResidMax=3.447e-04  DilMax=6.479e-01  dt=4.159e-03
15:47:21.011 [ INFO] step=  5493  t=22.84097  ResidMax=3.445e-04  DilMax=6.479e-01  dt=4.159e-03
15:47:21.048 [ INFO] step=  5494  t=22.84513  ResidMax=3.443e-04  DilMax=6.479e-01  dt=4.159e-03
15:47:21.085 [ INFO] step=  5495  t=22.84929  ResidMax=3.441e-04  DilMax=6.479e-01  dt=4.159e-03
15:47:21.123 [ INFO] step=  5496  t=22.85344  ResidMax=3.439e-04  DilMax=6.479e-01  dt=4.159e-03
15:47:21.160 [ INFO] step=  5497  t=22.85760  ResidMax=3.437e-04  DilMax=6.479e-01  dt=4.159e-03
15:47:21.197 [ INFO] step=  5498  t=22.86176  ResidMax=3.435e-04  DilMax=6.479e-01  dt=4.159e-03
15:47:21.235 [ INFO] step=  5499  t=22.86592  ResidMax=3.432e-04  DilMax=6.479e-01  dt=4.159e-03
15:47:21.272 [ INFO] step=  5500  t=22.87008  ResidMax=3.430e-04  DilMax=6.479e-01  dt=4.159e-03
15:47:21.579 [ INFO] VTK snapshot written → results/backstep_validation/step_re100_t005500.vtk
15:47:23.618 [ INFO] step=  5501  t=22.87424  ResidMax=3.428e-04  DilMax=6.479e-01  dt=4.159e-03
15:47:23.656 [ INFO] step=  5502  t=22.87840  ResidMax=3.427e-04  DilMax=6.479e-01  dt=4.159e-03
15:47:23.694 [ INFO] step=  5503  t=22.88255  ResidMax=3.425e-04  DilMax=6.479e-01  dt=4.159e-03
15:47:23.732 [ INFO] step=  5504  t=22.88671  ResidMax=3.423e-04  DilMax=6.479e-01  dt=4.159e-03
15:47:23.770 [ INFO] step=  5505  t=22.89087  ResidMax=3.420e-04  DilMax=6.479e-01  dt=4.159e-03
15:47:23.809 [ INFO] step=  5506  t=22.89503  ResidMax=3.418e-04  DilMax=6.479e-01  dt=4.159e-03
15:47:23.847 [ INFO] step=  5507  t=22.89919  ResidMax=3.417e-04  DilMax=6.479e-01  dt=4.159e-03
15:47:23.885 [ INFO] step=  5508  t=22.90335  ResidMax=3.415e-04  DilMax=6.479e-01  dt=4.159e-03
15:47:23.923 [ INFO] step=  5509  t=22.90751  ResidMax=3.413e-04  DilMax=6.479e-01  dt=4.159e-03
15:47:23.961 [ INFO] step=  5510  t=22.91167  ResidMax=3.411e-04  DilMax=6.479e-01  dt=4.159e-03
15:47:23.999 [ INFO] step=  5511  t=22.91582  ResidMax=3.409e-04  DilMax=6.479e-01  dt=4.159e-03
15:47:24.037 [ INFO] step=  5512  t=22.91998  ResidMax=3.407e-04  DilMax=6.479e-01  dt=4.159e-03
15:47:24.076 [ INFO] step=  5513  t=22.92414  ResidMax=3.406e-04  DilMax=6.479e-01  dt=4.159e-03
15:47:24.114 [ INFO] step=  5514  t=22.92830  ResidMax=3.404e-04  DilMax=6.479e-01  dt=4.159e-03
15:47:24.153 [ INFO] step=  5515  t=22.93246  ResidMax=3.402e-04  DilMax=6.479e-01  dt=4.159e-03
15:47:24.191 [ INFO] step=  5516  t=22.93662  ResidMax=3.400e-04  DilMax=6.479e-01  dt=4.159e-03
15:47:24.228 [ INFO] step=  5517  t=22.94078  ResidMax=3.398e-04  DilMax=6.479e-01  dt=4.159e-03
15:47:24.265 [ INFO] step=  5518  t=22.94493  ResidMax=3.397e-04  DilMax=6.479e-01  dt=4.159e-03
15:47:24.303 [ INFO] step=  5519  t=22.94909  ResidMax=3.395e-04  DilMax=6.479e-01  dt=4.159e-03
15:47:24.341 [ INFO] step=  5520  t=22.95325  ResidMax=3.394e-04  DilMax=6.479e-01  dt=4.159e-03
15:47:24.378 [ INFO] step=  5521  t=22.95741  ResidMax=3.392e-04  DilMax=6.479e-01  dt=4.159e-03
15:47:24.415 [ INFO] step=  5522  t=22.96157  ResidMax=3.390e-04  DilMax=6.479e-01  dt=4.159e-03
15:47:24.453 [ INFO] step=  5523  t=22.96573  ResidMax=3.388e-04  DilMax=6.479e-01  dt=4.159e-03
15:47:24.490 [ INFO] step=  5524  t=22.96989  ResidMax=3.387e-04  DilMax=6.479e-01  dt=4.159e-03
15:47:24.527 [ INFO] step=  5525  t=22.97405  ResidMax=3.385e-04  DilMax=6.479e-01  dt=4.159e-03
15:47:24.564 [ INFO] step=  5526  t=22.97820  ResidMax=3.384e-04  DilMax=6.479e-01  dt=4.159e-03
15:47:24.602 [ INFO] step=  5527  t=22.98236  ResidMax=3.382e-04  DilMax=6.479e-01  dt=4.159e-03
15:47:24.639 [ INFO] step=  5528  t=22.98652  ResidMax=3.381e-04  DilMax=6.479e-01  dt=4.159e-03
15:47:24.676 [ INFO] step=  5529  t=22.99068  ResidMax=3.379e-04  DilMax=6.479e-01  dt=4.159e-03
15:47:24.714 [ INFO] step=  5530  t=22.99484  ResidMax=3.378e-04  DilMax=6.479e-01  dt=4.159e-03
15:47:24.751 [ INFO] step=  5531  t=22.99900  ResidMax=3.376e-04  DilMax=6.479e-01  dt=4.159e-03
15:47:24.789 [ INFO] step=  5532  t=23.00316  ResidMax=3.375e-04  DilMax=6.479e-01  dt=4.159e-03
15:47:24.826 [ INFO] step=  5533  t=23.00731  ResidMax=3.373e-04  DilMax=6.479e-01  dt=4.159e-03
15:47:24.864 [ INFO] step=  5534  t=23.01147  ResidMax=3.372e-04  DilMax=6.479e-01  dt=4.159e-03
15:47:24.901 [ INFO] step=  5535  t=23.01563  ResidMax=3.371e-04  DilMax=6.479e-01  dt=4.159e-03
15:47:24.939 [ INFO] step=  5536  t=23.01979  ResidMax=3.369e-04  DilMax=6.479e-01  dt=4.159e-03
15:47:24.977 [ INFO] step=  5537  t=23.02395  ResidMax=3.368e-04  DilMax=6.479e-01  dt=4.159e-03
15:47:25.015 [ INFO] step=  5538  t=23.02811  ResidMax=3.367e-04  DilMax=6.479e-01  dt=4.159e-03
15:47:25.052 [ INFO] step=  5539  t=23.03227  ResidMax=3.365e-04  DilMax=6.479e-01  dt=4.159e-03
15:47:25.088 [ INFO] step=  5540  t=23.03643  ResidMax=3.364e-04  DilMax=6.479e-01  dt=4.159e-03
15:47:25.125 [ INFO] step=  5541  t=23.04058  ResidMax=3.363e-04  DilMax=6.479e-01  dt=4.159e-03
15:47:25.162 [ INFO] step=  5542  t=23.04474  ResidMax=3.362e-04  DilMax=6.479e-01  dt=4.159e-03
15:47:25.199 [ INFO] step=  5543  t=23.04890  ResidMax=3.360e-04  DilMax=6.479e-01  dt=4.159e-03
15:47:25.236 [ INFO] step=  5544  t=23.05306  ResidMax=3.359e-04  DilMax=6.479e-01  dt=4.159e-03
15:47:25.272 [ INFO] step=  5545  t=23.05722  ResidMax=3.358e-04  DilMax=6.479e-01  dt=4.159e-03
15:47:25.309 [ INFO] step=  5546  t=23.06138  ResidMax=3.357e-04  DilMax=6.479e-01  dt=4.159e-03
15:47:25.346 [ INFO] step=  5547  t=23.06554  ResidMax=3.356e-04  DilMax=6.479e-01  dt=4.159e-03
15:47:25.383 [ INFO] step=  5548  t=23.06969  ResidMax=3.354e-04  DilMax=6.479e-01  dt=4.159e-03
15:47:25.419 [ INFO] step=  5549  t=23.07385  ResidMax=3.353e-04  DilMax=6.479e-01  dt=4.159e-03
15:47:25.456 [ INFO] step=  5550  t=23.07801  ResidMax=3.352e-04  DilMax=6.479e-01  dt=4.159e-03
15:47:25.495 [ INFO] step=  5551  t=23.08217  ResidMax=3.351e-04  DilMax=6.479e-01  dt=4.159e-03
15:47:25.533 [ INFO] step=  5552  t=23.08633  ResidMax=3.350e-04  DilMax=6.479e-01  dt=4.159e-03
15:47:25.571 [ INFO] step=  5553  t=23.09049  ResidMax=3.349e-04  DilMax=6.479e-01  dt=4.159e-03
15:47:25.609 [ INFO] step=  5554  t=23.09465  ResidMax=3.348e-04  DilMax=6.479e-01  dt=4.159e-03
15:47:25.647 [ INFO] step=  5555  t=23.09881  ResidMax=3.347e-04  DilMax=6.479e-01  dt=4.159e-03
15:47:25.684 [ INFO] step=  5556  t=23.10296  ResidMax=3.346e-04  DilMax=6.479e-01  dt=4.159e-03
15:47:25.722 [ INFO] step=  5557  t=23.10712  ResidMax=3.345e-04  DilMax=6.479e-01  dt=4.159e-03
15:47:25.760 [ INFO] step=  5558  t=23.11128  ResidMax=3.344e-04  DilMax=6.479e-01  dt=4.159e-03
15:47:25.798 [ INFO] step=  5559  t=23.11544  ResidMax=3.343e-04  DilMax=6.479e-01  dt=4.159e-03
15:47:25.836 [ INFO] step=  5560  t=23.11960  ResidMax=3.342e-04  DilMax=6.479e-01  dt=4.159e-03
15:47:25.875 [ INFO] step=  5561  t=23.12376  ResidMax=3.341e-04  DilMax=6.479e-01  dt=4.159e-03
15:47:25.913 [ INFO] step=  5562  t=23.12792  ResidMax=3.340e-04  DilMax=6.479e-01  dt=4.159e-03
15:47:25.951 [ INFO] step=  5563  t=23.13207  ResidMax=3.339e-04  DilMax=6.479e-01  dt=4.159e-03
15:47:25.989 [ INFO] step=  5564  t=23.13623  ResidMax=3.338e-04  DilMax=6.479e-01  dt=4.159e-03
15:47:26.027 [ INFO] step=  5565  t=23.14039  ResidMax=3.338e-04  DilMax=6.479e-01  dt=4.159e-03
15:47:26.065 [ INFO] step=  5566  t=23.14455  ResidMax=3.337e-04  DilMax=6.479e-01  dt=4.159e-03
15:47:26.103 [ INFO] step=  5567  t=23.14871  ResidMax=3.337e-04  DilMax=6.479e-01  dt=4.159e-03
15:47:26.141 [ INFO] step=  5568  t=23.15287  ResidMax=3.336e-04  DilMax=6.479e-01  dt=4.159e-03
15:47:26.179 [ INFO] step=  5569  t=23.15703  ResidMax=3.335e-04  DilMax=6.479e-01  dt=4.159e-03
15:47:26.217 [ INFO] step=  5570  t=23.16119  ResidMax=3.334e-04  DilMax=6.479e-01  dt=4.159e-03
15:47:26.255 [ INFO] step=  5571  t=23.16534  ResidMax=3.333e-04  DilMax=6.479e-01  dt=4.159e-03
15:47:26.293 [ INFO] step=  5572  t=23.16950  ResidMax=3.332e-04  DilMax=6.479e-01  dt=4.159e-03
15:47:26.331 [ INFO] step=  5573  t=23.17366  ResidMax=3.331e-04  DilMax=6.479e-01  dt=4.159e-03
15:47:26.368 [ INFO] step=  5574  t=23.17782  ResidMax=3.330e-04  DilMax=6.479e-01  dt=4.159e-03
15:47:26.405 [ INFO] step=  5575  t=23.18198  ResidMax=3.328e-04  DilMax=6.479e-01  dt=4.159e-03
15:47:26.443 [ INFO] step=  5576  t=23.18614  ResidMax=3.327e-04  DilMax=6.479e-01  dt=4.159e-03
15:47:26.481 [ INFO] step=  5577  t=23.19030  ResidMax=3.326e-04  DilMax=6.479e-01  dt=4.159e-03
15:47:26.518 [ INFO] step=  5578  t=23.19445  ResidMax=3.324e-04  DilMax=6.479e-01  dt=4.159e-03
15:47:26.555 [ INFO] step=  5579  t=23.19861  ResidMax=3.323e-04  DilMax=6.479e-01  dt=4.159e-03
15:47:26.593 [ INFO] step=  5580  t=23.20277  ResidMax=3.321e-04  DilMax=6.479e-01  dt=4.159e-03
15:47:26.631 [ INFO] step=  5581  t=23.20693  ResidMax=3.319e-04  DilMax=6.479e-01  dt=4.159e-03
15:47:26.668 [ INFO] step=  5582  t=23.21109  ResidMax=3.318e-04  DilMax=6.479e-01  dt=4.159e-03
15:47:26.705 [ INFO] step=  5583  t=23.21525  ResidMax=3.316e-04  DilMax=6.479e-01  dt=4.159e-03
15:47:26.743 [ INFO] step=  5584  t=23.21941  ResidMax=3.314e-04  DilMax=6.479e-01  dt=4.159e-03
15:47:26.781 [ INFO] step=  5585  t=23.22357  ResidMax=3.312e-04  DilMax=6.479e-01  dt=4.159e-03
15:47:26.818 [ INFO] step=  5586  t=23.22772  ResidMax=3.310e-04  DilMax=6.479e-01  dt=4.159e-03
15:47:26.856 [ INFO] step=  5587  t=23.23188  ResidMax=3.308e-04  DilMax=6.479e-01  dt=4.159e-03
15:47:26.944 [ INFO] step=  5588  t=23.23604  ResidMax=3.306e-04  DilMax=6.479e-01  dt=4.159e-03
15:47:26.981 [ INFO] step=  5589  t=23.24020  ResidMax=3.304e-04  DilMax=6.479e-01  dt=4.159e-03
15:47:27.017 [ INFO] step=  5590  t=23.24436  ResidMax=3.301e-04  DilMax=6.479e-01  dt=4.159e-03
15:47:27.055 [ INFO] step=  5591  t=23.24852  ResidMax=3.299e-04  DilMax=6.479e-01  dt=4.159e-03
15:47:27.092 [ INFO] step=  5592  t=23.25268  ResidMax=3.297e-04  DilMax=6.479e-01  dt=4.159e-03
15:47:27.129 [ INFO] step=  5593  t=23.25683  ResidMax=3.294e-04  DilMax=6.479e-01  dt=4.159e-03
15:47:27.166 [ INFO] step=  5594  t=23.26099  ResidMax=3.292e-04  DilMax=6.479e-01  dt=4.159e-03
15:47:27.203 [ INFO] step=  5595  t=23.26515  ResidMax=3.289e-04  DilMax=6.479e-01  dt=4.159e-03
15:47:27.240 [ INFO] step=  5596  t=23.26931  ResidMax=3.287e-04  DilMax=6.479e-01  dt=4.159e-03
15:47:27.277 [ INFO] step=  5597  t=23.27347  ResidMax=3.284e-04  DilMax=6.479e-01  dt=4.159e-03
15:47:27.315 [ INFO] step=  5598  t=23.27763  ResidMax=3.281e-04  DilMax=6.479e-01  dt=4.159e-03
15:47:27.352 [ INFO] step=  5599  t=23.28179  ResidMax=3.278e-04  DilMax=6.479e-01  dt=4.159e-03
15:47:27.390 [ INFO] step=  5600  t=23.28595  ResidMax=3.275e-04  DilMax=6.479e-01  dt=4.159e-03
15:47:27.427 [ INFO] step=  5601  t=23.29010  ResidMax=3.272e-04  DilMax=6.479e-01  dt=4.159e-03
15:47:27.465 [ INFO] step=  5602  t=23.29426  ResidMax=3.269e-04  DilMax=6.479e-01  dt=4.159e-03
15:47:27.502 [ INFO] step=  5603  t=23.29842  ResidMax=3.266e-04  DilMax=6.479e-01  dt=4.159e-03
15:47:27.539 [ INFO] step=  5604  t=23.30258  ResidMax=3.263e-04  DilMax=6.479e-01  dt=4.159e-03
15:47:27.576 [ INFO] step=  5605  t=23.30674  ResidMax=3.260e-04  DilMax=6.479e-01  dt=4.159e-03
15:47:27.614 [ INFO] step=  5606  t=23.31090  ResidMax=3.257e-04  DilMax=6.479e-01  dt=4.159e-03
15:47:27.651 [ INFO] step=  5607  t=23.31506  ResidMax=3.253e-04  DilMax=6.479e-01  dt=4.159e-03
15:47:27.688 [ INFO] step=  5608  t=23.31921  ResidMax=3.250e-04  DilMax=6.479e-01  dt=4.159e-03
15:47:27.725 [ INFO] step=  5609  t=23.32337  ResidMax=3.246e-04  DilMax=6.479e-01  dt=4.159e-03
15:47:27.762 [ INFO] step=  5610  t=23.32753  ResidMax=3.243e-04  DilMax=6.479e-01  dt=4.159e-03
15:47:27.799 [ INFO] step=  5611  t=23.33169  ResidMax=3.239e-04  DilMax=6.479e-01  dt=4.159e-03
15:47:27.836 [ INFO] step=  5612  t=23.33585  ResidMax=3.236e-04  DilMax=6.479e-01  dt=4.159e-03
15:47:27.874 [ INFO] step=  5613  t=23.34001  ResidMax=3.232e-04  DilMax=6.479e-01  dt=4.159e-03
15:47:27.911 [ INFO] step=  5614  t=23.34417  ResidMax=3.228e-04  DilMax=6.479e-01  dt=4.159e-03
15:47:27.949 [ INFO] step=  5615  t=23.34833  ResidMax=3.224e-04  DilMax=6.479e-01  dt=4.159e-03
15:47:27.987 [ INFO] step=  5616  t=23.35248  ResidMax=3.221e-04  DilMax=6.479e-01  dt=4.159e-03
15:47:28.024 [ INFO] step=  5617  t=23.35664  ResidMax=3.217e-04  DilMax=6.479e-01  dt=4.159e-03
15:47:28.062 [ INFO] step=  5618  t=23.36080  ResidMax=3.213e-04  DilMax=6.479e-01  dt=4.159e-03
15:47:28.099 [ INFO] step=  5619  t=23.36496  ResidMax=3.209e-04  DilMax=6.479e-01  dt=4.159e-03
15:47:28.136 [ INFO] step=  5620  t=23.36912  ResidMax=3.205e-04  DilMax=6.479e-01  dt=4.159e-03
15:47:28.173 [ INFO] step=  5621  t=23.37328  ResidMax=3.200e-04  DilMax=6.479e-01  dt=4.159e-03
15:47:28.211 [ INFO] step=  5622  t=23.37744  ResidMax=3.196e-04  DilMax=6.479e-01  dt=4.159e-03
15:47:28.249 [ INFO] step=  5623  t=23.38159  ResidMax=3.192e-04  DilMax=6.479e-01  dt=4.159e-03
15:47:28.286 [ INFO] step=  5624  t=23.38575  ResidMax=3.188e-04  DilMax=6.479e-01  dt=4.159e-03
15:47:28.323 [ INFO] step=  5625  t=23.38991  ResidMax=3.183e-04  DilMax=6.479e-01  dt=4.159e-03
15:47:28.361 [ INFO] step=  5626  t=23.39407  ResidMax=3.179e-04  DilMax=6.479e-01  dt=4.159e-03
15:47:28.398 [ INFO] step=  5627  t=23.39823  ResidMax=3.174e-04  DilMax=6.479e-01  dt=4.159e-03
15:47:28.439 [ INFO] step=  5628  t=23.40239  ResidMax=3.170e-04  DilMax=6.479e-01  dt=4.159e-03
15:47:28.476 [ INFO] step=  5629  t=23.40655  ResidMax=3.165e-04  DilMax=6.479e-01  dt=4.159e-03
15:47:28.514 [ INFO] step=  5630  t=23.41071  ResidMax=3.160e-04  DilMax=6.479e-01  dt=4.159e-03
15:47:28.552 [ INFO] step=  5631  t=23.41486  ResidMax=3.156e-04  DilMax=6.479e-01  dt=4.159e-03
15:47:28.590 [ INFO] step=  5632  t=23.41902  ResidMax=3.151e-04  DilMax=6.479e-01  dt=4.159e-03
15:47:28.627 [ INFO] step=  5633  t=23.42318  ResidMax=3.146e-04  DilMax=6.479e-01  dt=4.159e-03
15:47:28.664 [ INFO] step=  5634  t=23.42734  ResidMax=3.141e-04  DilMax=6.479e-01  dt=4.159e-03
15:47:28.701 [ INFO] step=  5635  t=23.43150  ResidMax=3.136e-04  DilMax=6.479e-01  dt=4.159e-03
15:47:28.739 [ INFO] step=  5636  t=23.43566  ResidMax=3.131e-04  DilMax=6.479e-01  dt=4.159e-03
15:47:28.776 [ INFO] step=  5637  t=23.43982  ResidMax=3.126e-04  DilMax=6.479e-01  dt=4.159e-03
15:47:28.813 [ INFO] step=  5638  t=23.44397  ResidMax=3.121e-04  DilMax=6.479e-01  dt=4.159e-03
15:47:28.850 [ INFO] step=  5639  t=23.44813  ResidMax=3.116e-04  DilMax=6.479e-01  dt=4.159e-03
15:47:28.888 [ INFO] step=  5640  t=23.45229  ResidMax=3.111e-04  DilMax=6.479e-01  dt=4.159e-03
15:47:28.925 [ INFO] step=  5641  t=23.45645  ResidMax=3.106e-04  DilMax=6.479e-01  dt=4.159e-03
15:47:28.961 [ INFO] step=  5642  t=23.46061  ResidMax=3.100e-04  DilMax=6.479e-01  dt=4.159e-03
15:47:28.998 [ INFO] step=  5643  t=23.46477  ResidMax=3.095e-04  DilMax=6.479e-01  dt=4.159e-03
15:47:29.036 [ INFO] step=  5644  t=23.46893  ResidMax=3.090e-04  DilMax=6.479e-01  dt=4.159e-03
15:47:29.073 [ INFO] step=  5645  t=23.47309  ResidMax=3.084e-04  DilMax=6.479e-01  dt=4.159e-03
15:47:29.110 [ INFO] step=  5646  t=23.47724  ResidMax=3.079e-04  DilMax=6.479e-01  dt=4.159e-03
15:47:29.148 [ INFO] step=  5647  t=23.48140  ResidMax=3.073e-04  DilMax=6.479e-01  dt=4.159e-03
15:47:29.185 [ INFO] step=  5648  t=23.48556  ResidMax=3.068e-04  DilMax=6.479e-01  dt=4.159e-03
15:47:29.222 [ INFO] step=  5649  t=23.48972  ResidMax=3.062e-04  DilMax=6.479e-01  dt=4.159e-03
15:47:29.259 [ INFO] step=  5650  t=23.49388  ResidMax=3.056e-04  DilMax=6.479e-01  dt=4.159e-03
15:47:29.297 [ INFO] step=  5651  t=23.49804  ResidMax=3.051e-04  DilMax=6.479e-01  dt=4.159e-03
15:47:29.333 [ INFO] step=  5652  t=23.50220  ResidMax=3.045e-04  DilMax=6.479e-01  dt=4.159e-03
15:47:29.371 [ INFO] step=  5653  t=23.50635  ResidMax=3.039e-04  DilMax=6.479e-01  dt=4.159e-03
15:47:29.408 [ INFO] step=  5654  t=23.51051  ResidMax=3.033e-04  DilMax=6.479e-01  dt=4.159e-03
15:47:29.445 [ INFO] step=  5655  t=23.51467  ResidMax=3.027e-04  DilMax=6.479e-01  dt=4.159e-03
15:47:29.482 [ INFO] step=  5656  t=23.51883  ResidMax=3.021e-04  DilMax=6.479e-01  dt=4.159e-03
15:47:29.519 [ INFO] step=  5657  t=23.52299  ResidMax=3.015e-04  DilMax=6.479e-01  dt=4.159e-03
15:47:29.557 [ INFO] step=  5658  t=23.52715  ResidMax=3.009e-04  DilMax=6.479e-01  dt=4.159e-03
15:47:29.594 [ INFO] step=  5659  t=23.53131  ResidMax=3.003e-04  DilMax=6.479e-01  dt=4.159e-03
15:47:29.631 [ INFO] step=  5660  t=23.53546  ResidMax=2.997e-04  DilMax=6.479e-01  dt=4.159e-03
15:47:29.668 [ INFO] step=  5661  t=23.53962  ResidMax=2.991e-04  DilMax=6.479e-01  dt=4.159e-03
15:47:29.705 [ INFO] step=  5662  t=23.54378  ResidMax=2.984e-04  DilMax=6.479e-01  dt=4.159e-03
15:47:29.744 [ INFO] step=  5663  t=23.54794  ResidMax=2.978e-04  DilMax=6.479e-01  dt=4.159e-03
15:47:29.781 [ INFO] step=  5664  t=23.55210  ResidMax=2.972e-04  DilMax=6.479e-01  dt=4.159e-03
15:47:29.822 [ INFO] step=  5665  t=23.55626  ResidMax=2.965e-04  DilMax=6.479e-01  dt=4.159e-03
15:47:29.861 [ INFO] step=  5666  t=23.56042  ResidMax=2.959e-04  DilMax=6.479e-01  dt=4.159e-03
15:47:29.900 [ INFO] step=  5667  t=23.56458  ResidMax=2.953e-04  DilMax=6.479e-01  dt=4.159e-03
15:47:29.938 [ INFO] step=  5668  t=23.56873  ResidMax=2.946e-04  DilMax=6.479e-01  dt=4.159e-03
15:47:29.975 [ INFO] step=  5669  t=23.57289  ResidMax=2.939e-04  DilMax=6.479e-01  dt=4.159e-03
15:47:30.012 [ INFO] step=  5670  t=23.57705  ResidMax=2.933e-04  DilMax=6.479e-01  dt=4.159e-03
15:47:30.050 [ INFO] step=  5671  t=23.58121  ResidMax=2.926e-04  DilMax=6.479e-01  dt=4.159e-03
15:47:30.087 [ INFO] step=  5672  t=23.58537  ResidMax=2.920e-04  DilMax=6.479e-01  dt=4.159e-03
15:47:30.125 [ INFO] step=  5673  t=23.58953  ResidMax=2.913e-04  DilMax=6.479e-01  dt=4.159e-03
15:47:30.162 [ INFO] step=  5674  t=23.59369  ResidMax=2.906e-04  DilMax=6.479e-01  dt=4.159e-03
15:47:30.199 [ INFO] step=  5675  t=23.59784  ResidMax=2.899e-04  DilMax=6.479e-01  dt=4.159e-03
15:47:30.236 [ INFO] step=  5676  t=23.60200  ResidMax=2.892e-04  DilMax=6.479e-01  dt=4.159e-03
15:47:30.273 [ INFO] step=  5677  t=23.60616  ResidMax=2.885e-04  DilMax=6.479e-01  dt=4.159e-03
15:47:30.311 [ INFO] step=  5678  t=23.61032  ResidMax=2.879e-04  DilMax=6.479e-01  dt=4.159e-03
15:47:30.348 [ INFO] step=  5679  t=23.61448  ResidMax=2.872e-04  DilMax=6.479e-01  dt=4.159e-03
15:47:30.386 [ INFO] step=  5680  t=23.61864  ResidMax=2.865e-04  DilMax=6.479e-01  dt=4.159e-03
15:47:30.423 [ INFO] step=  5681  t=23.62280  ResidMax=2.857e-04  DilMax=6.479e-01  dt=4.159e-03
15:47:30.461 [ INFO] step=  5682  t=23.62696  ResidMax=2.850e-04  DilMax=6.479e-01  dt=4.159e-03
15:47:30.498 [ INFO] step=  5683  t=23.63111  ResidMax=2.843e-04  DilMax=6.479e-01  dt=4.159e-03
15:47:30.536 [ INFO] step=  5684  t=23.63527  ResidMax=2.836e-04  DilMax=6.479e-01  dt=4.159e-03
15:47:30.573 [ INFO] step=  5685  t=23.63943  ResidMax=2.829e-04  DilMax=6.479e-01  dt=4.159e-03
15:47:30.611 [ INFO] step=  5686  t=23.64359  ResidMax=2.822e-04  DilMax=6.479e-01  dt=4.159e-03
15:47:30.648 [ INFO] step=  5687  t=23.64775  ResidMax=2.814e-04  DilMax=6.479e-01  dt=4.159e-03
15:47:30.684 [ INFO] step=  5688  t=23.65191  ResidMax=2.807e-04  DilMax=6.479e-01  dt=4.159e-03
15:47:30.721 [ INFO] step=  5689  t=23.65607  ResidMax=2.800e-04  DilMax=6.479e-01  dt=4.159e-03
15:47:30.757 [ INFO] step=  5690  t=23.66022  ResidMax=2.792e-04  DilMax=6.479e-01  dt=4.159e-03
15:47:30.794 [ INFO] step=  5691  t=23.66438  ResidMax=2.785e-04  DilMax=6.479e-01  dt=4.159e-03
15:47:30.831 [ INFO] step=  5692  t=23.66854  ResidMax=2.778e-04  DilMax=6.479e-01  dt=4.159e-03
15:47:30.869 [ INFO] step=  5693  t=23.67270  ResidMax=2.770e-04  DilMax=6.479e-01  dt=4.159e-03
15:47:30.940 [ INFO] step=  5694  t=23.67686  ResidMax=2.763e-04  DilMax=6.479e-01  dt=4.159e-03
15:47:30.978 [ INFO] step=  5695  t=23.68102  ResidMax=2.755e-04  DilMax=6.479e-01  dt=4.159e-03
15:47:31.015 [ INFO] step=  5696  t=23.68518  ResidMax=2.748e-04  DilMax=6.479e-01  dt=4.159e-03
15:47:31.052 [ INFO] step=  5697  t=23.68934  ResidMax=2.740e-04  DilMax=6.479e-01  dt=4.159e-03
15:47:31.088 [ INFO] step=  5698  t=23.69349  ResidMax=2.733e-04  DilMax=6.479e-01  dt=4.159e-03
15:47:31.125 [ INFO] step=  5699  t=23.69765  ResidMax=2.725e-04  DilMax=6.479e-01  dt=4.159e-03
15:47:31.162 [ INFO] step=  5700  t=23.70181  ResidMax=2.717e-04  DilMax=6.479e-01  dt=4.159e-03
15:47:31.200 [ INFO] step=  5701  t=23.70597  ResidMax=2.710e-04  DilMax=6.479e-01  dt=4.159e-03
15:47:31.237 [ INFO] step=  5702  t=23.71013  ResidMax=2.702e-04  DilMax=6.479e-01  dt=4.159e-03
15:47:31.273 [ INFO] step=  5703  t=23.71429  ResidMax=2.694e-04  DilMax=6.479e-01  dt=4.159e-03
15:47:31.311 [ INFO] step=  5704  t=23.71845  ResidMax=2.687e-04  DilMax=6.479e-01  dt=4.159e-03
15:47:31.347 [ INFO] step=  5705  t=23.72260  ResidMax=2.679e-04  DilMax=6.479e-01  dt=4.159e-03
15:47:31.384 [ INFO] step=  5706  t=23.72676  ResidMax=2.671e-04  DilMax=6.479e-01  dt=4.159e-03
15:47:31.421 [ INFO] step=  5707  t=23.73092  ResidMax=2.663e-04  DilMax=6.479e-01  dt=4.159e-03
15:47:31.458 [ INFO] step=  5708  t=23.73508  ResidMax=2.655e-04  DilMax=6.479e-01  dt=4.159e-03
15:47:31.495 [ INFO] step=  5709  t=23.73924  ResidMax=2.647e-04  DilMax=6.479e-01  dt=4.159e-03
15:47:31.532 [ INFO] step=  5710  t=23.74340  ResidMax=2.639e-04  DilMax=6.479e-01  dt=4.159e-03
15:47:31.570 [ INFO] step=  5711  t=23.74756  ResidMax=2.631e-04  DilMax=6.479e-01  dt=4.159e-03
15:47:31.607 [ INFO] step=  5712  t=23.75172  ResidMax=2.623e-04  DilMax=6.479e-01  dt=4.159e-03
15:47:31.644 [ INFO] step=  5713  t=23.75587  ResidMax=2.615e-04  DilMax=6.479e-01  dt=4.159e-03
15:47:31.682 [ INFO] step=  5714  t=23.76003  ResidMax=2.607e-04  DilMax=6.479e-01  dt=4.159e-03
15:47:31.719 [ INFO] step=  5715  t=23.76419  ResidMax=2.599e-04  DilMax=6.479e-01  dt=4.159e-03
15:47:31.756 [ INFO] step=  5716  t=23.76835  ResidMax=2.591e-04  DilMax=6.479e-01  dt=4.159e-03
15:47:31.793 [ INFO] step=  5717  t=23.77251  ResidMax=2.583e-04  DilMax=6.479e-01  dt=4.159e-03
15:47:31.830 [ INFO] step=  5718  t=23.77667  ResidMax=2.575e-04  DilMax=6.479e-01  dt=4.159e-03
15:47:31.867 [ INFO] step=  5719  t=23.78083  ResidMax=2.566e-04  DilMax=6.479e-01  dt=4.159e-03
15:47:31.905 [ INFO] step=  5720  t=23.78498  ResidMax=2.558e-04  DilMax=6.479e-01  dt=4.159e-03
15:47:31.942 [ INFO] step=  5721  t=23.78914  ResidMax=2.550e-04  DilMax=6.479e-01  dt=4.159e-03
15:47:31.979 [ INFO] step=  5722  t=23.79330  ResidMax=2.542e-04  DilMax=6.479e-01  dt=4.159e-03
15:47:32.017 [ INFO] step=  5723  t=23.79746  ResidMax=2.534e-04  DilMax=6.479e-01  dt=4.159e-03
15:47:32.054 [ INFO] step=  5724  t=23.80162  ResidMax=2.526e-04  DilMax=6.479e-01  dt=4.159e-03
15:47:32.092 [ INFO] step=  5725  t=23.80578  ResidMax=2.517e-04  DilMax=6.479e-01  dt=4.159e-03
15:47:32.129 [ INFO] step=  5726  t=23.80994  ResidMax=2.509e-04  DilMax=6.479e-01  dt=4.159e-03
15:47:32.167 [ INFO] step=  5727  t=23.81410  ResidMax=2.501e-04  DilMax=6.479e-01  dt=4.159e-03
15:47:32.204 [ INFO] step=  5728  t=23.81825  ResidMax=2.493e-04  DilMax=6.479e-01  dt=4.159e-03
15:47:32.241 [ INFO] step=  5729  t=23.82241  ResidMax=2.484e-04  DilMax=6.479e-01  dt=4.159e-03
15:47:32.278 [ INFO] step=  5730  t=23.82657  ResidMax=2.476e-04  DilMax=6.479e-01  dt=4.159e-03
15:47:32.315 [ INFO] step=  5731  t=23.83073  ResidMax=2.468e-04  DilMax=6.479e-01  dt=4.159e-03
15:47:32.353 [ INFO] step=  5732  t=23.83489  ResidMax=2.459e-04  DilMax=6.479e-01  dt=4.159e-03
15:47:32.390 [ INFO] step=  5733  t=23.83905  ResidMax=2.451e-04  DilMax=6.479e-01  dt=4.159e-03
15:47:32.427 [ INFO] step=  5734  t=23.84321  ResidMax=2.443e-04  DilMax=6.479e-01  dt=4.159e-03
15:47:32.464 [ INFO] step=  5735  t=23.84736  ResidMax=2.434e-04  DilMax=6.479e-01  dt=4.159e-03
15:47:32.501 [ INFO] step=  5736  t=23.85152  ResidMax=2.426e-04  DilMax=6.479e-01  dt=4.159e-03
15:47:32.539 [ INFO] step=  5737  t=23.85568  ResidMax=2.417e-04  DilMax=6.479e-01  dt=4.159e-03
15:47:32.576 [ INFO] step=  5738  t=23.85984  ResidMax=2.409e-04  DilMax=6.479e-01  dt=4.159e-03
15:47:32.613 [ INFO] step=  5739  t=23.86400  ResidMax=2.400e-04  DilMax=6.479e-01  dt=4.159e-03
15:47:32.650 [ INFO] step=  5740  t=23.86816  ResidMax=2.392e-04  DilMax=6.479e-01  dt=4.159e-03
15:47:32.686 [ INFO] step=  5741  t=23.87232  ResidMax=2.383e-04  DilMax=6.479e-01  dt=4.159e-03
15:47:32.724 [ INFO] step=  5742  t=23.87648  ResidMax=2.375e-04  DilMax=6.479e-01  dt=4.159e-03
15:47:32.761 [ INFO] step=  5743  t=23.88063  ResidMax=2.367e-04  DilMax=6.479e-01  dt=4.159e-03
15:47:32.799 [ INFO] step=  5744  t=23.88479  ResidMax=2.358e-04  DilMax=6.479e-01  dt=4.159e-03
15:47:32.836 [ INFO] step=  5745  t=23.88895  ResidMax=2.350e-04  DilMax=6.479e-01  dt=4.159e-03
15:47:32.873 [ INFO] step=  5746  t=23.89311  ResidMax=2.342e-04  DilMax=6.479e-01  dt=4.159e-03
15:47:32.910 [ INFO] step=  5747  t=23.89727  ResidMax=2.333e-04  DilMax=6.479e-01  dt=4.159e-03
15:47:32.947 [ INFO] step=  5748  t=23.90143  ResidMax=2.325e-04  DilMax=6.479e-01  dt=4.159e-03
15:47:32.984 [ INFO] step=  5749  t=23.90559  ResidMax=2.316e-04  DilMax=6.479e-01  dt=4.159e-03
15:47:33.021 [ INFO] step=  5750  t=23.90974  ResidMax=2.308e-04  DilMax=6.479e-01  dt=4.159e-03
15:47:33.057 [ INFO] step=  5751  t=23.91390  ResidMax=2.299e-04  DilMax=6.479e-01  dt=4.159e-03
15:47:33.094 [ INFO] step=  5752  t=23.91806  ResidMax=2.291e-04  DilMax=6.479e-01  dt=4.159e-03
15:47:33.131 [ INFO] step=  5753  t=23.92222  ResidMax=2.282e-04  DilMax=6.479e-01  dt=4.159e-03
15:47:33.169 [ INFO] step=  5754  t=23.92638  ResidMax=2.273e-04  DilMax=6.479e-01  dt=4.159e-03
15:47:33.206 [ INFO] step=  5755  t=23.93054  ResidMax=2.265e-04  DilMax=6.479e-01  dt=4.159e-03
15:47:33.243 [ INFO] step=  5756  t=23.93470  ResidMax=2.256e-04  DilMax=6.479e-01  dt=4.159e-03
15:47:33.331 [ INFO] step=  5757  t=23.93886  ResidMax=2.248e-04  DilMax=6.479e-01  dt=4.159e-03
15:47:33.368 [ INFO] step=  5758  t=23.94301  ResidMax=2.239e-04  DilMax=6.479e-01  dt=4.159e-03
15:47:33.405 [ INFO] step=  5759  t=23.94717  ResidMax=2.231e-04  DilMax=6.479e-01  dt=4.159e-03
15:47:33.442 [ INFO] step=  5760  t=23.95133  ResidMax=2.223e-04  DilMax=6.479e-01  dt=4.159e-03
15:47:33.479 [ INFO] step=  5761  t=23.95549  ResidMax=2.214e-04  DilMax=6.479e-01  dt=4.159e-03
15:47:33.516 [ INFO] step=  5762  t=23.95965  ResidMax=2.206e-04  DilMax=6.479e-01  dt=4.159e-03
15:47:33.553 [ INFO] step=  5763  t=23.96381  ResidMax=2.198e-04  DilMax=6.479e-01  dt=4.159e-03
15:47:33.591 [ INFO] step=  5764  t=23.96797  ResidMax=2.189e-04  DilMax=6.479e-01  dt=4.159e-03
15:47:33.628 [ INFO] step=  5765  t=23.97212  ResidMax=2.181e-04  DilMax=6.479e-01  dt=4.159e-03
15:47:33.664 [ INFO] step=  5766  t=23.97628  ResidMax=2.172e-04  DilMax=6.479e-01  dt=4.159e-03
15:47:33.701 [ INFO] step=  5767  t=23.98044  ResidMax=2.164e-04  DilMax=6.479e-01  dt=4.159e-03
15:47:33.738 [ INFO] step=  5768  t=23.98460  ResidMax=2.155e-04  DilMax=6.479e-01  dt=4.159e-03
15:47:33.776 [ INFO] step=  5769  t=23.98876  ResidMax=2.147e-04  DilMax=6.479e-01  dt=4.159e-03
15:47:33.813 [ INFO] step=  5770  t=23.99292  ResidMax=2.138e-04  DilMax=6.479e-01  dt=4.159e-03
15:47:33.851 [ INFO] step=  5771  t=23.99708  ResidMax=2.130e-04  DilMax=6.479e-01  dt=4.159e-03
15:47:33.888 [ INFO] step=  5772  t=24.00124  ResidMax=2.121e-04  DilMax=6.479e-01  dt=4.159e-03
15:47:33.925 [ INFO] step=  5773  t=24.00539  ResidMax=2.113e-04  DilMax=6.479e-01  dt=4.159e-03
15:47:33.962 [ INFO] step=  5774  t=24.00955  ResidMax=2.104e-04  DilMax=6.479e-01  dt=4.159e-03
15:47:33.999 [ INFO] step=  5775  t=24.01371  ResidMax=2.096e-04  DilMax=6.479e-01  dt=4.159e-03
15:47:34.037 [ INFO] step=  5776  t=24.01787  ResidMax=2.088e-04  DilMax=6.479e-01  dt=4.159e-03
15:47:34.074 [ INFO] step=  5777  t=24.02203  ResidMax=2.079e-04  DilMax=6.479e-01  dt=4.159e-03
15:47:34.112 [ INFO] step=  5778  t=24.02619  ResidMax=2.071e-04  DilMax=6.479e-01  dt=4.159e-03
15:47:34.149 [ INFO] step=  5779  t=24.03035  ResidMax=2.063e-04  DilMax=6.479e-01  dt=4.159e-03
15:47:34.186 [ INFO] step=  5780  t=24.03450  ResidMax=2.055e-04  DilMax=6.479e-01  dt=4.159e-03
15:47:34.224 [ INFO] step=  5781  t=24.03866  ResidMax=2.046e-04  DilMax=6.479e-01  dt=4.159e-03
15:47:34.261 [ INFO] step=  5782  t=24.04282  ResidMax=2.038e-04  DilMax=6.479e-01  dt=4.159e-03
15:47:34.299 [ INFO] step=  5783  t=24.04698  ResidMax=2.030e-04  DilMax=6.479e-01  dt=4.159e-03
15:47:34.336 [ INFO] step=  5784  t=24.05114  ResidMax=2.021e-04  DilMax=6.479e-01  dt=4.159e-03
15:47:34.373 [ INFO] step=  5785  t=24.05530  ResidMax=2.013e-04  DilMax=6.479e-01  dt=4.159e-03
15:47:34.410 [ INFO] step=  5786  t=24.05946  ResidMax=2.006e-04  DilMax=6.479e-01  dt=4.159e-03
15:47:34.447 [ INFO] step=  5787  t=24.06362  ResidMax=1.999e-04  DilMax=6.479e-01  dt=4.159e-03
15:47:34.484 [ INFO] step=  5788  t=24.06777  ResidMax=1.992e-04  DilMax=6.479e-01  dt=4.159e-03
15:47:34.520 [ INFO] step=  5789  t=24.07193  ResidMax=1.985e-04  DilMax=6.479e-01  dt=4.159e-03
15:47:34.558 [ INFO] step=  5790  t=24.07609  ResidMax=1.978e-04  DilMax=6.479e-01  dt=4.159e-03
15:47:34.595 [ INFO] step=  5791  t=24.08025  ResidMax=1.970e-04  DilMax=6.479e-01  dt=4.159e-03
15:47:34.633 [ INFO] step=  5792  t=24.08441  ResidMax=1.963e-04  DilMax=6.479e-01  dt=4.159e-03
15:47:34.670 [ INFO] step=  5793  t=24.08857  ResidMax=1.956e-04  DilMax=6.479e-01  dt=4.159e-03
15:47:34.707 [ INFO] step=  5794  t=24.09273  ResidMax=1.950e-04  DilMax=6.479e-01  dt=4.159e-03
15:47:34.743 [ INFO] step=  5795  t=24.09688  ResidMax=1.943e-04  DilMax=6.479e-01  dt=4.159e-03
15:47:34.780 [ INFO] step=  5796  t=24.10104  ResidMax=1.937e-04  DilMax=6.479e-01  dt=4.159e-03
15:47:34.817 [ INFO] step=  5797  t=24.10520  ResidMax=1.930e-04  DilMax=6.479e-01  dt=4.159e-03
15:47:34.854 [ INFO] step=  5798  t=24.10936  ResidMax=1.923e-04  DilMax=6.479e-01  dt=4.159e-03
15:47:34.892 [ INFO] step=  5799  t=24.11352  ResidMax=1.917e-04  DilMax=6.479e-01  dt=4.159e-03
15:47:34.956 [ INFO] step=  5800  t=24.11768  ResidMax=1.910e-04  DilMax=6.479e-01  dt=4.159e-03
15:47:34.993 [ INFO] step=  5801  t=24.12184  ResidMax=1.903e-04  DilMax=6.479e-01  dt=4.159e-03
15:47:35.030 [ INFO] step=  5802  t=24.12600  ResidMax=1.897e-04  DilMax=6.479e-01  dt=4.159e-03
15:47:35.068 [ INFO] step=  5803  t=24.13015  ResidMax=1.890e-04  DilMax=6.479e-01  dt=4.159e-03
15:47:35.105 [ INFO] step=  5804  t=24.13431  ResidMax=1.883e-04  DilMax=6.479e-01  dt=4.159e-03
15:47:35.143 [ INFO] step=  5805  t=24.13847  ResidMax=1.876e-04  DilMax=6.479e-01  dt=4.159e-03
15:47:35.181 [ INFO] step=  5806  t=24.14263  ResidMax=1.869e-04  DilMax=6.479e-01  dt=4.159e-03
15:47:35.218 [ INFO] step=  5807  t=24.14679  ResidMax=1.863e-04  DilMax=6.479e-01  dt=4.159e-03
15:47:35.255 [ INFO] step=  5808  t=24.15095  ResidMax=1.856e-04  DilMax=6.479e-01  dt=4.159e-03
15:47:35.292 [ INFO] step=  5809  t=24.15511  ResidMax=1.849e-04  DilMax=6.479e-01  dt=4.159e-03
15:47:35.329 [ INFO] step=  5810  t=24.15926  ResidMax=1.843e-04  DilMax=6.479e-01  dt=4.159e-03
15:47:35.367 [ INFO] step=  5811  t=24.16342  ResidMax=1.837e-04  DilMax=6.479e-01  dt=4.159e-03
15:47:35.403 [ INFO] step=  5812  t=24.16758  ResidMax=1.830e-04  DilMax=6.479e-01  dt=4.159e-03
15:47:35.441 [ INFO] step=  5813  t=24.17174  ResidMax=1.824e-04  DilMax=6.479e-01  dt=4.159e-03
15:47:35.478 [ INFO] step=  5814  t=24.17590  ResidMax=1.817e-04  DilMax=6.479e-01  dt=4.159e-03
15:47:35.515 [ INFO] step=  5815  t=24.18006  ResidMax=1.811e-04  DilMax=6.479e-01  dt=4.159e-03
15:47:35.555 [ INFO] step=  5816  t=24.18422  ResidMax=1.805e-04  DilMax=6.479e-01  dt=4.159e-03
15:47:35.593 [ INFO] step=  5817  t=24.18838  ResidMax=1.798e-04  DilMax=6.479e-01  dt=4.159e-03
15:47:35.630 [ INFO] step=  5818  t=24.19253  ResidMax=1.792e-04  DilMax=6.479e-01  dt=4.159e-03
15:47:35.668 [ INFO] step=  5819  t=24.19669  ResidMax=1.785e-04  DilMax=6.479e-01  dt=4.159e-03
15:47:35.705 [ INFO] step=  5820  t=24.20085  ResidMax=1.779e-04  DilMax=6.479e-01  dt=4.159e-03
15:47:35.742 [ INFO] step=  5821  t=24.20501  ResidMax=1.772e-04  DilMax=6.479e-01  dt=4.159e-03
15:47:35.780 [ INFO] step=  5822  t=24.20917  ResidMax=1.766e-04  DilMax=6.479e-01  dt=4.159e-03
15:47:35.817 [ INFO] step=  5823  t=24.21333  ResidMax=1.759e-04  DilMax=6.479e-01  dt=4.159e-03
15:47:35.855 [ INFO] step=  5824  t=24.21749  ResidMax=1.756e-04  DilMax=6.479e-01  dt=4.159e-03
15:47:35.893 [ INFO] step=  5825  t=24.22164  ResidMax=1.753e-04  DilMax=6.479e-01  dt=4.159e-03
15:47:35.930 [ INFO] step=  5826  t=24.22580  ResidMax=1.751e-04  DilMax=6.479e-01  dt=4.159e-03
15:47:35.967 [ INFO] step=  5827  t=24.22996  ResidMax=1.749e-04  DilMax=6.479e-01  dt=4.159e-03
15:47:36.005 [ INFO] step=  5828  t=24.23412  ResidMax=1.747e-04  DilMax=6.479e-01  dt=4.159e-03
15:47:36.042 [ INFO] step=  5829  t=24.23828  ResidMax=1.745e-04  DilMax=6.479e-01  dt=4.159e-03
15:47:36.079 [ INFO] step=  5830  t=24.24244  ResidMax=1.742e-04  DilMax=6.479e-01  dt=4.159e-03
15:47:36.116 [ INFO] step=  5831  t=24.24660  ResidMax=1.740e-04  DilMax=6.479e-01  dt=4.159e-03
15:47:36.153 [ INFO] step=  5832  t=24.25076  ResidMax=1.738e-04  DilMax=6.479e-01  dt=4.159e-03
15:47:36.191 [ INFO] step=  5833  t=24.25491  ResidMax=1.736e-04  DilMax=6.479e-01  dt=4.159e-03
15:47:36.227 [ INFO] step=  5834  t=24.25907  ResidMax=1.734e-04  DilMax=6.479e-01  dt=4.159e-03
15:47:36.265 [ INFO] step=  5835  t=24.26323  ResidMax=1.732e-04  DilMax=6.479e-01  dt=4.159e-03
15:47:36.302 [ INFO] step=  5836  t=24.26739  ResidMax=1.730e-04  DilMax=6.479e-01  dt=4.159e-03
15:47:36.340 [ INFO] step=  5837  t=24.27155  ResidMax=1.727e-04  DilMax=6.479e-01  dt=4.159e-03
15:47:36.377 [ INFO] step=  5838  t=24.27571  ResidMax=1.725e-04  DilMax=6.479e-01  dt=4.159e-03
15:47:36.415 [ INFO] step=  5839  t=24.27987  ResidMax=1.723e-04  DilMax=6.479e-01  dt=4.159e-03
15:47:36.452 [ INFO] step=  5840  t=24.28402  ResidMax=1.721e-04  DilMax=6.479e-01  dt=4.159e-03
15:47:36.489 [ INFO] step=  5841  t=24.28818  ResidMax=1.719e-04  DilMax=6.479e-01  dt=4.159e-03
15:47:36.526 [ INFO] step=  5842  t=24.29234  ResidMax=1.717e-04  DilMax=6.479e-01  dt=4.159e-03
15:47:36.563 [ INFO] step=  5843  t=24.29650  ResidMax=1.715e-04  DilMax=6.479e-01  dt=4.159e-03
15:47:36.600 [ INFO] step=  5844  t=24.30066  ResidMax=1.712e-04  DilMax=6.479e-01  dt=4.159e-03
15:47:36.637 [ INFO] step=  5845  t=24.30482  ResidMax=1.710e-04  DilMax=6.479e-01  dt=4.159e-03
15:47:36.677 [ INFO] step=  5846  t=24.30898  ResidMax=1.708e-04  DilMax=6.479e-01  dt=4.159e-03
15:47:36.714 [ INFO] step=  5847  t=24.31314  ResidMax=1.706e-04  DilMax=6.479e-01  dt=4.159e-03
15:47:36.751 [ INFO] step=  5848  t=24.31729  ResidMax=1.704e-04  DilMax=6.479e-01  dt=4.159e-03
15:47:36.788 [ INFO] step=  5849  t=24.32145  ResidMax=1.702e-04  DilMax=6.479e-01  dt=4.159e-03
15:47:36.826 [ INFO] step=  5850  t=24.32561  ResidMax=1.700e-04  DilMax=6.479e-01  dt=4.159e-03
15:47:36.862 [ INFO] step=  5851  t=24.32977  ResidMax=1.697e-04  DilMax=6.479e-01  dt=4.159e-03
15:47:36.900 [ INFO] step=  5852  t=24.33393  ResidMax=1.695e-04  DilMax=6.479e-01  dt=4.159e-03
15:47:36.938 [ INFO] step=  5853  t=24.33809  ResidMax=1.693e-04  DilMax=6.479e-01  dt=4.159e-03
15:47:36.975 [ INFO] step=  5854  t=24.34225  ResidMax=1.691e-04  DilMax=6.479e-01  dt=4.159e-03
15:47:37.012 [ INFO] step=  5855  t=24.34640  ResidMax=1.689e-04  DilMax=6.479e-01  dt=4.159e-03
15:47:37.049 [ INFO] step=  5856  t=24.35056  ResidMax=1.687e-04  DilMax=6.479e-01  dt=4.159e-03
15:47:37.086 [ INFO] step=  5857  t=24.35472  ResidMax=1.685e-04  DilMax=6.479e-01  dt=4.159e-03
15:47:37.123 [ INFO] step=  5858  t=24.35888  ResidMax=1.683e-04  DilMax=6.479e-01  dt=4.159e-03
15:47:37.161 [ INFO] step=  5859  t=24.36304  ResidMax=1.681e-04  DilMax=6.479e-01  dt=4.159e-03
15:47:37.198 [ INFO] step=  5860  t=24.36720  ResidMax=1.679e-04  DilMax=6.479e-01  dt=4.159e-03
15:47:37.235 [ INFO] step=  5861  t=24.37136  ResidMax=1.676e-04  DilMax=6.479e-01  dt=4.159e-03
15:47:37.273 [ INFO] step=  5862  t=24.37552  ResidMax=1.674e-04  DilMax=6.479e-01  dt=4.159e-03
15:47:37.310 [ INFO] step=  5863  t=24.37967  ResidMax=1.672e-04  DilMax=6.479e-01  dt=4.159e-03
15:47:37.347 [ INFO] step=  5864  t=24.38383  ResidMax=1.670e-04  DilMax=6.479e-01  dt=4.159e-03
15:47:37.385 [ INFO] step=  5865  t=24.38799  ResidMax=1.668e-04  DilMax=6.479e-01  dt=4.159e-03
15:47:37.421 [ INFO] step=  5866  t=24.39215  ResidMax=1.666e-04  DilMax=6.479e-01  dt=4.159e-03
15:47:37.458 [ INFO] step=  5867  t=24.39631  ResidMax=1.664e-04  DilMax=6.479e-01  dt=4.159e-03
15:47:37.496 [ INFO] step=  5868  t=24.40047  ResidMax=1.662e-04  DilMax=6.479e-01  dt=4.159e-03
15:47:37.533 [ INFO] step=  5869  t=24.40463  ResidMax=1.660e-04  DilMax=6.479e-01  dt=4.159e-03
15:47:37.571 [ INFO] step=  5870  t=24.40878  ResidMax=1.658e-04  DilMax=6.479e-01  dt=4.159e-03
15:47:37.609 [ INFO] step=  5871  t=24.41294  ResidMax=1.656e-04  DilMax=6.479e-01  dt=4.159e-03
15:47:37.647 [ INFO] step=  5872  t=24.41710  ResidMax=1.654e-04  DilMax=6.479e-01  dt=4.159e-03
15:47:37.686 [ INFO] step=  5873  t=24.42126  ResidMax=1.651e-04  DilMax=6.479e-01  dt=4.159e-03
15:47:37.723 [ INFO] step=  5874  t=24.42542  ResidMax=1.649e-04  DilMax=6.479e-01  dt=4.159e-03
15:47:37.761 [ INFO] step=  5875  t=24.42958  ResidMax=1.647e-04  DilMax=6.479e-01  dt=4.159e-03
15:47:37.798 [ INFO] step=  5876  t=24.43374  ResidMax=1.645e-04  DilMax=6.479e-01  dt=4.159e-03
15:47:37.836 [ INFO] step=  5877  t=24.43790  ResidMax=1.643e-04  DilMax=6.479e-01  dt=4.159e-03
15:47:37.878 [ INFO] step=  5878  t=24.44205  ResidMax=1.641e-04  DilMax=6.479e-01  dt=4.159e-03
15:47:37.927 [ INFO] step=  5879  t=24.44621  ResidMax=1.639e-04  DilMax=6.479e-01  dt=4.159e-03
15:47:37.978 [ INFO] step=  5880  t=24.45037  ResidMax=1.637e-04  DilMax=6.479e-01  dt=4.159e-03
15:47:38.016 [ INFO] step=  5881  t=24.45453  ResidMax=1.635e-04  DilMax=6.479e-01  dt=4.159e-03
15:47:38.053 [ INFO] step=  5882  t=24.45869  ResidMax=1.633e-04  DilMax=6.479e-01  dt=4.159e-03
15:47:38.094 [ INFO] step=  5883  t=24.46285  ResidMax=1.631e-04  DilMax=6.479e-01  dt=4.159e-03
15:47:38.131 [ INFO] step=  5884  t=24.46701  ResidMax=1.629e-04  DilMax=6.479e-01  dt=4.159e-03
15:47:38.168 [ INFO] step=  5885  t=24.47116  ResidMax=1.627e-04  DilMax=6.479e-01  dt=4.159e-03
15:47:38.205 [ INFO] step=  5886  t=24.47532  ResidMax=1.625e-04  DilMax=6.479e-01  dt=4.159e-03
15:47:38.243 [ INFO] step=  5887  t=24.47948  ResidMax=1.623e-04  DilMax=6.479e-01  dt=4.159e-03
15:47:38.280 [ INFO] step=  5888  t=24.48364  ResidMax=1.621e-04  DilMax=6.479e-01  dt=4.159e-03
15:47:38.317 [ INFO] step=  5889  t=24.48780  ResidMax=1.619e-04  DilMax=6.479e-01  dt=4.159e-03
15:47:38.354 [ INFO] step=  5890  t=24.49196  ResidMax=1.617e-04  DilMax=6.479e-01  dt=4.159e-03
15:47:38.390 [ INFO] step=  5891  t=24.49612  ResidMax=1.615e-04  DilMax=6.479e-01  dt=4.159e-03
15:47:38.427 [ INFO] step=  5892  t=24.50028  ResidMax=1.613e-04  DilMax=6.479e-01  dt=4.159e-03
15:47:38.464 [ INFO] step=  5893  t=24.50443  ResidMax=1.611e-04  DilMax=6.479e-01  dt=4.159e-03
15:47:38.501 [ INFO] step=  5894  t=24.50859  ResidMax=1.609e-04  DilMax=6.479e-01  dt=4.159e-03
15:47:38.537 [ INFO] step=  5895  t=24.51275  ResidMax=1.607e-04  DilMax=6.479e-01  dt=4.159e-03
15:47:38.574 [ INFO] step=  5896  t=24.51691  ResidMax=1.605e-04  DilMax=6.479e-01  dt=4.159e-03
15:47:38.611 [ INFO] step=  5897  t=24.52107  ResidMax=1.603e-04  DilMax=6.479e-01  dt=4.159e-03
15:47:38.648 [ INFO] step=  5898  t=24.52523  ResidMax=1.601e-04  DilMax=6.479e-01  dt=4.159e-03
15:47:38.686 [ INFO] step=  5899  t=24.52939  ResidMax=1.599e-04  DilMax=6.479e-01  dt=4.159e-03
15:47:38.723 [ INFO] step=  5900  t=24.53354  ResidMax=1.597e-04  DilMax=6.479e-01  dt=4.159e-03
15:47:38.761 [ INFO] step=  5901  t=24.53770  ResidMax=1.595e-04  DilMax=6.479e-01  dt=4.159e-03
15:47:38.798 [ INFO] step=  5902  t=24.54186  ResidMax=1.593e-04  DilMax=6.479e-01  dt=4.159e-03
15:47:38.835 [ INFO] step=  5903  t=24.54602  ResidMax=1.591e-04  DilMax=6.479e-01  dt=4.159e-03
15:47:38.873 [ INFO] step=  5904  t=24.55018  ResidMax=1.589e-04  DilMax=6.479e-01  dt=4.159e-03
15:47:38.909 [ INFO] step=  5905  t=24.55434  ResidMax=1.587e-04  DilMax=6.479e-01  dt=4.159e-03
15:47:38.946 [ INFO] step=  5906  t=24.55850  ResidMax=1.585e-04  DilMax=6.479e-01  dt=4.159e-03
15:47:38.983 [ INFO] step=  5907  t=24.56265  ResidMax=1.583e-04  DilMax=6.479e-01  dt=4.159e-03
15:47:39.020 [ INFO] step=  5908  t=24.56681  ResidMax=1.581e-04  DilMax=6.479e-01  dt=4.159e-03
15:47:39.057 [ INFO] step=  5909  t=24.57097  ResidMax=1.579e-04  DilMax=6.479e-01  dt=4.159e-03
15:47:39.094 [ INFO] step=  5910  t=24.57513  ResidMax=1.577e-04  DilMax=6.479e-01  dt=4.159e-03
15:47:39.131 [ INFO] step=  5911  t=24.57929  ResidMax=1.575e-04  DilMax=6.479e-01  dt=4.159e-03
15:47:39.169 [ INFO] step=  5912  t=24.58345  ResidMax=1.574e-04  DilMax=6.479e-01  dt=4.159e-03
15:47:39.206 [ INFO] step=  5913  t=24.58761  ResidMax=1.572e-04  DilMax=6.479e-01  dt=4.159e-03
15:47:39.243 [ INFO] step=  5914  t=24.59177  ResidMax=1.570e-04  DilMax=6.479e-01  dt=4.159e-03
15:47:39.281 [ INFO] step=  5915  t=24.59592  ResidMax=1.568e-04  DilMax=6.479e-01  dt=4.159e-03
15:47:39.319 [ INFO] step=  5916  t=24.60008  ResidMax=1.566e-04  DilMax=6.479e-01  dt=4.159e-03
15:47:39.357 [ INFO] step=  5917  t=24.60424  ResidMax=1.564e-04  DilMax=6.479e-01  dt=4.159e-03
15:47:39.394 [ INFO] step=  5918  t=24.60840  ResidMax=1.562e-04  DilMax=6.479e-01  dt=4.159e-03
15:47:39.432 [ INFO] step=  5919  t=24.61256  ResidMax=1.560e-04  DilMax=6.479e-01  dt=4.159e-03
15:47:39.469 [ INFO] step=  5920  t=24.61672  ResidMax=1.558e-04  DilMax=6.479e-01  dt=4.159e-03
15:47:39.506 [ INFO] step=  5921  t=24.62088  ResidMax=1.556e-04  DilMax=6.479e-01  dt=4.159e-03
15:47:39.543 [ INFO] step=  5922  t=24.62503  ResidMax=1.554e-04  DilMax=6.479e-01  dt=4.159e-03
15:47:39.580 [ INFO] step=  5923  t=24.62919  ResidMax=1.552e-04  DilMax=6.479e-01  dt=4.159e-03
15:47:39.618 [ INFO] step=  5924  t=24.63335  ResidMax=1.550e-04  DilMax=6.479e-01  dt=4.159e-03
15:47:39.655 [ INFO] step=  5925  t=24.63751  ResidMax=1.548e-04  DilMax=6.479e-01  dt=4.159e-03
15:47:39.694 [ INFO] step=  5926  t=24.64167  ResidMax=1.546e-04  DilMax=6.479e-01  dt=4.159e-03
15:47:39.731 [ INFO] step=  5927  t=24.64583  ResidMax=1.545e-04  DilMax=6.479e-01  dt=4.159e-03
15:47:39.768 [ INFO] step=  5928  t=24.64999  ResidMax=1.543e-04  DilMax=6.479e-01  dt=4.159e-03
15:47:39.806 [ INFO] step=  5929  t=24.65415  ResidMax=1.541e-04  DilMax=6.479e-01  dt=4.159e-03
15:47:39.844 [ INFO] step=  5930  t=24.65830  ResidMax=1.539e-04  DilMax=6.479e-01  dt=4.159e-03
15:47:39.881 [ INFO] step=  5931  t=24.66246  ResidMax=1.537e-04  DilMax=6.479e-01  dt=4.159e-03
15:47:39.919 [ INFO] step=  5932  t=24.66662  ResidMax=1.535e-04  DilMax=6.479e-01  dt=4.159e-03
15:47:39.957 [ INFO] step=  5933  t=24.67078  ResidMax=1.533e-04  DilMax=6.479e-01  dt=4.159e-03
15:47:39.994 [ INFO] step=  5934  t=24.67494  ResidMax=1.531e-04  DilMax=6.479e-01  dt=4.159e-03
15:47:40.030 [ INFO] step=  5935  t=24.67910  ResidMax=1.529e-04  DilMax=6.479e-01  dt=4.159e-03
15:47:40.068 [ INFO] step=  5936  t=24.68326  ResidMax=1.528e-04  DilMax=6.479e-01  dt=4.159e-03
15:47:40.105 [ INFO] step=  5937  t=24.68741  ResidMax=1.526e-04  DilMax=6.479e-01  dt=4.159e-03
15:47:40.141 [ INFO] step=  5938  t=24.69157  ResidMax=1.524e-04  DilMax=6.479e-01  dt=4.159e-03
15:47:40.178 [ INFO] step=  5939  t=24.69573  ResidMax=1.522e-04  DilMax=6.479e-01  dt=4.159e-03
15:47:40.215 [ INFO] step=  5940  t=24.69989  ResidMax=1.520e-04  DilMax=6.479e-01  dt=4.159e-03
15:47:40.252 [ INFO] step=  5941  t=24.70405  ResidMax=1.518e-04  DilMax=6.479e-01  dt=4.159e-03
15:47:40.290 [ INFO] step=  5942  t=24.70821  ResidMax=1.516e-04  DilMax=6.479e-01  dt=4.159e-03
15:47:40.327 [ INFO] step=  5943  t=24.71237  ResidMax=1.514e-04  DilMax=6.479e-01  dt=4.159e-03
15:47:40.364 [ INFO] step=  5944  t=24.71653  ResidMax=1.513e-04  DilMax=6.479e-01  dt=4.159e-03
15:47:40.402 [ INFO] step=  5945  t=24.72068  ResidMax=1.511e-04  DilMax=6.479e-01  dt=4.159e-03
15:47:40.439 [ INFO] step=  5946  t=24.72484  ResidMax=1.509e-04  DilMax=6.479e-01  dt=4.159e-03
15:47:40.475 [ INFO] step=  5947  t=24.72900  ResidMax=1.507e-04  DilMax=6.479e-01  dt=4.159e-03
15:47:40.512 [ INFO] step=  5948  t=24.73316  ResidMax=1.505e-04  DilMax=6.479e-01  dt=4.159e-03
15:47:40.549 [ INFO] step=  5949  t=24.73732  ResidMax=1.504e-04  DilMax=6.479e-01  dt=4.159e-03
15:47:40.587 [ INFO] step=  5950  t=24.74148  ResidMax=1.502e-04  DilMax=6.479e-01  dt=4.159e-03
15:47:40.624 [ INFO] step=  5951  t=24.74564  ResidMax=1.500e-04  DilMax=6.479e-01  dt=4.159e-03
15:47:40.661 [ INFO] step=  5952  t=24.74979  ResidMax=1.498e-04  DilMax=6.479e-01  dt=4.159e-03
15:47:40.700 [ INFO] step=  5953  t=24.75395  ResidMax=1.496e-04  DilMax=6.479e-01  dt=4.159e-03
15:47:40.737 [ INFO] step=  5954  t=24.75811  ResidMax=1.494e-04  DilMax=6.479e-01  dt=4.159e-03
15:47:40.774 [ INFO] step=  5955  t=24.76227  ResidMax=1.493e-04  DilMax=6.479e-01  dt=4.159e-03
15:47:40.811 [ INFO] step=  5956  t=24.76643  ResidMax=1.491e-04  DilMax=6.479e-01  dt=4.159e-03
15:47:40.848 [ INFO] step=  5957  t=24.77059  ResidMax=1.489e-04  DilMax=6.479e-01  dt=4.159e-03
15:47:40.887 [ INFO] step=  5958  t=24.77475  ResidMax=1.487e-04  DilMax=6.479e-01  dt=4.159e-03
15:47:40.951 [ INFO] step=  5959  t=24.77891  ResidMax=1.485e-04  DilMax=6.479e-01  dt=4.159e-03
15:47:40.988 [ INFO] step=  5960  t=24.78306  ResidMax=1.483e-04  DilMax=6.479e-01  dt=4.159e-03
15:47:41.026 [ INFO] step=  5961  t=24.78722  ResidMax=1.482e-04  DilMax=6.479e-01  dt=4.159e-03
15:47:41.063 [ INFO] step=  5962  t=24.79138  ResidMax=1.480e-04  DilMax=6.479e-01  dt=4.159e-03
15:47:41.100 [ INFO] step=  5963  t=24.79554  ResidMax=1.478e-04  DilMax=6.479e-01  dt=4.159e-03
15:47:41.138 [ INFO] step=  5964  t=24.79970  ResidMax=1.476e-04  DilMax=6.479e-01  dt=4.159e-03
15:47:41.175 [ INFO] step=  5965  t=24.80386  ResidMax=1.475e-04  DilMax=6.479e-01  dt=4.159e-03
15:47:41.213 [ INFO] step=  5966  t=24.80802  ResidMax=1.473e-04  DilMax=6.479e-01  dt=4.159e-03
15:47:41.250 [ INFO] step=  5967  t=24.81217  ResidMax=1.471e-04  DilMax=6.479e-01  dt=4.159e-03
15:47:41.288 [ INFO] step=  5968  t=24.81633  ResidMax=1.469e-04  DilMax=6.479e-01  dt=4.159e-03
15:47:41.325 [ INFO] step=  5969  t=24.82049  ResidMax=1.467e-04  DilMax=6.479e-01  dt=4.159e-03
15:47:41.363 [ INFO] step=  5970  t=24.82465  ResidMax=1.466e-04  DilMax=6.479e-01  dt=4.159e-03
15:47:41.400 [ INFO] step=  5971  t=24.82881  ResidMax=1.464e-04  DilMax=6.479e-01  dt=4.159e-03
15:47:41.438 [ INFO] step=  5972  t=24.83297  ResidMax=1.462e-04  DilMax=6.479e-01  dt=4.159e-03
15:47:41.476 [ INFO] step=  5973  t=24.83713  ResidMax=1.460e-04  DilMax=6.479e-01  dt=4.159e-03
15:47:41.513 [ INFO] step=  5974  t=24.84129  ResidMax=1.459e-04  DilMax=6.479e-01  dt=4.159e-03
15:47:41.551 [ INFO] step=  5975  t=24.84544  ResidMax=1.457e-04  DilMax=6.479e-01  dt=4.159e-03
15:47:41.588 [ INFO] step=  5976  t=24.84960  ResidMax=1.455e-04  DilMax=6.479e-01  dt=4.159e-03
15:47:41.626 [ INFO] step=  5977  t=24.85376  ResidMax=1.453e-04  DilMax=6.479e-01  dt=4.159e-03
15:47:41.664 [ INFO] step=  5978  t=24.85792  ResidMax=1.451e-04  DilMax=6.479e-01  dt=4.159e-03
15:47:41.702 [ INFO] step=  5979  t=24.86208  ResidMax=1.450e-04  DilMax=6.479e-01  dt=4.159e-03
15:47:41.740 [ INFO] step=  5980  t=24.86624  ResidMax=1.448e-04  DilMax=6.479e-01  dt=4.159e-03
15:47:41.778 [ INFO] step=  5981  t=24.87040  ResidMax=1.446e-04  DilMax=6.479e-01  dt=4.159e-03
15:47:41.815 [ INFO] step=  5982  t=24.87455  ResidMax=1.445e-04  DilMax=6.479e-01  dt=4.159e-03
15:47:41.852 [ INFO] step=  5983  t=24.87871  ResidMax=1.443e-04  DilMax=6.479e-01  dt=4.159e-03
15:47:41.891 [ INFO] step=  5984  t=24.88287  ResidMax=1.441e-04  DilMax=6.479e-01  dt=4.159e-03
15:47:41.928 [ INFO] step=  5985  t=24.88703  ResidMax=1.439e-04  DilMax=6.479e-01  dt=4.159e-03
15:47:41.965 [ INFO] step=  5986  t=24.89119  ResidMax=1.437e-04  DilMax=6.479e-01  dt=4.159e-03
15:47:42.002 [ INFO] step=  5987  t=24.89535  ResidMax=1.436e-04  DilMax=6.479e-01  dt=4.159e-03
15:47:42.039 [ INFO] step=  5988  t=24.89951  ResidMax=1.434e-04  DilMax=6.479e-01  dt=4.159e-03
15:47:42.076 [ INFO] step=  5989  t=24.90367  ResidMax=1.433e-04  DilMax=6.479e-01  dt=4.159e-03
15:47:42.113 [ INFO] step=  5990  t=24.90782  ResidMax=1.431e-04  DilMax=6.479e-01  dt=4.159e-03
15:47:42.150 [ INFO] step=  5991  t=24.91198  ResidMax=1.429e-04  DilMax=6.479e-01  dt=4.159e-03
15:47:42.187 [ INFO] step=  5992  t=24.91614  ResidMax=1.427e-04  DilMax=6.479e-01  dt=4.159e-03
15:47:42.224 [ INFO] step=  5993  t=24.92030  ResidMax=1.426e-04  DilMax=6.479e-01  dt=4.159e-03
15:47:42.262 [ INFO] step=  5994  t=24.92446  ResidMax=1.424e-04  DilMax=6.479e-01  dt=4.159e-03
15:47:42.299 [ INFO] step=  5995  t=24.92862  ResidMax=1.422e-04  DilMax=6.479e-01  dt=4.159e-03
15:47:42.336 [ INFO] step=  5996  t=24.93278  ResidMax=1.421e-04  DilMax=6.479e-01  dt=4.159e-03
15:47:42.374 [ INFO] step=  5997  t=24.93693  ResidMax=1.419e-04  DilMax=6.479e-01  dt=4.159e-03
15:47:42.411 [ INFO] step=  5998  t=24.94109  ResidMax=1.417e-04  DilMax=6.479e-01  dt=4.159e-03
15:47:42.448 [ INFO] step=  5999  t=24.94525  ResidMax=1.416e-04  DilMax=6.479e-01  dt=4.159e-03
15:47:42.485 [ INFO] step=  6000  t=24.94941  ResidMax=1.414e-04  DilMax=6.479e-01  dt=4.159e-03
15:47:42.791 [ INFO] VTK snapshot written → results/backstep_validation/step_re100_t006000.vtk
15:47:44.835 [ INFO] step=  6001  t=24.95357  ResidMax=1.412e-04  DilMax=6.479e-01  dt=4.159e-03
15:47:44.873 [ INFO] step=  6002  t=24.95773  ResidMax=1.410e-04  DilMax=6.479e-01  dt=4.159e-03
15:47:44.913 [ INFO] step=  6003  t=24.96189  ResidMax=1.409e-04  DilMax=6.479e-01  dt=4.159e-03
15:47:44.958 [ INFO] step=  6004  t=24.96605  ResidMax=1.407e-04  DilMax=6.479e-01  dt=4.159e-03
15:47:44.996 [ INFO] step=  6005  t=24.97020  ResidMax=1.405e-04  DilMax=6.479e-01  dt=4.159e-03
15:47:45.033 [ INFO] step=  6006  t=24.97436  ResidMax=1.404e-04  DilMax=6.479e-01  dt=4.159e-03
15:47:45.070 [ INFO] step=  6007  t=24.97852  ResidMax=1.402e-04  DilMax=6.479e-01  dt=4.159e-03
15:47:45.107 [ INFO] step=  6008  t=24.98268  ResidMax=1.401e-04  DilMax=6.479e-01  dt=4.159e-03
15:47:45.144 [ INFO] step=  6009  t=24.98684  ResidMax=1.399e-04  DilMax=6.479e-01  dt=4.159e-03
15:47:45.181 [ INFO] step=  6010  t=24.99100  ResidMax=1.397e-04  DilMax=6.479e-01  dt=4.159e-03
15:47:45.219 [ INFO] step=  6011  t=24.99516  ResidMax=1.395e-04  DilMax=6.479e-01  dt=4.159e-03
15:47:45.256 [ INFO] step=  6012  t=24.99931  ResidMax=1.394e-04  DilMax=6.479e-01  dt=4.159e-03
15:47:45.293 [ INFO] step=  6013  t=25.00347  ResidMax=1.392e-04  DilMax=6.479e-01  dt=4.159e-03
15:47:45.331 [ INFO] step=  6014  t=25.00763  ResidMax=1.391e-04  DilMax=6.479e-01  dt=4.159e-03
15:47:45.369 [ INFO] step=  6015  t=25.01179  ResidMax=1.389e-04  DilMax=6.479e-01  dt=4.159e-03
15:47:45.407 [ INFO] step=  6016  t=25.01595  ResidMax=1.387e-04  DilMax=6.479e-01  dt=4.159e-03
15:47:45.445 [ INFO] step=  6017  t=25.02011  ResidMax=1.386e-04  DilMax=6.479e-01  dt=4.159e-03
15:47:45.482 [ INFO] step=  6018  t=25.02427  ResidMax=1.384e-04  DilMax=6.479e-01  dt=4.159e-03
15:47:45.520 [ INFO] step=  6019  t=25.02843  ResidMax=1.382e-04  DilMax=6.479e-01  dt=4.159e-03
15:47:45.558 [ INFO] step=  6020  t=25.03258  ResidMax=1.381e-04  DilMax=6.479e-01  dt=4.159e-03
15:47:45.595 [ INFO] step=  6021  t=25.03674  ResidMax=1.379e-04  DilMax=6.479e-01  dt=4.159e-03
15:47:45.632 [ INFO] step=  6022  t=25.04090  ResidMax=1.378e-04  DilMax=6.479e-01  dt=4.159e-03
15:47:45.669 [ INFO] step=  6023  t=25.04506  ResidMax=1.376e-04  DilMax=6.479e-01  dt=4.159e-03
15:47:45.706 [ INFO] step=  6024  t=25.04922  ResidMax=1.375e-04  DilMax=6.479e-01  dt=4.159e-03
15:47:45.744 [ INFO] step=  6025  t=25.05338  ResidMax=1.373e-04  DilMax=6.479e-01  dt=4.159e-03
15:47:45.782 [ INFO] step=  6026  t=25.05754  ResidMax=1.371e-04  DilMax=6.479e-01  dt=4.159e-03
15:47:45.819 [ INFO] step=  6027  t=25.06169  ResidMax=1.370e-04  DilMax=6.479e-01  dt=4.159e-03
15:47:45.857 [ INFO] step=  6028  t=25.06585  ResidMax=1.368e-04  DilMax=6.479e-01  dt=4.159e-03
15:47:45.895 [ INFO] step=  6029  t=25.07001  ResidMax=1.366e-04  DilMax=6.479e-01  dt=4.159e-03
15:47:45.931 [ INFO] step=  6030  t=25.07417  ResidMax=1.365e-04  DilMax=6.479e-01  dt=4.159e-03
15:47:45.969 [ INFO] step=  6031  t=25.07833  ResidMax=1.363e-04  DilMax=6.479e-01  dt=4.159e-03
15:47:46.006 [ INFO] step=  6032  t=25.08249  ResidMax=1.362e-04  DilMax=6.479e-01  dt=4.159e-03
15:47:46.043 [ INFO] step=  6033  t=25.08665  ResidMax=1.360e-04  DilMax=6.479e-01  dt=4.159e-03
15:47:46.080 [ INFO] step=  6034  t=25.09081  ResidMax=1.359e-04  DilMax=6.479e-01  dt=4.159e-03
15:47:46.117 [ INFO] step=  6035  t=25.09496  ResidMax=1.357e-04  DilMax=6.479e-01  dt=4.159e-03
15:47:46.154 [ INFO] step=  6036  t=25.09912  ResidMax=1.356e-04  DilMax=6.479e-01  dt=4.159e-03
15:47:46.190 [ INFO] step=  6037  t=25.10328  ResidMax=1.354e-04  DilMax=6.479e-01  dt=4.159e-03
15:47:46.228 [ INFO] step=  6038  t=25.10744  ResidMax=1.352e-04  DilMax=6.479e-01  dt=4.159e-03
15:47:46.264 [ INFO] step=  6039  t=25.11160  ResidMax=1.351e-04  DilMax=6.479e-01  dt=4.159e-03
15:47:46.302 [ INFO] step=  6040  t=25.11576  ResidMax=1.350e-04  DilMax=6.479e-01  dt=4.159e-03
15:47:46.339 [ INFO] step=  6041  t=25.11992  ResidMax=1.348e-04  DilMax=6.479e-01  dt=4.159e-03
15:47:46.376 [ INFO] step=  6042  t=25.12407  ResidMax=1.347e-04  DilMax=6.479e-01  dt=4.159e-03
15:47:46.413 [ INFO] step=  6043  t=25.12823  ResidMax=1.345e-04  DilMax=6.479e-01  dt=4.159e-03
15:47:46.450 [ INFO] step=  6044  t=25.13239  ResidMax=1.344e-04  DilMax=6.479e-01  dt=4.159e-03
15:47:46.487 [ INFO] step=  6045  t=25.13655  ResidMax=1.342e-04  DilMax=6.479e-01  dt=4.159e-03
15:47:46.524 [ INFO] step=  6046  t=25.14071  ResidMax=1.340e-04  DilMax=6.479e-01  dt=4.159e-03
15:47:46.562 [ INFO] step=  6047  t=25.14487  ResidMax=1.339e-04  DilMax=6.479e-01  dt=4.159e-03
15:47:46.599 [ INFO] step=  6048  t=25.14903  ResidMax=1.337e-04  DilMax=6.479e-01  dt=4.159e-03
15:47:46.637 [ INFO] step=  6049  t=25.15319  ResidMax=1.336e-04  DilMax=6.479e-01  dt=4.159e-03
15:47:46.674 [ INFO] step=  6050  t=25.15734  ResidMax=1.335e-04  DilMax=6.479e-01  dt=4.159e-03
15:47:46.711 [ INFO] step=  6051  t=25.16150  ResidMax=1.333e-04  DilMax=6.479e-01  dt=4.159e-03
15:47:46.748 [ INFO] step=  6052  t=25.16566  ResidMax=1.332e-04  DilMax=6.479e-01  dt=4.159e-03
15:47:46.786 [ INFO] step=  6053  t=25.16982  ResidMax=1.330e-04  DilMax=6.479e-01  dt=4.159e-03
15:47:46.825 [ INFO] step=  6054  t=25.17398  ResidMax=1.329e-04  DilMax=6.479e-01  dt=4.159e-03
15:47:46.863 [ INFO] step=  6055  t=25.17814  ResidMax=1.327e-04  DilMax=6.479e-01  dt=4.159e-03
15:47:46.902 [ INFO] step=  6056  t=25.18230  ResidMax=1.326e-04  DilMax=6.479e-01  dt=4.159e-03
15:47:46.940 [ INFO] step=  6057  t=25.18645  ResidMax=1.324e-04  DilMax=6.479e-01  dt=4.159e-03
15:47:46.986 [ INFO] step=  6058  t=25.19061  ResidMax=1.323e-04  DilMax=6.479e-01  dt=4.159e-03
15:47:47.029 [ INFO] step=  6059  t=25.19477  ResidMax=1.321e-04  DilMax=6.479e-01  dt=4.159e-03
15:47:47.070 [ INFO] step=  6060  t=25.19893  ResidMax=1.320e-04  DilMax=6.478e-01  dt=4.159e-03
15:47:47.112 [ INFO] step=  6061  t=25.20309  ResidMax=1.318e-04  DilMax=6.478e-01  dt=4.159e-03
15:47:47.153 [ INFO] step=  6062  t=25.20725  ResidMax=1.317e-04  DilMax=6.478e-01  dt=4.159e-03
15:47:47.194 [ INFO] step=  6063  t=25.21141  ResidMax=1.315e-04  DilMax=6.478e-01  dt=4.159e-03
15:47:47.237 [ INFO] step=  6064  t=25.21557  ResidMax=1.314e-04  DilMax=6.478e-01  dt=4.159e-03
15:47:47.278 [ INFO] step=  6065  t=25.21972  ResidMax=1.313e-04  DilMax=6.478e-01  dt=4.159e-03
15:47:47.320 [ INFO] step=  6066  t=25.22388  ResidMax=1.311e-04  DilMax=6.478e-01  dt=4.159e-03
15:47:47.362 [ INFO] step=  6067  t=25.22804  ResidMax=1.310e-04  DilMax=6.478e-01  dt=4.159e-03
15:47:47.402 [ INFO] step=  6068  t=25.23220  ResidMax=1.308e-04  DilMax=6.478e-01  dt=4.159e-03
15:47:47.442 [ INFO] step=  6069  t=25.23636  ResidMax=1.307e-04  DilMax=6.478e-01  dt=4.159e-03
15:47:47.482 [ INFO] step=  6070  t=25.24052  ResidMax=1.306e-04  DilMax=6.478e-01  dt=4.159e-03
15:47:47.522 [ INFO] step=  6071  t=25.24468  ResidMax=1.304e-04  DilMax=6.478e-01  dt=4.159e-03
15:47:47.562 [ INFO] step=  6072  t=25.24883  ResidMax=1.303e-04  DilMax=6.478e-01  dt=4.159e-03
15:47:47.602 [ INFO] step=  6073  t=25.25299  ResidMax=1.301e-04  DilMax=6.478e-01  dt=4.159e-03
15:47:47.642 [ INFO] step=  6074  t=25.25715  ResidMax=1.300e-04  DilMax=6.478e-01  dt=4.159e-03
15:47:47.683 [ INFO] step=  6075  t=25.26131  ResidMax=1.299e-04  DilMax=6.478e-01  dt=4.159e-03
15:47:47.722 [ INFO] step=  6076  t=25.26547  ResidMax=1.297e-04  DilMax=6.478e-01  dt=4.159e-03
15:47:47.762 [ INFO] step=  6077  t=25.26963  ResidMax=1.296e-04  DilMax=6.478e-01  dt=4.159e-03
15:47:47.805 [ INFO] step=  6078  t=25.27379  ResidMax=1.294e-04  DilMax=6.478e-01  dt=4.159e-03
15:47:47.845 [ INFO] step=  6079  t=25.27794  ResidMax=1.293e-04  DilMax=6.478e-01  dt=4.159e-03
15:47:47.884 [ INFO] step=  6080  t=25.28210  ResidMax=1.291e-04  DilMax=6.478e-01  dt=4.159e-03
15:47:47.923 [ INFO] step=  6081  t=25.28626  ResidMax=1.290e-04  DilMax=6.478e-01  dt=4.159e-03
15:47:47.963 [ INFO] step=  6082  t=25.29042  ResidMax=1.289e-04  DilMax=6.478e-01  dt=4.159e-03
15:47:48.005 [ INFO] step=  6083  t=25.29458  ResidMax=1.288e-04  DilMax=6.478e-01  dt=4.159e-03
15:47:48.046 [ INFO] step=  6084  t=25.29874  ResidMax=1.286e-04  DilMax=6.478e-01  dt=4.159e-03
15:47:48.087 [ INFO] step=  6085  t=25.30290  ResidMax=1.285e-04  DilMax=6.478e-01  dt=4.159e-03
15:47:48.127 [ INFO] step=  6086  t=25.30706  ResidMax=1.283e-04  DilMax=6.478e-01  dt=4.159e-03
15:47:48.168 [ INFO] step=  6087  t=25.31121  ResidMax=1.282e-04  DilMax=6.478e-01  dt=4.159e-03
15:47:48.208 [ INFO] step=  6088  t=25.31537  ResidMax=1.281e-04  DilMax=6.478e-01  dt=4.159e-03
15:47:48.250 [ INFO] step=  6089  t=25.31953  ResidMax=1.279e-04  DilMax=6.478e-01  dt=4.159e-03
15:47:48.290 [ INFO] step=  6090  t=25.32369  ResidMax=1.278e-04  DilMax=6.478e-01  dt=4.159e-03
15:47:48.330 [ INFO] step=  6091  t=25.32785  ResidMax=1.277e-04  DilMax=6.478e-01  dt=4.159e-03
15:47:48.372 [ INFO] step=  6092  t=25.33201  ResidMax=1.275e-04  DilMax=6.478e-01  dt=4.159e-03
15:47:48.413 [ INFO] step=  6093  t=25.33617  ResidMax=1.274e-04  DilMax=6.478e-01  dt=4.159e-03
15:47:48.453 [ INFO] step=  6094  t=25.34032  ResidMax=1.273e-04  DilMax=6.478e-01  dt=4.159e-03
15:47:48.493 [ INFO] step=  6095  t=25.34448  ResidMax=1.271e-04  DilMax=6.478e-01  dt=4.159e-03
15:47:48.534 [ INFO] step=  6096  t=25.34864  ResidMax=1.270e-04  DilMax=6.478e-01  dt=4.159e-03
15:47:48.577 [ INFO] step=  6097  t=25.35280  ResidMax=1.269e-04  DilMax=6.478e-01  dt=4.159e-03
15:47:48.618 [ INFO] step=  6098  t=25.35696  ResidMax=1.267e-04  DilMax=6.478e-01  dt=4.159e-03
15:47:48.680 [ INFO] step=  6099  t=25.36112  ResidMax=1.266e-04  DilMax=6.478e-01  dt=4.159e-03
15:47:48.732 [ INFO] step=  6100  t=25.36528  ResidMax=1.265e-04  DilMax=6.478e-01  dt=4.159e-03
15:47:48.781 [ INFO] step=  6101  t=25.36944  ResidMax=1.264e-04  DilMax=6.478e-01  dt=4.159e-03
15:47:48.825 [ INFO] step=  6102  t=25.37359  ResidMax=1.262e-04  DilMax=6.478e-01  dt=4.159e-03
15:47:48.868 [ INFO] step=  6103  t=25.37775  ResidMax=1.261e-04  DilMax=6.478e-01  dt=4.159e-03
15:47:48.911 [ INFO] step=  6104  t=25.38191  ResidMax=1.260e-04  DilMax=6.478e-01  dt=4.159e-03
15:47:48.967 [ INFO] step=  6105  t=25.38607  ResidMax=1.258e-04  DilMax=6.478e-01  dt=4.159e-03
15:47:49.011 [ INFO] step=  6106  t=25.39023  ResidMax=1.257e-04  DilMax=6.478e-01  dt=4.159e-03
15:47:49.056 [ INFO] step=  6107  t=25.39439  ResidMax=1.256e-04  DilMax=6.478e-01  dt=4.159e-03
15:47:49.099 [ INFO] step=  6108  t=25.39855  ResidMax=1.255e-04  DilMax=6.478e-01  dt=4.159e-03
15:47:49.142 [ INFO] step=  6109  t=25.40270  ResidMax=1.254e-04  DilMax=6.478e-01  dt=4.159e-03
15:47:49.184 [ INFO] step=  6110  t=25.40686  ResidMax=1.252e-04  DilMax=6.478e-01  dt=4.159e-03
15:47:49.233 [ INFO] step=  6111  t=25.41102  ResidMax=1.251e-04  DilMax=6.478e-01  dt=4.159e-03
15:47:49.276 [ INFO] step=  6112  t=25.41518  ResidMax=1.250e-04  DilMax=6.478e-01  dt=4.159e-03
15:47:49.319 [ INFO] step=  6113  t=25.41934  ResidMax=1.248e-04  DilMax=6.478e-01  dt=4.159e-03
15:47:49.361 [ INFO] step=  6114  t=25.42350  ResidMax=1.247e-04  DilMax=6.478e-01  dt=4.159e-03
15:47:49.402 [ INFO] step=  6115  t=25.42766  ResidMax=1.246e-04  DilMax=6.478e-01  dt=4.159e-03
15:47:49.443 [ INFO] step=  6116  t=25.43182  ResidMax=1.245e-04  DilMax=6.478e-01  dt=4.159e-03
15:47:49.485 [ INFO] step=  6117  t=25.43597  ResidMax=1.244e-04  DilMax=6.478e-01  dt=4.159e-03
15:47:49.527 [ INFO] step=  6118  t=25.44013  ResidMax=1.242e-04  DilMax=6.478e-01  dt=4.159e-03
15:47:49.568 [ INFO] step=  6119  t=25.44429  ResidMax=1.241e-04  DilMax=6.478e-01  dt=4.159e-03
15:47:49.613 [ INFO] step=  6120  t=25.44845  ResidMax=1.240e-04  DilMax=6.478e-01  dt=4.159e-03
15:47:49.658 [ INFO] step=  6121  t=25.45261  ResidMax=1.238e-04  DilMax=6.478e-01  dt=4.159e-03
15:47:49.699 [ INFO] step=  6122  t=25.45677  ResidMax=1.237e-04  DilMax=6.478e-01  dt=4.159e-03
15:47:49.740 [ INFO] step=  6123  t=25.46093  ResidMax=1.236e-04  DilMax=6.478e-01  dt=4.159e-03
15:47:49.780 [ INFO] step=  6124  t=25.46508  ResidMax=1.235e-04  DilMax=6.478e-01  dt=4.159e-03
15:47:49.823 [ INFO] step=  6125  t=25.46924  ResidMax=1.234e-04  DilMax=6.478e-01  dt=4.159e-03
15:47:49.864 [ INFO] step=  6126  t=25.47340  ResidMax=1.233e-04  DilMax=6.478e-01  dt=4.159e-03
15:47:49.904 [ INFO] step=  6127  t=25.47756  ResidMax=1.231e-04  DilMax=6.478e-01  dt=4.159e-03
15:47:49.942 [ INFO] step=  6128  t=25.48172  ResidMax=1.230e-04  DilMax=6.478e-01  dt=4.159e-03
15:47:49.980 [ INFO] step=  6129  t=25.48588  ResidMax=1.229e-04  DilMax=6.478e-01  dt=4.159e-03
15:47:50.016 [ INFO] step=  6130  t=25.49004  ResidMax=1.228e-04  DilMax=6.478e-01  dt=4.159e-03
15:47:50.054 [ INFO] step=  6131  t=25.49420  ResidMax=1.227e-04  DilMax=6.478e-01  dt=4.159e-03
15:47:50.091 [ INFO] step=  6132  t=25.49835  ResidMax=1.226e-04  DilMax=6.478e-01  dt=4.159e-03
15:47:50.128 [ INFO] step=  6133  t=25.50251  ResidMax=1.225e-04  DilMax=6.478e-01  dt=4.159e-03
15:47:50.165 [ INFO] step=  6134  t=25.50667  ResidMax=1.223e-04  DilMax=6.478e-01  dt=4.159e-03
15:47:50.202 [ INFO] step=  6135  t=25.51083  ResidMax=1.222e-04  DilMax=6.478e-01  dt=4.159e-03
15:47:50.243 [ INFO] step=  6136  t=25.51499  ResidMax=1.221e-04  DilMax=6.478e-01  dt=4.159e-03
15:47:50.284 [ INFO] step=  6137  t=25.51915  ResidMax=1.220e-04  DilMax=6.478e-01  dt=4.159e-03
15:47:50.322 [ INFO] step=  6138  t=25.52331  ResidMax=1.219e-04  DilMax=6.478e-01  dt=4.159e-03
15:47:50.360 [ INFO] step=  6139  t=25.52746  ResidMax=1.218e-04  DilMax=6.478e-01  dt=4.159e-03
15:47:50.400 [ INFO] step=  6140  t=25.53162  ResidMax=1.217e-04  DilMax=6.478e-01  dt=4.159e-03
15:47:50.438 [ INFO] step=  6141  t=25.53578  ResidMax=1.216e-04  DilMax=6.478e-01  dt=4.159e-03
15:47:50.475 [ INFO] step=  6142  t=25.53994  ResidMax=1.215e-04  DilMax=6.478e-01  dt=4.159e-03
15:47:50.512 [ INFO] step=  6143  t=25.54410  ResidMax=1.214e-04  DilMax=6.478e-01  dt=4.159e-03
15:47:50.554 [ INFO] step=  6144  t=25.54826  ResidMax=1.213e-04  DilMax=6.478e-01  dt=4.159e-03
15:47:50.594 [ INFO] step=  6145  t=25.55242  ResidMax=1.211e-04  DilMax=6.478e-01  dt=4.159e-03
15:47:50.634 [ INFO] step=  6146  t=25.55658  ResidMax=1.210e-04  DilMax=6.478e-01  dt=4.159e-03
15:47:50.673 [ INFO] step=  6147  t=25.56073  ResidMax=1.209e-04  DilMax=6.478e-01  dt=4.159e-03
15:47:50.710 [ INFO] step=  6148  t=25.56489  ResidMax=1.208e-04  DilMax=6.478e-01  dt=4.159e-03
15:47:50.748 [ INFO] step=  6149  t=25.56905  ResidMax=1.207e-04  DilMax=6.478e-01  dt=4.159e-03
15:47:50.785 [ INFO] step=  6150  t=25.57321  ResidMax=1.206e-04  DilMax=6.478e-01  dt=4.159e-03
15:47:50.824 [ INFO] step=  6151  t=25.57737  ResidMax=1.205e-04  DilMax=6.478e-01  dt=4.159e-03
15:47:50.864 [ INFO] step=  6152  t=25.58153  ResidMax=1.204e-04  DilMax=6.478e-01  dt=4.159e-03
15:47:50.902 [ INFO] step=  6153  t=25.58569  ResidMax=1.203e-04  DilMax=6.478e-01  dt=4.159e-03
15:47:50.941 [ INFO] step=  6154  t=25.58984  ResidMax=1.202e-04  DilMax=6.478e-01  dt=4.159e-03
15:47:50.980 [ INFO] step=  6155  t=25.59400  ResidMax=1.201e-04  DilMax=6.478e-01  dt=4.159e-03
15:47:51.018 [ INFO] step=  6156  t=25.59816  ResidMax=1.200e-04  DilMax=6.478e-01  dt=4.159e-03
15:47:51.057 [ INFO] step=  6157  t=25.60232  ResidMax=1.199e-04  DilMax=6.478e-01  dt=4.159e-03
15:47:51.094 [ INFO] step=  6158  t=25.60648  ResidMax=1.198e-04  DilMax=6.478e-01  dt=4.159e-03
15:47:51.132 [ INFO] step=  6159  t=25.61064  ResidMax=1.197e-04  DilMax=6.478e-01  dt=4.159e-03
15:47:51.169 [ INFO] step=  6160  t=25.61480  ResidMax=1.196e-04  DilMax=6.478e-01  dt=4.159e-03
15:47:51.206 [ INFO] step=  6161  t=25.61896  ResidMax=1.195e-04  DilMax=6.478e-01  dt=4.159e-03
15:47:51.244 [ INFO] step=  6162  t=25.62311  ResidMax=1.194e-04  DilMax=6.478e-01  dt=4.159e-03
15:47:51.281 [ INFO] step=  6163  t=25.62727  ResidMax=1.193e-04  DilMax=6.478e-01  dt=4.159e-03
15:47:51.318 [ INFO] step=  6164  t=25.63143  ResidMax=1.192e-04  DilMax=6.478e-01  dt=4.159e-03
15:47:51.356 [ INFO] step=  6165  t=25.63559  ResidMax=1.191e-04  DilMax=6.478e-01  dt=4.159e-03
15:47:51.395 [ INFO] step=  6166  t=25.63975  ResidMax=1.190e-04  DilMax=6.478e-01  dt=4.159e-03
15:47:51.432 [ INFO] step=  6167  t=25.64391  ResidMax=1.189e-04  DilMax=6.478e-01  dt=4.159e-03
15:47:51.475 [ INFO] step=  6168  t=25.64807  ResidMax=1.188e-04  DilMax=6.478e-01  dt=4.159e-03
15:47:51.517 [ INFO] step=  6169  t=25.65222  ResidMax=1.187e-04  DilMax=6.478e-01  dt=4.159e-03
15:47:51.558 [ INFO] step=  6170  t=25.65638  ResidMax=1.187e-04  DilMax=6.478e-01  dt=4.159e-03
15:47:51.599 [ INFO] step=  6171  t=25.66054  ResidMax=1.186e-04  DilMax=6.478e-01  dt=4.159e-03
15:47:51.638 [ INFO] step=  6172  t=25.66470  ResidMax=1.185e-04  DilMax=6.478e-01  dt=4.159e-03
15:47:51.677 [ INFO] step=  6173  t=25.66886  ResidMax=1.184e-04  DilMax=6.478e-01  dt=4.159e-03
15:47:51.715 [ INFO] step=  6174  t=25.67302  ResidMax=1.183e-04  DilMax=6.478e-01  dt=4.159e-03
15:47:51.754 [ INFO] step=  6175  t=25.67718  ResidMax=1.182e-04  DilMax=6.478e-01  dt=4.159e-03
15:47:51.791 [ INFO] step=  6176  t=25.68134  ResidMax=1.181e-04  DilMax=6.478e-01  dt=4.159e-03
15:47:51.830 [ INFO] step=  6177  t=25.68549  ResidMax=1.180e-04  DilMax=6.478e-01  dt=4.159e-03
15:47:51.867 [ INFO] step=  6178  t=25.68965  ResidMax=1.179e-04  DilMax=6.478e-01  dt=4.159e-03
15:47:51.905 [ INFO] step=  6179  t=25.69381  ResidMax=1.179e-04  DilMax=6.478e-01  dt=4.159e-03
15:47:51.941 [ INFO] step=  6180  t=25.69797  ResidMax=1.178e-04  DilMax=6.478e-01  dt=4.159e-03
15:47:51.978 [ INFO] step=  6181  t=25.70213  ResidMax=1.177e-04  DilMax=6.478e-01  dt=4.159e-03
15:47:52.016 [ INFO] step=  6182  t=25.70629  ResidMax=1.176e-04  DilMax=6.478e-01  dt=4.159e-03
15:47:52.053 [ INFO] step=  6183  t=25.71045  ResidMax=1.175e-04  DilMax=6.478e-01  dt=4.159e-03
15:47:52.090 [ INFO] step=  6184  t=25.71460  ResidMax=1.174e-04  DilMax=6.478e-01  dt=4.159e-03
15:47:52.127 [ INFO] step=  6185  t=25.71876  ResidMax=1.173e-04  DilMax=6.478e-01  dt=4.159e-03
15:47:52.165 [ INFO] step=  6186  t=25.72292  ResidMax=1.172e-04  DilMax=6.478e-01  dt=4.159e-03
15:47:52.202 [ INFO] step=  6187  t=25.72708  ResidMax=1.172e-04  DilMax=6.478e-01  dt=4.159e-03
15:47:52.241 [ INFO] step=  6188  t=25.73124  ResidMax=1.171e-04  DilMax=6.478e-01  dt=4.159e-03
15:47:52.279 [ INFO] step=  6189  t=25.73540  ResidMax=1.170e-04  DilMax=6.478e-01  dt=4.159e-03
15:47:52.317 [ INFO] step=  6190  t=25.73956  ResidMax=1.169e-04  DilMax=6.478e-01  dt=4.159e-03
15:47:52.356 [ INFO] step=  6191  t=25.74372  ResidMax=1.168e-04  DilMax=6.478e-01  dt=4.159e-03
15:47:52.394 [ INFO] step=  6192  t=25.74787  ResidMax=1.167e-04  DilMax=6.478e-01  dt=4.159e-03
15:47:52.432 [ INFO] step=  6193  t=25.75203  ResidMax=1.167e-04  DilMax=6.478e-01  dt=4.159e-03
15:47:52.471 [ INFO] step=  6194  t=25.75619  ResidMax=1.166e-04  DilMax=6.478e-01  dt=4.159e-03
15:47:52.509 [ INFO] step=  6195  t=25.76035  ResidMax=1.165e-04  DilMax=6.478e-01  dt=4.159e-03
15:47:52.547 [ INFO] step=  6196  t=25.76451  ResidMax=1.164e-04  DilMax=6.478e-01  dt=4.159e-03
15:47:52.585 [ INFO] step=  6197  t=25.76867  ResidMax=1.163e-04  DilMax=6.478e-01  dt=4.159e-03
15:47:52.624 [ INFO] step=  6198  t=25.77283  ResidMax=1.163e-04  DilMax=6.478e-01  dt=4.159e-03
15:47:52.663 [ INFO] step=  6199  t=25.77698  ResidMax=1.162e-04  DilMax=6.478e-01  dt=4.159e-03
15:47:52.701 [ INFO] step=  6200  t=25.78114  ResidMax=1.161e-04  DilMax=6.478e-01  dt=4.159e-03
15:47:52.739 [ INFO] step=  6201  t=25.78530  ResidMax=1.160e-04  DilMax=6.478e-01  dt=4.159e-03
15:47:52.778 [ INFO] step=  6202  t=25.78946  ResidMax=1.160e-04  DilMax=6.478e-01  dt=4.159e-03
15:47:52.816 [ INFO] step=  6203  t=25.79362  ResidMax=1.159e-04  DilMax=6.478e-01  dt=4.159e-03
15:47:52.855 [ INFO] step=  6204  t=25.79778  ResidMax=1.158e-04  DilMax=6.478e-01  dt=4.159e-03
15:47:52.894 [ INFO] step=  6205  t=25.80194  ResidMax=1.157e-04  DilMax=6.478e-01  dt=4.159e-03
15:47:52.972 [ INFO] step=  6206  t=25.80610  ResidMax=1.157e-04  DilMax=6.478e-01  dt=4.159e-03
15:47:53.009 [ INFO] step=  6207  t=25.81025  ResidMax=1.156e-04  DilMax=6.478e-01  dt=4.159e-03
15:47:53.048 [ INFO] step=  6208  t=25.81441  ResidMax=1.155e-04  DilMax=6.478e-01  dt=4.159e-03
15:47:53.086 [ INFO] step=  6209  t=25.81857  ResidMax=1.154e-04  DilMax=6.478e-01  dt=4.159e-03
15:47:53.124 [ INFO] step=  6210  t=25.82273  ResidMax=1.154e-04  DilMax=6.478e-01  dt=4.159e-03
15:47:53.161 [ INFO] step=  6211  t=25.82689  ResidMax=1.153e-04  DilMax=6.478e-01  dt=4.159e-03
15:47:53.199 [ INFO] step=  6212  t=25.83105  ResidMax=1.152e-04  DilMax=6.478e-01  dt=4.159e-03
15:47:53.237 [ INFO] step=  6213  t=25.83521  ResidMax=1.152e-04  DilMax=6.478e-01  dt=4.159e-03
15:47:53.274 [ INFO] step=  6214  t=25.83936  ResidMax=1.151e-04  DilMax=6.478e-01  dt=4.159e-03
15:47:53.312 [ INFO] step=  6215  t=25.84352  ResidMax=1.150e-04  DilMax=6.478e-01  dt=4.159e-03
15:47:53.350 [ INFO] step=  6216  t=25.84768  ResidMax=1.150e-04  DilMax=6.478e-01  dt=4.159e-03
15:47:53.388 [ INFO] step=  6217  t=25.85184  ResidMax=1.149e-04  DilMax=6.478e-01  dt=4.159e-03
15:47:53.425 [ INFO] step=  6218  t=25.85600  ResidMax=1.148e-04  DilMax=6.478e-01  dt=4.159e-03
15:47:53.465 [ INFO] step=  6219  t=25.86016  ResidMax=1.148e-04  DilMax=6.478e-01  dt=4.159e-03
15:47:53.502 [ INFO] step=  6220  t=25.86432  ResidMax=1.147e-04  DilMax=6.478e-01  dt=4.159e-03
15:47:53.540 [ INFO] step=  6221  t=25.86847  ResidMax=1.147e-04  DilMax=6.478e-01  dt=4.159e-03
15:47:53.578 [ INFO] step=  6222  t=25.87263  ResidMax=1.146e-04  DilMax=6.478e-01  dt=4.159e-03
15:47:53.616 [ INFO] step=  6223  t=25.87679  ResidMax=1.146e-04  DilMax=6.478e-01  dt=4.159e-03
15:47:53.653 [ INFO] step=  6224  t=25.88095  ResidMax=1.145e-04  DilMax=6.478e-01  dt=4.159e-03
15:47:53.690 [ INFO] step=  6225  t=25.88511  ResidMax=1.144e-04  DilMax=6.478e-01  dt=4.159e-03
15:47:53.728 [ INFO] step=  6226  t=25.88927  ResidMax=1.144e-04  DilMax=6.478e-01  dt=4.159e-03
15:47:53.765 [ INFO] step=  6227  t=25.89343  ResidMax=1.143e-04  DilMax=6.478e-01  dt=4.159e-03
15:47:53.801 [ INFO] step=  6228  t=25.89759  ResidMax=1.143e-04  DilMax=6.478e-01  dt=4.159e-03
15:47:53.839 [ INFO] step=  6229  t=25.90174  ResidMax=1.142e-04  DilMax=6.478e-01  dt=4.159e-03
15:47:53.876 [ INFO] step=  6230  t=25.90590  ResidMax=1.142e-04  DilMax=6.478e-01  dt=4.159e-03
15:47:53.915 [ INFO] step=  6231  t=25.91006  ResidMax=1.141e-04  DilMax=6.478e-01  dt=4.159e-03
15:47:53.952 [ INFO] step=  6232  t=25.91422  ResidMax=1.141e-04  DilMax=6.478e-01  dt=4.159e-03
15:47:53.990 [ INFO] step=  6233  t=25.91838  ResidMax=1.140e-04  DilMax=6.478e-01  dt=4.159e-03
15:47:54.027 [ INFO] step=  6234  t=25.92254  ResidMax=1.140e-04  DilMax=6.478e-01  dt=4.159e-03
15:47:54.064 [ INFO] step=  6235  t=25.92670  ResidMax=1.139e-04  DilMax=6.478e-01  dt=4.159e-03
15:47:54.102 [ INFO] step=  6236  t=25.93085  ResidMax=1.139e-04  DilMax=6.478e-01  dt=4.159e-03
15:47:54.139 [ INFO] step=  6237  t=25.93501  ResidMax=1.138e-04  DilMax=6.478e-01  dt=4.159e-03
15:47:54.176 [ INFO] step=  6238  t=25.93917  ResidMax=1.138e-04  DilMax=6.478e-01  dt=4.159e-03
15:47:54.214 [ INFO] step=  6239  t=25.94333  ResidMax=1.137e-04  DilMax=6.478e-01  dt=4.159e-03
15:47:54.252 [ INFO] step=  6240  t=25.94749  ResidMax=1.137e-04  DilMax=6.478e-01  dt=4.159e-03
15:47:54.289 [ INFO] step=  6241  t=25.95165  ResidMax=1.136e-04  DilMax=6.478e-01  dt=4.159e-03
15:47:54.328 [ INFO] step=  6242  t=25.95581  ResidMax=1.136e-04  DilMax=6.478e-01  dt=4.159e-03
15:47:54.366 [ INFO] step=  6243  t=25.95997  ResidMax=1.136e-04  DilMax=6.478e-01  dt=4.159e-03
15:47:54.403 [ INFO] step=  6244  t=25.96412  ResidMax=1.135e-04  DilMax=6.478e-01  dt=4.159e-03
15:47:54.442 [ INFO] step=  6245  t=25.96828  ResidMax=1.135e-04  DilMax=6.478e-01  dt=4.159e-03
15:47:54.480 [ INFO] step=  6246  t=25.97244  ResidMax=1.134e-04  DilMax=6.478e-01  dt=4.159e-03
15:47:54.518 [ INFO] step=  6247  t=25.97660  ResidMax=1.134e-04  DilMax=6.478e-01  dt=4.159e-03
15:47:54.556 [ INFO] step=  6248  t=25.98076  ResidMax=1.134e-04  DilMax=6.478e-01  dt=4.159e-03
15:47:54.594 [ INFO] step=  6249  t=25.98492  ResidMax=1.133e-04  DilMax=6.478e-01  dt=4.159e-03
15:47:54.632 [ INFO] step=  6250  t=25.98908  ResidMax=1.133e-04  DilMax=6.478e-01  dt=4.159e-03
15:47:54.670 [ INFO] step=  6251  t=25.99323  ResidMax=1.132e-04  DilMax=6.478e-01  dt=4.159e-03
15:47:54.708 [ INFO] step=  6252  t=25.99739  ResidMax=1.132e-04  DilMax=6.478e-01  dt=4.159e-03
15:47:54.746 [ INFO] step=  6253  t=26.00155  ResidMax=1.132e-04  DilMax=6.478e-01  dt=4.159e-03
15:47:54.784 [ INFO] step=  6254  t=26.00571  ResidMax=1.131e-04  DilMax=6.478e-01  dt=4.159e-03
15:47:54.822 [ INFO] step=  6255  t=26.00987  ResidMax=1.131e-04  DilMax=6.478e-01  dt=4.159e-03
15:47:54.861 [ INFO] step=  6256  t=26.01403  ResidMax=1.131e-04  DilMax=6.478e-01  dt=4.159e-03
15:47:54.901 [ INFO] step=  6257  t=26.01819  ResidMax=1.130e-04  DilMax=6.478e-01  dt=4.159e-03
15:47:54.939 [ INFO] step=  6258  t=26.02235  ResidMax=1.130e-04  DilMax=6.478e-01  dt=4.159e-03
15:47:54.977 [ INFO] step=  6259  t=26.02650  ResidMax=1.130e-04  DilMax=6.478e-01  dt=4.159e-03
15:47:55.015 [ INFO] step=  6260  t=26.03066  ResidMax=1.129e-04  DilMax=6.478e-01  dt=4.159e-03
15:47:55.053 [ INFO] step=  6261  t=26.03482  ResidMax=1.129e-04  DilMax=6.478e-01  dt=4.159e-03
15:47:55.091 [ INFO] step=  6262  t=26.03898  ResidMax=1.129e-04  DilMax=6.478e-01  dt=4.159e-03
15:47:55.128 [ INFO] step=  6263  t=26.04314  ResidMax=1.129e-04  DilMax=6.478e-01  dt=4.159e-03
15:47:55.165 [ INFO] step=  6264  t=26.04730  ResidMax=1.128e-04  DilMax=6.478e-01  dt=4.159e-03
15:47:55.203 [ INFO] step=  6265  t=26.05146  ResidMax=1.128e-04  DilMax=6.478e-01  dt=4.159e-03
15:47:55.241 [ INFO] step=  6266  t=26.05561  ResidMax=1.128e-04  DilMax=6.478e-01  dt=4.159e-03
15:47:55.279 [ INFO] step=  6267  t=26.05977  ResidMax=1.128e-04  DilMax=6.478e-01  dt=4.159e-03
15:47:55.317 [ INFO] step=  6268  t=26.06393  ResidMax=1.127e-04  DilMax=6.478e-01  dt=4.159e-03
15:47:55.354 [ INFO] step=  6269  t=26.06809  ResidMax=1.127e-04  DilMax=6.478e-01  dt=4.159e-03
15:47:55.391 [ INFO] step=  6270  t=26.07225  ResidMax=1.127e-04  DilMax=6.478e-01  dt=4.159e-03
15:47:55.429 [ INFO] step=  6271  t=26.07641  ResidMax=1.127e-04  DilMax=6.478e-01  dt=4.159e-03
15:47:55.466 [ INFO] step=  6272  t=26.08057  ResidMax=1.127e-04  DilMax=6.478e-01  dt=4.159e-03
15:47:55.503 [ INFO] step=  6273  t=26.08473  ResidMax=1.126e-04  DilMax=6.478e-01  dt=4.159e-03
15:47:55.540 [ INFO] step=  6274  t=26.08888  ResidMax=1.126e-04  DilMax=6.478e-01  dt=4.159e-03
15:47:55.577 [ INFO] step=  6275  t=26.09304  ResidMax=1.126e-04  DilMax=6.478e-01  dt=4.159e-03
15:47:55.614 [ INFO] step=  6276  t=26.09720  ResidMax=1.126e-04  DilMax=6.478e-01  dt=4.159e-03
15:47:55.652 [ INFO] step=  6277  t=26.10136  ResidMax=1.126e-04  DilMax=6.478e-01  dt=4.159e-03
15:47:55.689 [ INFO] step=  6278  t=26.10552  ResidMax=1.126e-04  DilMax=6.478e-01  dt=4.159e-03
15:47:55.726 [ INFO] step=  6279  t=26.10968  ResidMax=1.126e-04  DilMax=6.478e-01  dt=4.159e-03
15:47:55.764 [ INFO] step=  6280  t=26.11384  ResidMax=1.125e-04  DilMax=6.478e-01  dt=4.159e-03
15:47:55.801 [ INFO] step=  6281  t=26.11799  ResidMax=1.125e-04  DilMax=6.478e-01  dt=4.159e-03
15:47:55.839 [ INFO] step=  6282  t=26.12215  ResidMax=1.125e-04  DilMax=6.478e-01  dt=4.159e-03
15:47:55.876 [ INFO] step=  6283  t=26.12631  ResidMax=1.125e-04  DilMax=6.478e-01  dt=4.159e-03
15:47:55.913 [ INFO] step=  6284  t=26.13047  ResidMax=1.124e-04  DilMax=6.478e-01  dt=4.159e-03
15:47:55.950 [ INFO] step=  6285  t=26.13463  ResidMax=1.124e-04  DilMax=6.478e-01  dt=4.159e-03
15:47:55.987 [ INFO] step=  6286  t=26.13879  ResidMax=1.124e-04  DilMax=6.478e-01  dt=4.159e-03
15:47:56.024 [ INFO] step=  6287  t=26.14295  ResidMax=1.123e-04  DilMax=6.478e-01  dt=4.159e-03
15:47:56.062 [ INFO] step=  6288  t=26.14711  ResidMax=1.123e-04  DilMax=6.478e-01  dt=4.159e-03
15:47:56.099 [ INFO] step=  6289  t=26.15126  ResidMax=1.123e-04  DilMax=6.478e-01  dt=4.159e-03
15:47:56.137 [ INFO] step=  6290  t=26.15542  ResidMax=1.122e-04  DilMax=6.478e-01  dt=4.159e-03
15:47:56.174 [ INFO] step=  6291  t=26.15958  ResidMax=1.122e-04  DilMax=6.478e-01  dt=4.159e-03
15:47:56.211 [ INFO] step=  6292  t=26.16374  ResidMax=1.121e-04  DilMax=6.478e-01  dt=4.159e-03
15:47:56.249 [ INFO] step=  6293  t=26.16790  ResidMax=1.121e-04  DilMax=6.478e-01  dt=4.159e-03
15:47:56.286 [ INFO] step=  6294  t=26.17206  ResidMax=1.120e-04  DilMax=6.478e-01  dt=4.159e-03
15:47:56.324 [ INFO] step=  6295  t=26.17622  ResidMax=1.120e-04  DilMax=6.478e-01  dt=4.159e-03
15:47:56.362 [ INFO] step=  6296  t=26.18037  ResidMax=1.119e-04  DilMax=6.478e-01  dt=4.159e-03
15:47:56.399 [ INFO] step=  6297  t=26.18453  ResidMax=1.119e-04  DilMax=6.478e-01  dt=4.159e-03
15:47:56.437 [ INFO] step=  6298  t=26.18869  ResidMax=1.118e-04  DilMax=6.478e-01  dt=4.159e-03
15:47:56.474 [ INFO] step=  6299  t=26.19285  ResidMax=1.118e-04  DilMax=6.478e-01  dt=4.159e-03
15:47:56.512 [ INFO] step=  6300  t=26.19701  ResidMax=1.117e-04  DilMax=6.478e-01  dt=4.159e-03
15:47:56.549 [ INFO] step=  6301  t=26.20117  ResidMax=1.116e-04  DilMax=6.478e-01  dt=4.159e-03
15:47:56.585 [ INFO] step=  6302  t=26.20533  ResidMax=1.116e-04  DilMax=6.478e-01  dt=4.159e-03
15:47:56.623 [ INFO] step=  6303  t=26.20949  ResidMax=1.115e-04  DilMax=6.478e-01  dt=4.159e-03
15:47:56.660 [ INFO] step=  6304  t=26.21364  ResidMax=1.114e-04  DilMax=6.478e-01  dt=4.159e-03
15:47:56.698 [ INFO] step=  6305  t=26.21780  ResidMax=1.113e-04  DilMax=6.478e-01  dt=4.159e-03
15:47:56.735 [ INFO] step=  6306  t=26.22196  ResidMax=1.113e-04  DilMax=6.478e-01  dt=4.159e-03
15:47:56.772 [ INFO] step=  6307  t=26.22612  ResidMax=1.112e-04  DilMax=6.478e-01  dt=4.159e-03
15:47:56.810 [ INFO] step=  6308  t=26.23028  ResidMax=1.111e-04  DilMax=6.478e-01  dt=4.159e-03
15:47:56.848 [ INFO] step=  6309  t=26.23444  ResidMax=1.110e-04  DilMax=6.478e-01  dt=4.159e-03
15:47:56.885 [ INFO] step=  6310  t=26.23860  ResidMax=1.109e-04  DilMax=6.478e-01  dt=4.159e-03
15:47:56.973 [ INFO] step=  6311  t=26.24275  ResidMax=1.108e-04  DilMax=6.478e-01  dt=4.159e-03
15:47:57.010 [ INFO] step=  6312  t=26.24691  ResidMax=1.108e-04  DilMax=6.478e-01  dt=4.159e-03
15:47:57.048 [ INFO] step=  6313  t=26.25107  ResidMax=1.107e-04  DilMax=6.478e-01  dt=4.159e-03
15:47:57.085 [ INFO] step=  6314  t=26.25523  ResidMax=1.106e-04  DilMax=6.478e-01  dt=4.159e-03
15:47:57.125 [ INFO] step=  6315  t=26.25939  ResidMax=1.105e-04  DilMax=6.478e-01  dt=4.159e-03
15:47:57.164 [ INFO] step=  6316  t=26.26355  ResidMax=1.104e-04  DilMax=6.478e-01  dt=4.159e-03
15:47:57.202 [ INFO] step=  6317  t=26.26771  ResidMax=1.103e-04  DilMax=6.478e-01  dt=4.159e-03
15:47:57.242 [ INFO] step=  6318  t=26.27187  ResidMax=1.102e-04  DilMax=6.478e-01  dt=4.159e-03
15:47:57.281 [ INFO] step=  6319  t=26.27602  ResidMax=1.101e-04  DilMax=6.478e-01  dt=4.159e-03
15:47:57.319 [ INFO] step=  6320  t=26.28018  ResidMax=1.100e-04  DilMax=6.478e-01  dt=4.159e-03
15:47:57.358 [ INFO] step=  6321  t=26.28434  ResidMax=1.099e-04  DilMax=6.478e-01  dt=4.159e-03
15:47:57.396 [ INFO] step=  6322  t=26.28850  ResidMax=1.098e-04  DilMax=6.478e-01  dt=4.159e-03
15:47:57.434 [ INFO] step=  6323  t=26.29266  ResidMax=1.096e-04  DilMax=6.478e-01  dt=4.159e-03
15:47:57.472 [ INFO] step=  6324  t=26.29682  ResidMax=1.095e-04  DilMax=6.478e-01  dt=4.159e-03
15:47:57.510 [ INFO] step=  6325  t=26.30098  ResidMax=1.094e-04  DilMax=6.478e-01  dt=4.159e-03
15:47:57.547 [ INFO] step=  6326  t=26.30513  ResidMax=1.093e-04  DilMax=6.478e-01  dt=4.159e-03
15:47:57.585 [ INFO] step=  6327  t=26.30929  ResidMax=1.092e-04  DilMax=6.478e-01  dt=4.159e-03
15:47:57.623 [ INFO] step=  6328  t=26.31345  ResidMax=1.090e-04  DilMax=6.478e-01  dt=4.159e-03
15:47:57.661 [ INFO] step=  6329  t=26.31761  ResidMax=1.089e-04  DilMax=6.478e-01  dt=4.159e-03
15:47:57.698 [ INFO] step=  6330  t=26.32177  ResidMax=1.088e-04  DilMax=6.478e-01  dt=4.159e-03
15:47:57.736 [ INFO] step=  6331  t=26.32593  ResidMax=1.087e-04  DilMax=6.478e-01  dt=4.159e-03
15:47:57.774 [ INFO] step=  6332  t=26.33009  ResidMax=1.086e-04  DilMax=6.478e-01  dt=4.159e-03
15:47:57.812 [ INFO] step=  6333  t=26.33424  ResidMax=1.084e-04  DilMax=6.478e-01  dt=4.159e-03
15:47:57.850 [ INFO] step=  6334  t=26.33840  ResidMax=1.083e-04  DilMax=6.478e-01  dt=4.159e-03
15:47:57.889 [ INFO] step=  6335  t=26.34256  ResidMax=1.082e-04  DilMax=6.478e-01  dt=4.159e-03
15:47:57.927 [ INFO] step=  6336  t=26.34672  ResidMax=1.081e-04  DilMax=6.478e-01  dt=4.159e-03
15:47:57.964 [ INFO] step=  6337  t=26.35088  ResidMax=1.079e-04  DilMax=6.478e-01  dt=4.159e-03
15:47:58.001 [ INFO] step=  6338  t=26.35504  ResidMax=1.078e-04  DilMax=6.478e-01  dt=4.159e-03
15:47:58.039 [ INFO] step=  6339  t=26.35920  ResidMax=1.077e-04  DilMax=6.478e-01  dt=4.159e-03
15:47:58.077 [ INFO] step=  6340  t=26.36336  ResidMax=1.075e-04  DilMax=6.478e-01  dt=4.159e-03
15:47:58.114 [ INFO] step=  6341  t=26.36751  ResidMax=1.074e-04  DilMax=6.478e-01  dt=4.159e-03
15:47:58.151 [ INFO] step=  6342  t=26.37167  ResidMax=1.072e-04  DilMax=6.478e-01  dt=4.159e-03
15:47:58.188 [ INFO] step=  6343  t=26.37583  ResidMax=1.071e-04  DilMax=6.478e-01  dt=4.159e-03
15:47:58.226 [ INFO] step=  6344  t=26.37999  ResidMax=1.069e-04  DilMax=6.478e-01  dt=4.159e-03
15:47:58.264 [ INFO] step=  6345  t=26.38415  ResidMax=1.068e-04  DilMax=6.478e-01  dt=4.159e-03
15:47:58.301 [ INFO] step=  6346  t=26.38831  ResidMax=1.066e-04  DilMax=6.478e-01  dt=4.159e-03
15:47:58.338 [ INFO] step=  6347  t=26.39247  ResidMax=1.065e-04  DilMax=6.478e-01  dt=4.159e-03
15:47:58.376 [ INFO] step=  6348  t=26.39662  ResidMax=1.063e-04  DilMax=6.478e-01  dt=4.159e-03
15:47:58.415 [ INFO] step=  6349  t=26.40078  ResidMax=1.062e-04  DilMax=6.478e-01  dt=4.159e-03
15:47:58.452 [ INFO] step=  6350  t=26.40494  ResidMax=1.060e-04  DilMax=6.478e-01  dt=4.159e-03
15:47:58.490 [ INFO] step=  6351  t=26.40910  ResidMax=1.059e-04  DilMax=6.478e-01  dt=4.159e-03
15:47:58.526 [ INFO] step=  6352  t=26.41326  ResidMax=1.057e-04  DilMax=6.478e-01  dt=4.159e-03
15:47:58.563 [ INFO] step=  6353  t=26.41742  ResidMax=1.055e-04  DilMax=6.478e-01  dt=4.159e-03
15:47:58.601 [ INFO] step=  6354  t=26.42158  ResidMax=1.054e-04  DilMax=6.478e-01  dt=4.159e-03
15:47:58.638 [ INFO] step=  6355  t=26.42574  ResidMax=1.052e-04  DilMax=6.478e-01  dt=4.159e-03
15:47:58.676 [ INFO] step=  6356  t=26.42989  ResidMax=1.051e-04  DilMax=6.478e-01  dt=4.159e-03
15:47:58.713 [ INFO] step=  6357  t=26.43405  ResidMax=1.049e-04  DilMax=6.478e-01  dt=4.159e-03
15:47:58.751 [ INFO] step=  6358  t=26.43821  ResidMax=1.047e-04  DilMax=6.478e-01  dt=4.159e-03
15:47:58.788 [ INFO] step=  6359  t=26.44237  ResidMax=1.045e-04  DilMax=6.478e-01  dt=4.159e-03
15:47:58.828 [ INFO] step=  6360  t=26.44653  ResidMax=1.044e-04  DilMax=6.478e-01  dt=4.159e-03
15:47:58.866 [ INFO] step=  6361  t=26.45069  ResidMax=1.042e-04  DilMax=6.478e-01  dt=4.159e-03
15:47:58.904 [ INFO] step=  6362  t=26.45485  ResidMax=1.040e-04  DilMax=6.478e-01  dt=4.159e-03
15:47:58.942 [ INFO] step=  6363  t=26.45900  ResidMax=1.038e-04  DilMax=6.478e-01  dt=4.159e-03
15:47:58.979 [ INFO] step=  6364  t=26.46316  ResidMax=1.036e-04  DilMax=6.478e-01  dt=4.159e-03
15:47:59.017 [ INFO] step=  6365  t=26.46732  ResidMax=1.035e-04  DilMax=6.478e-01  dt=4.159e-03
15:47:59.055 [ INFO] step=  6366  t=26.47148  ResidMax=1.033e-04  DilMax=6.478e-01  dt=4.159e-03
15:47:59.093 [ INFO] step=  6367  t=26.47564  ResidMax=1.031e-04  DilMax=6.478e-01  dt=4.159e-03
15:47:59.130 [ INFO] step=  6368  t=26.47980  ResidMax=1.029e-04  DilMax=6.478e-01  dt=4.159e-03
15:47:59.169 [ INFO] step=  6369  t=26.48396  ResidMax=1.027e-04  DilMax=6.478e-01  dt=4.159e-03
15:47:59.207 [ INFO] step=  6370  t=26.48812  ResidMax=1.025e-04  DilMax=6.478e-01  dt=4.159e-03
15:47:59.246 [ INFO] step=  6371  t=26.49227  ResidMax=1.023e-04  DilMax=6.478e-01  dt=4.159e-03
15:47:59.285 [ INFO] step=  6372  t=26.49643  ResidMax=1.021e-04  DilMax=6.478e-01  dt=4.159e-03
15:47:59.323 [ INFO] step=  6373  t=26.50059  ResidMax=1.019e-04  DilMax=6.478e-01  dt=4.159e-03
15:47:59.361 [ INFO] step=  6374  t=26.50475  ResidMax=1.018e-04  DilMax=6.478e-01  dt=4.159e-03
15:47:59.399 [ INFO] step=  6375  t=26.50891  ResidMax=1.016e-04  DilMax=6.478e-01  dt=4.159e-03
15:47:59.437 [ INFO] step=  6376  t=26.51307  ResidMax=1.014e-04  DilMax=6.478e-01  dt=4.159e-03
15:47:59.475 [ INFO] step=  6377  t=26.51723  ResidMax=1.012e-04  DilMax=6.478e-01  dt=4.159e-03
15:47:59.513 [ INFO] step=  6378  t=26.52138  ResidMax=1.010e-04  DilMax=6.478e-01  dt=4.159e-03
15:47:59.551 [ INFO] step=  6379  t=26.52554  ResidMax=1.008e-04  DilMax=6.478e-01  dt=4.159e-03
15:47:59.590 [ INFO] step=  6380  t=26.52970  ResidMax=1.006e-04  DilMax=6.478e-01  dt=4.159e-03
15:47:59.628 [ INFO] step=  6381  t=26.53386  ResidMax=1.004e-04  DilMax=6.478e-01  dt=4.159e-03
15:47:59.666 [ INFO] step=  6382  t=26.53802  ResidMax=1.002e-04  DilMax=6.478e-01  dt=4.159e-03
15:47:59.704 [ INFO] step=  6383  t=26.54218  ResidMax=1.000e-04  DilMax=6.478e-01  dt=4.159e-03
15:47:59.742 [ INFO] step=  6384  t=26.54634  ResidMax=9.980e-05  DilMax=6.478e-01  dt=4.159e-03
15:47:59.779 [ INFO] step=  6385  t=26.55050  ResidMax=9.959e-05  DilMax=6.478e-01  dt=4.159e-03
15:47:59.818 [ INFO] step=  6386  t=26.55465  ResidMax=9.939e-05  DilMax=6.478e-01  dt=4.159e-03
15:47:59.856 [ INFO] step=  6387  t=26.55881  ResidMax=9.918e-05  DilMax=6.478e-01  dt=4.159e-03
15:47:59.894 [ INFO] step=  6388  t=26.56297  ResidMax=9.897e-05  DilMax=6.478e-01  dt=4.159e-03
15:47:59.933 [ INFO] step=  6389  t=26.56713  ResidMax=9.876e-05  DilMax=6.478e-01  dt=4.159e-03
15:47:59.971 [ INFO] step=  6390  t=26.57129  ResidMax=9.855e-05  DilMax=6.478e-01  dt=4.159e-03
15:48:00.009 [ INFO] step=  6391  t=26.57545  ResidMax=9.833e-05  DilMax=6.478e-01  dt=4.159e-03
15:48:00.047 [ INFO] step=  6392  t=26.57961  ResidMax=9.812e-05  DilMax=6.478e-01  dt=4.159e-03
15:48:00.085 [ INFO] step=  6393  t=26.58376  ResidMax=9.790e-05  DilMax=6.478e-01  dt=4.159e-03
15:48:00.122 [ INFO] step=  6394  t=26.58792  ResidMax=9.769e-05  DilMax=6.478e-01  dt=4.159e-03
15:48:00.160 [ INFO] step=  6395  t=26.59208  ResidMax=9.747e-05  DilMax=6.478e-01  dt=4.159e-03
15:48:00.197 [ INFO] step=  6396  t=26.59624  ResidMax=9.725e-05  DilMax=6.478e-01  dt=4.159e-03
15:48:00.234 [ INFO] step=  6397  t=26.60040  ResidMax=9.702e-05  DilMax=6.478e-01  dt=4.159e-03
15:48:00.272 [ INFO] step=  6398  t=26.60456  ResidMax=9.680e-05  DilMax=6.478e-01  dt=4.159e-03
15:48:00.308 [ INFO] step=  6399  t=26.60872  ResidMax=9.659e-05  DilMax=6.478e-01  dt=4.159e-03
15:48:00.345 [ INFO] step=  6400  t=26.61288  ResidMax=9.638e-05  DilMax=6.478e-01  dt=4.159e-03
15:48:00.382 [ INFO] step=  6401  t=26.61703  ResidMax=9.616e-05  DilMax=6.478e-01  dt=4.159e-03
15:48:00.419 [ INFO] step=  6402  t=26.62119  ResidMax=9.595e-05  DilMax=6.478e-01  dt=4.159e-03
15:48:00.456 [ INFO] step=  6403  t=26.62535  ResidMax=9.573e-05  DilMax=6.478e-01  dt=4.159e-03
15:48:00.493 [ INFO] step=  6404  t=26.62951  ResidMax=9.551e-05  DilMax=6.478e-01  dt=4.159e-03
15:48:00.530 [ INFO] step=  6405  t=26.63367  ResidMax=9.529e-05  DilMax=6.478e-01  dt=4.159e-03
15:48:00.568 [ INFO] step=  6406  t=26.63783  ResidMax=9.507e-05  DilMax=6.478e-01  dt=4.159e-03
15:48:00.606 [ INFO] step=  6407  t=26.64199  ResidMax=9.485e-05  DilMax=6.478e-01  dt=4.159e-03
15:48:00.644 [ INFO] step=  6408  t=26.64614  ResidMax=9.462e-05  DilMax=6.478e-01  dt=4.159e-03
15:48:00.681 [ INFO] step=  6409  t=26.65030  ResidMax=9.440e-05  DilMax=6.478e-01  dt=4.159e-03
15:48:00.718 [ INFO] step=  6410  t=26.65446  ResidMax=9.417e-05  DilMax=6.478e-01  dt=4.159e-03
15:48:00.757 [ INFO] step=  6411  t=26.65862  ResidMax=9.394e-05  DilMax=6.478e-01  dt=4.159e-03
15:48:00.794 [ INFO] step=  6412  t=26.66278  ResidMax=9.371e-05  DilMax=6.478e-01  dt=4.159e-03
15:48:00.831 [ INFO] step=  6413  t=26.66694  ResidMax=9.348e-05  DilMax=6.478e-01  dt=4.159e-03
15:48:00.868 [ INFO] step=  6414  t=26.67110  ResidMax=9.325e-05  DilMax=6.478e-01  dt=4.159e-03
15:48:00.906 [ INFO] step=  6415  t=26.67526  ResidMax=9.302e-05  DilMax=6.478e-01  dt=4.159e-03
15:48:00.964 [ INFO] step=  6416  t=26.67941  ResidMax=9.278e-05  DilMax=6.478e-01  dt=4.159e-03
15:48:01.001 [ INFO] step=  6417  t=26.68357  ResidMax=9.256e-05  DilMax=6.478e-01  dt=4.159e-03
15:48:01.038 [ INFO] step=  6418  t=26.68773  ResidMax=9.234e-05  DilMax=6.478e-01  dt=4.159e-03
15:48:01.076 [ INFO] step=  6419  t=26.69189  ResidMax=9.212e-05  DilMax=6.478e-01  dt=4.159e-03
15:48:01.113 [ INFO] step=  6420  t=26.69605  ResidMax=9.189e-05  DilMax=6.478e-01  dt=4.159e-03
15:48:01.151 [ INFO] step=  6421  t=26.70021  ResidMax=9.167e-05  DilMax=6.478e-01  dt=4.159e-03
15:48:01.188 [ INFO] step=  6422  t=26.70437  ResidMax=9.144e-05  DilMax=6.478e-01  dt=4.159e-03
15:48:01.226 [ INFO] step=  6423  t=26.70852  ResidMax=9.121e-05  DilMax=6.478e-01  dt=4.159e-03
15:48:01.263 [ INFO] step=  6424  t=26.71268  ResidMax=9.099e-05  DilMax=6.478e-01  dt=4.159e-03
15:48:01.300 [ INFO] step=  6425  t=26.71684  ResidMax=9.076e-05  DilMax=6.478e-01  dt=4.159e-03
15:48:01.337 [ INFO] step=  6426  t=26.72100  ResidMax=9.053e-05  DilMax=6.478e-01  dt=4.159e-03
15:48:01.374 [ INFO] step=  6427  t=26.72516  ResidMax=9.029e-05  DilMax=6.478e-01  dt=4.159e-03
15:48:01.411 [ INFO] step=  6428  t=26.72932  ResidMax=9.006e-05  DilMax=6.478e-01  dt=4.159e-03
15:48:01.448 [ INFO] step=  6429  t=26.73348  ResidMax=8.982e-05  DilMax=6.478e-01  dt=4.159e-03
15:48:01.485 [ INFO] step=  6430  t=26.73764  ResidMax=8.959e-05  DilMax=6.478e-01  dt=4.159e-03
15:48:01.521 [ INFO] step=  6431  t=26.74179  ResidMax=8.935e-05  DilMax=6.478e-01  dt=4.159e-03
15:48:01.558 [ INFO] step=  6432  t=26.74595  ResidMax=8.911e-05  DilMax=6.478e-01  dt=4.159e-03
15:48:01.595 [ INFO] step=  6433  t=26.75011  ResidMax=8.888e-05  DilMax=6.478e-01  dt=4.159e-03
15:48:01.632 [ INFO] step=  6434  t=26.75427  ResidMax=8.866e-05  DilMax=6.478e-01  dt=4.159e-03
15:48:01.669 [ INFO] step=  6435  t=26.75843  ResidMax=8.844e-05  DilMax=6.478e-01  dt=4.159e-03
15:48:01.706 [ INFO] step=  6436  t=26.76259  ResidMax=8.821e-05  DilMax=6.478e-01  dt=4.159e-03
15:48:01.742 [ INFO] step=  6437  t=26.76675  ResidMax=8.799e-05  DilMax=6.478e-01  dt=4.159e-03
15:48:01.779 [ INFO] step=  6438  t=26.77090  ResidMax=8.776e-05  DilMax=6.478e-01  dt=4.159e-03
15:48:01.817 [ INFO] step=  6439  t=26.77506  ResidMax=8.754e-05  DilMax=6.478e-01  dt=4.159e-03
15:48:01.854 [ INFO] step=  6440  t=26.77922  ResidMax=8.731e-05  DilMax=6.478e-01  dt=4.159e-03
15:48:01.892 [ INFO] step=  6441  t=26.78338  ResidMax=8.708e-05  DilMax=6.478e-01  dt=4.159e-03
15:48:01.929 [ INFO] step=  6442  t=26.78754  ResidMax=8.685e-05  DilMax=6.478e-01  dt=4.159e-03
15:48:01.965 [ INFO] step=  6443  t=26.79170  ResidMax=8.661e-05  DilMax=6.478e-01  dt=4.159e-03
15:48:02.003 [ INFO] step=  6444  t=26.79586  ResidMax=8.638e-05  DilMax=6.478e-01  dt=4.159e-03
15:48:02.040 [ INFO] step=  6445  t=26.80001  ResidMax=8.615e-05  DilMax=6.478e-01  dt=4.159e-03
15:48:02.077 [ INFO] step=  6446  t=26.80417  ResidMax=8.591e-05  DilMax=6.478e-01  dt=4.159e-03
15:48:02.114 [ INFO] step=  6447  t=26.80833  ResidMax=8.567e-05  DilMax=6.478e-01  dt=4.159e-03
15:48:02.151 [ INFO] step=  6448  t=26.81249  ResidMax=8.544e-05  DilMax=6.478e-01  dt=4.159e-03
15:48:02.188 [ INFO] step=  6449  t=26.81665  ResidMax=8.521e-05  DilMax=6.478e-01  dt=4.159e-03
15:48:02.225 [ INFO] step=  6450  t=26.82081  ResidMax=8.499e-05  DilMax=6.478e-01  dt=4.159e-03
15:48:02.262 [ INFO] step=  6451  t=26.82497  ResidMax=8.477e-05  DilMax=6.478e-01  dt=4.159e-03
15:48:02.298 [ INFO] step=  6452  t=26.82913  ResidMax=8.455e-05  DilMax=6.478e-01  dt=4.159e-03
15:48:02.335 [ INFO] step=  6453  t=26.83328  ResidMax=8.433e-05  DilMax=6.478e-01  dt=4.159e-03
15:48:02.373 [ INFO] step=  6454  t=26.83744  ResidMax=8.410e-05  DilMax=6.478e-01  dt=4.159e-03
15:48:02.411 [ INFO] step=  6455  t=26.84160  ResidMax=8.388e-05  DilMax=6.478e-01  dt=4.159e-03
15:48:02.449 [ INFO] step=  6456  t=26.84576  ResidMax=8.365e-05  DilMax=6.478e-01  dt=4.159e-03
15:48:02.486 [ INFO] step=  6457  t=26.84992  ResidMax=8.343e-05  DilMax=6.478e-01  dt=4.159e-03
15:48:02.524 [ INFO] step=  6458  t=26.85408  ResidMax=8.320e-05  DilMax=6.478e-01  dt=4.159e-03
15:48:02.561 [ INFO] step=  6459  t=26.85824  ResidMax=8.297e-05  DilMax=6.478e-01  dt=4.159e-03
15:48:02.599 [ INFO] step=  6460  t=26.86239  ResidMax=8.274e-05  DilMax=6.478e-01  dt=4.159e-03
15:48:02.636 [ INFO] step=  6461  t=26.86655  ResidMax=8.251e-05  DilMax=6.478e-01  dt=4.159e-03
15:48:02.673 [ INFO] step=  6462  t=26.87071  ResidMax=8.228e-05  DilMax=6.478e-01  dt=4.159e-03
15:48:02.710 [ INFO] step=  6463  t=26.87487  ResidMax=8.205e-05  DilMax=6.478e-01  dt=4.159e-03
15:48:02.748 [ INFO] step=  6464  t=26.87903  ResidMax=8.181e-05  DilMax=6.478e-01  dt=4.159e-03
15:48:02.784 [ INFO] step=  6465  t=26.88319  ResidMax=8.158e-05  DilMax=6.478e-01  dt=4.159e-03
15:48:02.822 [ INFO] step=  6466  t=26.88735  ResidMax=8.136e-05  DilMax=6.478e-01  dt=4.159e-03
15:48:02.859 [ INFO] step=  6467  t=26.89151  ResidMax=8.115e-05  DilMax=6.478e-01  dt=4.159e-03
15:48:02.898 [ INFO] step=  6468  t=26.89566  ResidMax=8.094e-05  DilMax=6.478e-01  dt=4.159e-03
15:48:02.935 [ INFO] step=  6469  t=26.89982  ResidMax=8.072e-05  DilMax=6.478e-01  dt=4.159e-03
15:48:02.972 [ INFO] step=  6470  t=26.90398  ResidMax=8.051e-05  DilMax=6.478e-01  dt=4.159e-03
15:48:03.011 [ INFO] step=  6471  t=26.90814  ResidMax=8.029e-05  DilMax=6.478e-01  dt=4.159e-03
15:48:03.048 [ INFO] step=  6472  t=26.91230  ResidMax=8.007e-05  DilMax=6.478e-01  dt=4.159e-03
15:48:03.085 [ INFO] step=  6473  t=26.91646  ResidMax=7.985e-05  DilMax=6.478e-01  dt=4.159e-03
15:48:03.122 [ INFO] step=  6474  t=26.92062  ResidMax=7.963e-05  DilMax=6.478e-01  dt=4.159e-03
15:48:03.159 [ INFO] step=  6475  t=26.92477  ResidMax=7.941e-05  DilMax=6.478e-01  dt=4.159e-03
15:48:03.196 [ INFO] step=  6476  t=26.92893  ResidMax=7.919e-05  DilMax=6.478e-01  dt=4.159e-03
15:48:03.233 [ INFO] step=  6477  t=26.93309  ResidMax=7.896e-05  DilMax=6.478e-01  dt=4.159e-03
15:48:03.270 [ INFO] step=  6478  t=26.93725  ResidMax=7.874e-05  DilMax=6.478e-01  dt=4.159e-03
15:48:03.307 [ INFO] step=  6479  t=26.94141  ResidMax=7.851e-05  DilMax=6.478e-01  dt=4.159e-03
15:48:03.345 [ INFO] step=  6480  t=26.94557  ResidMax=7.828e-05  DilMax=6.478e-01  dt=4.159e-03
15:48:03.383 [ INFO] step=  6481  t=26.94973  ResidMax=7.806e-05  DilMax=6.478e-01  dt=4.159e-03
15:48:03.419 [ INFO] step=  6482  t=26.95389  ResidMax=7.783e-05  DilMax=6.478e-01  dt=4.159e-03
15:48:03.457 [ INFO] step=  6483  t=26.95804  ResidMax=7.761e-05  DilMax=6.478e-01  dt=4.159e-03
15:48:03.493 [ INFO] step=  6484  t=26.96220  ResidMax=7.740e-05  DilMax=6.478e-01  dt=4.159e-03
15:48:03.531 [ INFO] step=  6485  t=26.96636  ResidMax=7.720e-05  DilMax=6.478e-01  dt=4.159e-03
15:48:03.569 [ INFO] step=  6486  t=26.97052  ResidMax=7.699e-05  DilMax=6.478e-01  dt=4.159e-03
15:48:03.607 [ INFO] step=  6487  t=26.97468  ResidMax=7.678e-05  DilMax=6.478e-01  dt=4.159e-03
15:48:03.644 [ INFO] step=  6488  t=26.97884  ResidMax=7.657e-05  DilMax=6.478e-01  dt=4.159e-03
15:48:03.681 [ INFO] step=  6489  t=26.98300  ResidMax=7.636e-05  DilMax=6.478e-01  dt=4.159e-03
15:48:03.718 [ INFO] step=  6490  t=26.98715  ResidMax=7.615e-05  DilMax=6.478e-01  dt=4.159e-03
15:48:03.754 [ INFO] step=  6491  t=26.99131  ResidMax=7.594e-05  DilMax=6.478e-01  dt=4.159e-03
15:48:03.791 [ INFO] step=  6492  t=26.99547  ResidMax=7.573e-05  DilMax=6.478e-01  dt=4.159e-03
15:48:03.828 [ INFO] step=  6493  t=26.99963  ResidMax=7.551e-05  DilMax=6.478e-01  dt=4.159e-03
15:48:03.866 [ INFO] step=  6494  t=27.00379  ResidMax=7.530e-05  DilMax=6.478e-01  dt=4.159e-03
15:48:03.904 [ INFO] step=  6495  t=27.00795  ResidMax=7.508e-05  DilMax=6.478e-01  dt=4.159e-03
15:48:03.942 [ INFO] step=  6496  t=27.01211  ResidMax=7.486e-05  DilMax=6.478e-01  dt=4.159e-03
15:48:03.978 [ INFO] step=  6497  t=27.01627  ResidMax=7.465e-05  DilMax=6.478e-01  dt=4.159e-03
15:48:04.016 [ INFO] step=  6498  t=27.02042  ResidMax=7.443e-05  DilMax=6.478e-01  dt=4.159e-03
15:48:04.053 [ INFO] step=  6499  t=27.02458  ResidMax=7.421e-05  DilMax=6.478e-01  dt=4.159e-03
15:48:04.090 [ INFO] step=  6500  t=27.02874  ResidMax=7.399e-05  DilMax=6.478e-01  dt=4.159e-03
15:48:04.397 [ INFO] VTK snapshot written → results/backstep_validation/step_re100_t006500.vtk
15:48:06.424 [ INFO] step=  6501  t=27.03290  ResidMax=7.376e-05  DilMax=6.478e-01  dt=4.159e-03
15:48:06.462 [ INFO] step=  6502  t=27.03706  ResidMax=7.356e-05  DilMax=6.478e-01  dt=4.159e-03
15:48:06.499 [ INFO] step=  6503  t=27.04122  ResidMax=7.336e-05  DilMax=6.478e-01  dt=4.159e-03
15:48:06.536 [ INFO] step=  6504  t=27.04538  ResidMax=7.317e-05  DilMax=6.478e-01  dt=4.159e-03
15:48:06.573 [ INFO] step=  6505  t=27.04953  ResidMax=7.297e-05  DilMax=6.478e-01  dt=4.159e-03
15:48:06.611 [ INFO] step=  6506  t=27.05369  ResidMax=7.277e-05  DilMax=6.478e-01  dt=4.159e-03
15:48:06.649 [ INFO] step=  6507  t=27.05785  ResidMax=7.257e-05  DilMax=6.478e-01  dt=4.159e-03
15:48:06.687 [ INFO] step=  6508  t=27.06201  ResidMax=7.237e-05  DilMax=6.478e-01  dt=4.159e-03
15:48:06.724 [ INFO] step=  6509  t=27.06617  ResidMax=7.216e-05  DilMax=6.478e-01  dt=4.159e-03
15:48:06.761 [ INFO] step=  6510  t=27.07033  ResidMax=7.196e-05  DilMax=6.478e-01  dt=4.159e-03
15:48:06.799 [ INFO] step=  6511  t=27.07449  ResidMax=7.175e-05  DilMax=6.478e-01  dt=4.159e-03
15:48:06.836 [ INFO] step=  6512  t=27.07865  ResidMax=7.163e-05  DilMax=6.478e-01  dt=4.159e-03
15:48:06.873 [ INFO] step=  6513  t=27.08280  ResidMax=7.154e-05  DilMax=6.478e-01  dt=4.159e-03
15:48:06.911 [ INFO] step=  6514  t=27.08696  ResidMax=7.145e-05  DilMax=6.478e-01  dt=4.159e-03
15:48:06.948 [ INFO] step=  6515  t=27.09112  ResidMax=7.136e-05  DilMax=6.478e-01  dt=4.159e-03
15:48:06.986 [ INFO] step=  6516  t=27.09528  ResidMax=7.128e-05  DilMax=6.478e-01  dt=4.159e-03
15:48:07.024 [ INFO] step=  6517  t=27.09944  ResidMax=7.119e-05  DilMax=6.478e-01  dt=4.159e-03
15:48:07.061 [ INFO] step=  6518  t=27.10360  ResidMax=7.111e-05  DilMax=6.478e-01  dt=4.159e-03
15:48:07.098 [ INFO] step=  6519  t=27.10776  ResidMax=7.102e-05  DilMax=6.478e-01  dt=4.159e-03
15:48:07.135 [ INFO] step=  6520  t=27.11191  ResidMax=7.093e-05  DilMax=6.478e-01  dt=4.159e-03
15:48:07.171 [ INFO] step=  6521  t=27.11607  ResidMax=7.084e-05  DilMax=6.478e-01  dt=4.159e-03
15:48:07.208 [ INFO] step=  6522  t=27.12023  ResidMax=7.075e-05  DilMax=6.478e-01  dt=4.159e-03
15:48:07.245 [ INFO] step=  6523  t=27.12439  ResidMax=7.066e-05  DilMax=6.478e-01  dt=4.159e-03
15:48:07.282 [ INFO] step=  6524  t=27.12855  ResidMax=7.057e-05  DilMax=6.478e-01  dt=4.159e-03
15:48:07.319 [ INFO] step=  6525  t=27.13271  ResidMax=7.049e-05  DilMax=6.478e-01  dt=4.159e-03
15:48:07.356 [ INFO] step=  6526  t=27.13687  ResidMax=7.041e-05  DilMax=6.478e-01  dt=4.159e-03
15:48:07.393 [ INFO] step=  6527  t=27.14103  ResidMax=7.032e-05  DilMax=6.478e-01  dt=4.159e-03
15:48:07.430 [ INFO] step=  6528  t=27.14518  ResidMax=7.023e-05  DilMax=6.478e-01  dt=4.159e-03
15:48:07.466 [ INFO] step=  6529  t=27.14934  ResidMax=7.014e-05  DilMax=6.478e-01  dt=4.159e-03
15:48:07.503 [ INFO] step=  6530  t=27.15350  ResidMax=7.006e-05  DilMax=6.478e-01  dt=4.159e-03
15:48:07.540 [ INFO] step=  6531  t=27.15766  ResidMax=6.997e-05  DilMax=6.478e-01  dt=4.159e-03
15:48:07.577 [ INFO] step=  6532  t=27.16182  ResidMax=6.988e-05  DilMax=6.478e-01  dt=4.159e-03
15:48:07.614 [ INFO] step=  6533  t=27.16598  ResidMax=6.980e-05  DilMax=6.478e-01  dt=4.159e-03
15:48:07.651 [ INFO] step=  6534  t=27.17014  ResidMax=6.971e-05  DilMax=6.478e-01  dt=4.159e-03
15:48:07.689 [ INFO] step=  6535  t=27.17429  ResidMax=6.963e-05  DilMax=6.478e-01  dt=4.159e-03
15:48:07.726 [ INFO] step=  6536  t=27.17845  ResidMax=6.954e-05  DilMax=6.478e-01  dt=4.159e-03
15:48:07.763 [ INFO] step=  6537  t=27.18261  ResidMax=6.946e-05  DilMax=6.478e-01  dt=4.159e-03
15:48:07.801 [ INFO] step=  6538  t=27.18677  ResidMax=6.937e-05  DilMax=6.478e-01  dt=4.159e-03
15:48:07.838 [ INFO] step=  6539  t=27.19093  ResidMax=6.928e-05  DilMax=6.478e-01  dt=4.159e-03
15:48:07.875 [ INFO] step=  6540  t=27.19509  ResidMax=6.919e-05  DilMax=6.478e-01  dt=4.159e-03
15:48:07.913 [ INFO] step=  6541  t=27.19925  ResidMax=6.911e-05  DilMax=6.478e-01  dt=4.159e-03
15:48:07.951 [ INFO] step=  6542  t=27.20341  ResidMax=6.902e-05  DilMax=6.478e-01  dt=4.159e-03
15:48:07.988 [ INFO] step=  6543  t=27.20756  ResidMax=6.894e-05  DilMax=6.478e-01  dt=4.159e-03
15:48:08.025 [ INFO] step=  6544  t=27.21172  ResidMax=6.886e-05  DilMax=6.478e-01  dt=4.159e-03
15:48:08.062 [ INFO] step=  6545  t=27.21588  ResidMax=6.877e-05  DilMax=6.478e-01  dt=4.159e-03
15:48:08.099 [ INFO] step=  6546  t=27.22004  ResidMax=6.869e-05  DilMax=6.478e-01  dt=4.159e-03
15:48:08.136 [ INFO] step=  6547  t=27.22420  ResidMax=6.860e-05  DilMax=6.478e-01  dt=4.159e-03
15:48:08.174 [ INFO] step=  6548  t=27.22836  ResidMax=6.851e-05  DilMax=6.478e-01  dt=4.159e-03
15:48:08.210 [ INFO] step=  6549  t=27.23252  ResidMax=6.842e-05  DilMax=6.478e-01  dt=4.159e-03
15:48:08.247 [ INFO] step=  6550  t=27.23667  ResidMax=6.834e-05  DilMax=6.478e-01  dt=4.159e-03
15:48:08.284 [ INFO] step=  6551  t=27.24083  ResidMax=6.826e-05  DilMax=6.478e-01  dt=4.159e-03
15:48:08.321 [ INFO] step=  6552  t=27.24499  ResidMax=6.818e-05  DilMax=6.478e-01  dt=4.159e-03
15:48:08.358 [ INFO] step=  6553  t=27.24915  ResidMax=6.810e-05  DilMax=6.478e-01  dt=4.159e-03
15:48:08.396 [ INFO] step=  6554  t=27.25331  ResidMax=6.801e-05  DilMax=6.478e-01  dt=4.159e-03
15:48:08.434 [ INFO] step=  6555  t=27.25747  ResidMax=6.793e-05  DilMax=6.478e-01  dt=4.159e-03
15:48:08.472 [ INFO] step=  6556  t=27.26163  ResidMax=6.784e-05  DilMax=6.478e-01  dt=4.159e-03
15:48:08.511 [ INFO] step=  6557  t=27.26578  ResidMax=6.775e-05  DilMax=6.478e-01  dt=4.159e-03
15:48:08.553 [ INFO] step=  6558  t=27.26994  ResidMax=6.767e-05  DilMax=6.478e-01  dt=4.159e-03
15:48:08.596 [ INFO] step=  6559  t=27.27410  ResidMax=6.759e-05  DilMax=6.478e-01  dt=4.159e-03
15:48:08.638 [ INFO] step=  6560  t=27.27826  ResidMax=6.751e-05  DilMax=6.478e-01  dt=4.159e-03
15:48:08.681 [ INFO] step=  6561  t=27.28242  ResidMax=6.742e-05  DilMax=6.478e-01  dt=4.159e-03
15:48:08.724 [ INFO] step=  6562  t=27.28658  ResidMax=6.734e-05  DilMax=6.478e-01  dt=4.159e-03
15:48:08.766 [ INFO] step=  6563  t=27.29074  ResidMax=6.726e-05  DilMax=6.478e-01  dt=4.159e-03
15:48:08.807 [ INFO] step=  6564  t=27.29490  ResidMax=6.717e-05  DilMax=6.478e-01  dt=4.159e-03
15:48:08.850 [ INFO] step=  6565  t=27.29905  ResidMax=6.709e-05  DilMax=6.478e-01  dt=4.159e-03
15:48:08.892 [ INFO] step=  6566  t=27.30321  ResidMax=6.700e-05  DilMax=6.478e-01  dt=4.159e-03
15:48:08.976 [ INFO] step=  6567  t=27.30737  ResidMax=6.692e-05  DilMax=6.478e-01  dt=4.159e-03
15:48:09.020 [ INFO] step=  6568  t=27.31153  ResidMax=6.684e-05  DilMax=6.478e-01  dt=4.159e-03
15:48:09.062 [ INFO] step=  6569  t=27.31569  ResidMax=6.676e-05  DilMax=6.478e-01  dt=4.159e-03
15:48:09.103 [ INFO] step=  6570  t=27.31985  ResidMax=6.668e-05  DilMax=6.478e-01  dt=4.159e-03
15:48:09.145 [ INFO] step=  6571  t=27.32401  ResidMax=6.660e-05  DilMax=6.478e-01  dt=4.159e-03
15:48:09.186 [ INFO] step=  6572  t=27.32816  ResidMax=6.651e-05  DilMax=6.478e-01  dt=4.159e-03
15:48:09.226 [ INFO] step=  6573  t=27.33232  ResidMax=6.643e-05  DilMax=6.478e-01  dt=4.159e-03
15:48:09.266 [ INFO] step=  6574  t=27.33648  ResidMax=6.634e-05  DilMax=6.478e-01  dt=4.159e-03
15:48:09.307 [ INFO] step=  6575  t=27.34064  ResidMax=6.626e-05  DilMax=6.478e-01  dt=4.159e-03
15:48:09.349 [ INFO] step=  6576  t=27.34480  ResidMax=6.618e-05  DilMax=6.478e-01  dt=4.159e-03
15:48:09.388 [ INFO] step=  6577  t=27.34896  ResidMax=6.610e-05  DilMax=6.478e-01  dt=4.159e-03
15:48:09.427 [ INFO] step=  6578  t=27.35312  ResidMax=6.602e-05  DilMax=6.478e-01  dt=4.159e-03
15:48:09.464 [ INFO] step=  6579  t=27.35728  ResidMax=6.594e-05  DilMax=6.478e-01  dt=4.159e-03
15:48:09.501 [ INFO] step=  6580  t=27.36143  ResidMax=6.586e-05  DilMax=6.478e-01  dt=4.159e-03
15:48:09.538 [ INFO] step=  6581  t=27.36559  ResidMax=6.578e-05  DilMax=6.478e-01  dt=4.159e-03
15:48:09.576 [ INFO] step=  6582  t=27.36975  ResidMax=6.569e-05  DilMax=6.478e-01  dt=4.159e-03
15:48:09.614 [ INFO] step=  6583  t=27.37391  ResidMax=6.561e-05  DilMax=6.478e-01  dt=4.159e-03
15:48:09.652 [ INFO] step=  6584  t=27.37807  ResidMax=6.553e-05  DilMax=6.478e-01  dt=4.159e-03
15:48:09.696 [ INFO] step=  6585  t=27.38223  ResidMax=6.545e-05  DilMax=6.478e-01  dt=4.159e-03
15:48:09.737 [ INFO] step=  6586  t=27.38639  ResidMax=6.537e-05  DilMax=6.478e-01  dt=4.159e-03
15:48:09.784 [ INFO] step=  6587  t=27.39054  ResidMax=6.529e-05  DilMax=6.478e-01  dt=4.159e-03
15:48:09.827 [ INFO] step=  6588  t=27.39470  ResidMax=6.521e-05  DilMax=6.478e-01  dt=4.159e-03
15:48:09.868 [ INFO] step=  6589  t=27.39886  ResidMax=6.513e-05  DilMax=6.478e-01  dt=4.159e-03
15:48:09.911 [ INFO] step=  6590  t=27.40302  ResidMax=6.505e-05  DilMax=6.478e-01  dt=4.159e-03
15:48:09.953 [ INFO] step=  6591  t=27.40718  ResidMax=6.496e-05  DilMax=6.478e-01  dt=4.159e-03
15:48:09.998 [ INFO] step=  6592  t=27.41134  ResidMax=6.488e-05  DilMax=6.478e-01  dt=4.159e-03
15:48:10.050 [ INFO] step=  6593  t=27.41550  ResidMax=6.480e-05  DilMax=6.478e-01  dt=4.159e-03
15:48:10.093 [ INFO] step=  6594  t=27.41966  ResidMax=6.473e-05  DilMax=6.478e-01  dt=4.159e-03
15:48:10.135 [ INFO] step=  6595  t=27.42381  ResidMax=6.465e-05  DilMax=6.478e-01  dt=4.159e-03
15:48:10.176 [ INFO] step=  6596  t=27.42797  ResidMax=6.457e-05  DilMax=6.478e-01  dt=4.159e-03
15:48:10.217 [ INFO] step=  6597  t=27.43213  ResidMax=6.449e-05  DilMax=6.478e-01  dt=4.159e-03
15:48:10.257 [ INFO] step=  6598  t=27.43629  ResidMax=6.441e-05  DilMax=6.478e-01  dt=4.159e-03
15:48:10.297 [ INFO] step=  6599  t=27.44045  ResidMax=6.433e-05  DilMax=6.478e-01  dt=4.159e-03
15:48:10.336 [ INFO] step=  6600  t=27.44461  ResidMax=6.424e-05  DilMax=6.478e-01  dt=4.159e-03
15:48:10.375 [ INFO] step=  6601  t=27.44877  ResidMax=6.416e-05  DilMax=6.478e-01  dt=4.159e-03
15:48:10.414 [ INFO] step=  6602  t=27.45292  ResidMax=6.409e-05  DilMax=6.478e-01  dt=4.159e-03
15:48:10.455 [ INFO] step=  6603  t=27.45708  ResidMax=6.401e-05  DilMax=6.478e-01  dt=4.159e-03
15:48:10.497 [ INFO] step=  6604  t=27.46124  ResidMax=6.393e-05  DilMax=6.478e-01  dt=4.159e-03
15:48:10.538 [ INFO] step=  6605  t=27.46540  ResidMax=6.386e-05  DilMax=6.478e-01  dt=4.159e-03
15:48:10.580 [ INFO] step=  6606  t=27.46956  ResidMax=6.378e-05  DilMax=6.478e-01  dt=4.159e-03
15:48:10.622 [ INFO] step=  6607  t=27.47372  ResidMax=6.370e-05  DilMax=6.478e-01  dt=4.159e-03
15:48:10.664 [ INFO] step=  6608  t=27.47788  ResidMax=6.361e-05  DilMax=6.478e-01  dt=4.159e-03
15:48:10.705 [ INFO] step=  6609  t=27.48204  ResidMax=6.353e-05  DilMax=6.478e-01  dt=4.159e-03
15:48:10.746 [ INFO] step=  6610  t=27.48619  ResidMax=6.346e-05  DilMax=6.478e-01  dt=4.159e-03
15:48:10.789 [ INFO] step=  6611  t=27.49035  ResidMax=6.338e-05  DilMax=6.478e-01  dt=4.159e-03
15:48:10.832 [ INFO] step=  6612  t=27.49451  ResidMax=6.331e-05  DilMax=6.478e-01  dt=4.159e-03
15:48:10.874 [ INFO] step=  6613  t=27.49867  ResidMax=6.323e-05  DilMax=6.478e-01  dt=4.159e-03
15:48:10.914 [ INFO] step=  6614  t=27.50283  ResidMax=6.315e-05  DilMax=6.478e-01  dt=4.159e-03
15:48:10.954 [ INFO] step=  6615  t=27.50699  ResidMax=6.307e-05  DilMax=6.478e-01  dt=4.159e-03
15:48:10.994 [ INFO] step=  6616  t=27.51115  ResidMax=6.299e-05  DilMax=6.478e-01  dt=4.159e-03
15:48:11.034 [ INFO] step=  6617  t=27.51530  ResidMax=6.291e-05  DilMax=6.478e-01  dt=4.159e-03
15:48:11.073 [ INFO] step=  6618  t=27.51946  ResidMax=6.283e-05  DilMax=6.478e-01  dt=4.159e-03
15:48:11.111 [ INFO] step=  6619  t=27.52362  ResidMax=6.276e-05  DilMax=6.478e-01  dt=4.159e-03
15:48:11.150 [ INFO] step=  6620  t=27.52778  ResidMax=6.268e-05  DilMax=6.478e-01  dt=4.159e-03
15:48:11.189 [ INFO] step=  6621  t=27.53194  ResidMax=6.261e-05  DilMax=6.478e-01  dt=4.159e-03
15:48:11.229 [ INFO] step=  6622  t=27.53610  ResidMax=6.253e-05  DilMax=6.478e-01  dt=4.159e-03
15:48:11.269 [ INFO] step=  6623  t=27.54026  ResidMax=6.245e-05  DilMax=6.478e-01  dt=4.159e-03
15:48:11.308 [ INFO] step=  6624  t=27.54442  ResidMax=6.238e-05  DilMax=6.478e-01  dt=4.159e-03
15:48:11.351 [ INFO] step=  6625  t=27.54857  ResidMax=6.230e-05  DilMax=6.478e-01  dt=4.159e-03
15:48:11.392 [ INFO] step=  6626  t=27.55273  ResidMax=6.222e-05  DilMax=6.478e-01  dt=4.159e-03
15:48:11.434 [ INFO] step=  6627  t=27.55689  ResidMax=6.214e-05  DilMax=6.478e-01  dt=4.159e-03
15:48:11.476 [ INFO] step=  6628  t=27.56105  ResidMax=6.207e-05  DilMax=6.478e-01  dt=4.159e-03
15:48:11.518 [ INFO] step=  6629  t=27.56521  ResidMax=6.199e-05  DilMax=6.478e-01  dt=4.159e-03
15:48:11.558 [ INFO] step=  6630  t=27.56937  ResidMax=6.192e-05  DilMax=6.478e-01  dt=4.159e-03
15:48:11.597 [ INFO] step=  6631  t=27.57353  ResidMax=6.184e-05  DilMax=6.478e-01  dt=4.159e-03
15:48:11.638 [ INFO] step=  6632  t=27.57768  ResidMax=6.177e-05  DilMax=6.478e-01  dt=4.159e-03
15:48:11.679 [ INFO] step=  6633  t=27.58184  ResidMax=6.169e-05  DilMax=6.478e-01  dt=4.159e-03
15:48:11.719 [ INFO] step=  6634  t=27.58600  ResidMax=6.161e-05  DilMax=6.478e-01  dt=4.159e-03
15:48:11.759 [ INFO] step=  6635  t=27.59016  ResidMax=6.153e-05  DilMax=6.478e-01  dt=4.159e-03
15:48:11.799 [ INFO] step=  6636  t=27.59432  ResidMax=6.146e-05  DilMax=6.478e-01  dt=4.159e-03
15:48:11.838 [ INFO] step=  6637  t=27.59848  ResidMax=6.138e-05  DilMax=6.478e-01  dt=4.159e-03
15:48:11.877 [ INFO] step=  6638  t=27.60264  ResidMax=6.131e-05  DilMax=6.478e-01  dt=4.159e-03
15:48:11.917 [ INFO] step=  6639  t=27.60680  ResidMax=6.124e-05  DilMax=6.478e-01  dt=4.159e-03
15:48:11.958 [ INFO] step=  6640  t=27.61095  ResidMax=6.116e-05  DilMax=6.478e-01  dt=4.159e-03
15:48:11.998 [ INFO] step=  6641  t=27.61511  ResidMax=6.109e-05  DilMax=6.478e-01  dt=4.159e-03
15:48:12.038 [ INFO] step=  6642  t=27.61927  ResidMax=6.101e-05  DilMax=6.478e-01  dt=4.159e-03
15:48:12.077 [ INFO] step=  6643  t=27.62343  ResidMax=6.093e-05  DilMax=6.478e-01  dt=4.159e-03
15:48:12.117 [ INFO] step=  6644  t=27.62759  ResidMax=6.085e-05  DilMax=6.478e-01  dt=4.159e-03
15:48:12.156 [ INFO] step=  6645  t=27.63175  ResidMax=6.078e-05  DilMax=6.478e-01  dt=4.159e-03
15:48:12.194 [ INFO] step=  6646  t=27.63591  ResidMax=6.071e-05  DilMax=6.478e-01  dt=4.159e-03
15:48:12.234 [ INFO] step=  6647  t=27.64006  ResidMax=6.064e-05  DilMax=6.478e-01  dt=4.159e-03
15:48:12.273 [ INFO] step=  6648  t=27.64422  ResidMax=6.057e-05  DilMax=6.478e-01  dt=4.159e-03
15:48:12.313 [ INFO] step=  6649  t=27.64838  ResidMax=6.049e-05  DilMax=6.478e-01  dt=4.159e-03
15:48:12.351 [ INFO] step=  6650  t=27.65254  ResidMax=6.042e-05  DilMax=6.478e-01  dt=4.159e-03
15:48:12.388 [ INFO] step=  6651  t=27.65670  ResidMax=6.034e-05  DilMax=6.478e-01  dt=4.159e-03
15:48:12.426 [ INFO] step=  6652  t=27.66086  ResidMax=6.026e-05  DilMax=6.478e-01  dt=4.159e-03
15:48:12.463 [ INFO] step=  6653  t=27.66502  ResidMax=6.019e-05  DilMax=6.478e-01  dt=4.159e-03
15:48:12.503 [ INFO] step=  6654  t=27.66918  ResidMax=6.012e-05  DilMax=6.478e-01  dt=4.159e-03
15:48:12.541 [ INFO] step=  6655  t=27.67333  ResidMax=6.005e-05  DilMax=6.478e-01  dt=4.159e-03
15:48:12.578 [ INFO] step=  6656  t=27.67749  ResidMax=5.998e-05  DilMax=6.478e-01  dt=4.159e-03
15:48:12.616 [ INFO] step=  6657  t=27.68165  ResidMax=5.990e-05  DilMax=6.478e-01  dt=4.159e-03
15:48:12.663 [ INFO] step=  6658  t=27.68581  ResidMax=5.983e-05  DilMax=6.478e-01  dt=4.159e-03
15:48:12.706 [ INFO] step=  6659  t=27.68997  ResidMax=5.975e-05  DilMax=6.478e-01  dt=4.159e-03
15:48:12.745 [ INFO] step=  6660  t=27.69413  ResidMax=5.968e-05  DilMax=6.478e-01  dt=4.159e-03
15:48:12.784 [ INFO] step=  6661  t=27.69829  ResidMax=5.960e-05  DilMax=6.478e-01  dt=4.159e-03
15:48:12.823 [ INFO] step=  6662  t=27.70244  ResidMax=5.953e-05  DilMax=6.478e-01  dt=4.159e-03
15:48:12.864 [ INFO] step=  6663  t=27.70660  ResidMax=5.946e-05  DilMax=6.478e-01  dt=4.159e-03
15:48:12.905 [ INFO] step=  6664  t=27.71076  ResidMax=5.939e-05  DilMax=6.478e-01  dt=4.159e-03
15:48:12.945 [ INFO] step=  6665  t=27.71492  ResidMax=5.932e-05  DilMax=6.478e-01  dt=4.159e-03
15:48:13.005 [ INFO] step=  6666  t=27.71908  ResidMax=5.925e-05  DilMax=6.478e-01  dt=4.159e-03
15:48:13.046 [ INFO] step=  6667  t=27.72324  ResidMax=5.918e-05  DilMax=6.478e-01  dt=4.159e-03
15:48:13.090 [ INFO] step=  6668  t=27.72740  ResidMax=5.910e-05  DilMax=6.478e-01  dt=4.159e-03
15:48:13.131 [ INFO] step=  6669  t=27.73156  ResidMax=5.903e-05  DilMax=6.478e-01  dt=4.159e-03
15:48:13.176 [ INFO] step=  6670  t=27.73571  ResidMax=5.895e-05  DilMax=6.478e-01  dt=4.159e-03
15:48:13.217 [ INFO] step=  6671  t=27.73987  ResidMax=5.888e-05  DilMax=6.478e-01  dt=4.159e-03
15:48:13.259 [ INFO] step=  6672  t=27.74403  ResidMax=5.881e-05  DilMax=6.478e-01  dt=4.159e-03
15:48:13.301 [ INFO] step=  6673  t=27.74819  ResidMax=5.874e-05  DilMax=6.478e-01  dt=4.159e-03
15:48:13.345 [ INFO] step=  6674  t=27.75235  ResidMax=5.867e-05  DilMax=6.478e-01  dt=4.159e-03
15:48:13.388 [ INFO] step=  6675  t=27.75651  ResidMax=5.860e-05  DilMax=6.478e-01  dt=4.159e-03
15:48:13.429 [ INFO] step=  6676  t=27.76067  ResidMax=5.853e-05  DilMax=6.478e-01  dt=4.159e-03
15:48:13.471 [ INFO] step=  6677  t=27.76482  ResidMax=5.846e-05  DilMax=6.478e-01  dt=4.159e-03
15:48:13.515 [ INFO] step=  6678  t=27.76898  ResidMax=5.838e-05  DilMax=6.478e-01  dt=4.159e-03
15:48:13.560 [ INFO] step=  6679  t=27.77314  ResidMax=5.831e-05  DilMax=6.478e-01  dt=4.159e-03
15:48:13.608 [ INFO] step=  6680  t=27.77730  ResidMax=5.824e-05  DilMax=6.478e-01  dt=4.159e-03
15:48:13.655 [ INFO] step=  6681  t=27.78146  ResidMax=5.818e-05  DilMax=6.478e-01  dt=4.159e-03
15:48:13.703 [ INFO] step=  6682  t=27.78562  ResidMax=5.811e-05  DilMax=6.478e-01  dt=4.159e-03
15:48:13.742 [ INFO] step=  6683  t=27.78978  ResidMax=5.804e-05  DilMax=6.478e-01  dt=4.159e-03
15:48:13.781 [ INFO] step=  6684  t=27.79393  ResidMax=5.797e-05  DilMax=6.478e-01  dt=4.159e-03
15:48:13.823 [ INFO] step=  6685  t=27.79809  ResidMax=5.789e-05  DilMax=6.478e-01  dt=4.159e-03
15:48:13.866 [ INFO] step=  6686  t=27.80225  ResidMax=5.782e-05  DilMax=6.478e-01  dt=4.159e-03
15:48:13.910 [ INFO] step=  6687  t=27.80641  ResidMax=5.775e-05  DilMax=6.478e-01  dt=4.159e-03
15:48:13.950 [ INFO] step=  6688  t=27.81057  ResidMax=5.768e-05  DilMax=6.478e-01  dt=4.159e-03
15:48:13.990 [ INFO] step=  6689  t=27.81473  ResidMax=5.761e-05  DilMax=6.478e-01  dt=4.159e-03
15:48:14.031 [ INFO] step=  6690  t=27.81889  ResidMax=5.755e-05  DilMax=6.478e-01  dt=4.159e-03
15:48:14.073 [ INFO] step=  6691  t=27.82305  ResidMax=5.748e-05  DilMax=6.478e-01  dt=4.159e-03
15:48:14.116 [ INFO] step=  6692  t=27.82720  ResidMax=5.741e-05  DilMax=6.478e-01  dt=4.159e-03
15:48:14.174 [ INFO] step=  6693  t=27.83136  ResidMax=5.734e-05  DilMax=6.478e-01  dt=4.159e-03
15:48:14.213 [ INFO] step=  6694  t=27.83552  ResidMax=5.727e-05  DilMax=6.478e-01  dt=4.159e-03
15:48:14.250 [ INFO] step=  6695  t=27.83968  ResidMax=5.720e-05  DilMax=6.478e-01  dt=4.159e-03
15:48:14.289 [ INFO] step=  6696  t=27.84384  ResidMax=5.712e-05  DilMax=6.478e-01  dt=4.159e-03
15:48:14.331 [ INFO] step=  6697  t=27.84800  ResidMax=5.706e-05  DilMax=6.478e-01  dt=4.159e-03
15:48:14.374 [ INFO] step=  6698  t=27.85216  ResidMax=5.699e-05  DilMax=6.478e-01  dt=4.159e-03
15:48:14.417 [ INFO] step=  6699  t=27.85631  ResidMax=5.692e-05  DilMax=6.478e-01  dt=4.159e-03
15:48:14.458 [ INFO] step=  6700  t=27.86047  ResidMax=5.686e-05  DilMax=6.478e-01  dt=4.159e-03
15:48:14.499 [ INFO] step=  6701  t=27.86463  ResidMax=5.679e-05  DilMax=6.478e-01  dt=4.159e-03
15:48:14.538 [ INFO] step=  6702  t=27.86879  ResidMax=5.672e-05  DilMax=6.478e-01  dt=4.159e-03
15:48:14.578 [ INFO] step=  6703  t=27.87295  ResidMax=5.665e-05  DilMax=6.478e-01  dt=4.159e-03
15:48:14.619 [ INFO] step=  6704  t=27.87711  ResidMax=5.658e-05  DilMax=6.478e-01  dt=4.159e-03
15:48:14.661 [ INFO] step=  6705  t=27.88127  ResidMax=5.651e-05  DilMax=6.478e-01  dt=4.159e-03
15:48:14.703 [ INFO] step=  6706  t=27.88543  ResidMax=5.644e-05  DilMax=6.478e-01  dt=4.159e-03
15:48:14.742 [ INFO] step=  6707  t=27.88958  ResidMax=5.638e-05  DilMax=6.478e-01  dt=4.159e-03
15:48:14.780 [ INFO] step=  6708  t=27.89374  ResidMax=5.631e-05  DilMax=6.478e-01  dt=4.159e-03
15:48:14.818 [ INFO] step=  6709  t=27.89790  ResidMax=5.625e-05  DilMax=6.478e-01  dt=4.159e-03
15:48:14.856 [ INFO] step=  6710  t=27.90206  ResidMax=5.618e-05  DilMax=6.478e-01  dt=4.159e-03
15:48:14.900 [ INFO] step=  6711  t=27.90622  ResidMax=5.611e-05  DilMax=6.478e-01  dt=4.159e-03
15:48:14.944 [ INFO] step=  6712  t=27.91038  ResidMax=5.604e-05  DilMax=6.478e-01  dt=4.159e-03
15:48:15.013 [ INFO] step=  6713  t=27.91454  ResidMax=5.597e-05  DilMax=6.478e-01  dt=4.159e-03
15:48:15.051 [ INFO] step=  6714  t=27.91869  ResidMax=5.590e-05  DilMax=6.478e-01  dt=4.159e-03
15:48:15.088 [ INFO] step=  6715  t=27.92285  ResidMax=5.584e-05  DilMax=6.478e-01  dt=4.159e-03
15:48:15.125 [ INFO] step=  6716  t=27.92701  ResidMax=5.577e-05  DilMax=6.478e-01  dt=4.159e-03
15:48:15.169 [ INFO] step=  6717  t=27.93117  ResidMax=5.571e-05  DilMax=6.478e-01  dt=4.159e-03
15:48:15.211 [ INFO] step=  6718  t=27.93533  ResidMax=5.564e-05  DilMax=6.478e-01  dt=4.159e-03
15:48:15.248 [ INFO] step=  6719  t=27.93949  ResidMax=5.558e-05  DilMax=6.478e-01  dt=4.159e-03
15:48:15.286 [ INFO] step=  6720  t=27.94365  ResidMax=5.551e-05  DilMax=6.478e-01  dt=4.159e-03
15:48:15.322 [ INFO] step=  6721  t=27.94781  ResidMax=5.544e-05  DilMax=6.478e-01  dt=4.159e-03
15:48:15.360 [ INFO] step=  6722  t=27.95196  ResidMax=5.537e-05  DilMax=6.478e-01  dt=4.159e-03
15:48:15.397 [ INFO] step=  6723  t=27.95612  ResidMax=5.531e-05  DilMax=6.478e-01  dt=4.159e-03
15:48:15.437 [ INFO] step=  6724  t=27.96028  ResidMax=5.524e-05  DilMax=6.478e-01  dt=4.159e-03
15:48:15.476 [ INFO] step=  6725  t=27.96444  ResidMax=5.518e-05  DilMax=6.478e-01  dt=4.159e-03
15:48:15.515 [ INFO] step=  6726  t=27.96860  ResidMax=5.512e-05  DilMax=6.478e-01  dt=4.159e-03
15:48:15.554 [ INFO] step=  6727  t=27.97276  ResidMax=5.505e-05  DilMax=6.478e-01  dt=4.159e-03
15:48:15.595 [ INFO] step=  6728  t=27.97692  ResidMax=5.499e-05  DilMax=6.478e-01  dt=4.159e-03
15:48:15.634 [ INFO] step=  6729  t=27.98107  ResidMax=5.492e-05  DilMax=6.478e-01  dt=4.159e-03
15:48:15.673 [ INFO] step=  6730  t=27.98523  ResidMax=5.486e-05  DilMax=6.478e-01  dt=4.159e-03
15:48:15.712 [ INFO] step=  6731  t=27.98939  ResidMax=5.479e-05  DilMax=6.478e-01  dt=4.159e-03
15:48:15.751 [ INFO] step=  6732  t=27.99355  ResidMax=5.473e-05  DilMax=6.478e-01  dt=4.159e-03
15:48:15.788 [ INFO] step=  6733  t=27.99771  ResidMax=5.466e-05  DilMax=6.478e-01  dt=4.159e-03
15:48:15.825 [ INFO] step=  6734  t=28.00187  ResidMax=5.460e-05  DilMax=6.478e-01  dt=4.159e-03
15:48:15.863 [ INFO] step=  6735  t=28.00603  ResidMax=5.454e-05  DilMax=6.478e-01  dt=4.159e-03
15:48:15.902 [ INFO] step=  6736  t=28.01019  ResidMax=5.448e-05  DilMax=6.478e-01  dt=4.159e-03
15:48:15.942 [ INFO] step=  6737  t=28.01434  ResidMax=5.441e-05  DilMax=6.478e-01  dt=4.159e-03
15:48:15.980 [ INFO] step=  6738  t=28.01850  ResidMax=5.435e-05  DilMax=6.478e-01  dt=4.159e-03
15:48:16.017 [ INFO] step=  6739  t=28.02266  ResidMax=5.428e-05  DilMax=6.478e-01  dt=4.159e-03
15:48:16.056 [ INFO] step=  6740  t=28.02682  ResidMax=5.422e-05  DilMax=6.478e-01  dt=4.159e-03
15:48:16.093 [ INFO] step=  6741  t=28.03098  ResidMax=5.416e-05  DilMax=6.478e-01  dt=4.159e-03
15:48:16.131 [ INFO] step=  6742  t=28.03514  ResidMax=5.410e-05  DilMax=6.478e-01  dt=4.159e-03
15:48:16.168 [ INFO] step=  6743  t=28.03930  ResidMax=5.403e-05  DilMax=6.478e-01  dt=4.159e-03
15:48:16.206 [ INFO] step=  6744  t=28.04345  ResidMax=5.397e-05  DilMax=6.478e-01  dt=4.159e-03
15:48:16.243 [ INFO] step=  6745  t=28.04761  ResidMax=5.391e-05  DilMax=6.478e-01  dt=4.159e-03
15:48:16.280 [ INFO] step=  6746  t=28.05177  ResidMax=5.385e-05  DilMax=6.478e-01  dt=4.159e-03
15:48:16.318 [ INFO] step=  6747  t=28.05593  ResidMax=5.378e-05  DilMax=6.478e-01  dt=4.159e-03
15:48:16.363 [ INFO] step=  6748  t=28.06009  ResidMax=5.372e-05  DilMax=6.478e-01  dt=4.159e-03
15:48:16.406 [ INFO] step=  6749  t=28.06425  ResidMax=5.365e-05  DilMax=6.478e-01  dt=4.159e-03
15:48:16.448 [ INFO] step=  6750  t=28.06841  ResidMax=5.359e-05  DilMax=6.478e-01  dt=4.159e-03
15:48:16.490 [ INFO] step=  6751  t=28.07257  ResidMax=5.354e-05  DilMax=6.478e-01  dt=4.159e-03
15:48:16.533 [ INFO] step=  6752  t=28.07672  ResidMax=5.347e-05  DilMax=6.478e-01  dt=4.159e-03
15:48:16.575 [ INFO] step=  6753  t=28.08088  ResidMax=5.341e-05  DilMax=6.478e-01  dt=4.159e-03
15:48:16.617 [ INFO] step=  6754  t=28.08504  ResidMax=5.335e-05  DilMax=6.478e-01  dt=4.159e-03
15:48:16.657 [ INFO] step=  6755  t=28.08920  ResidMax=5.329e-05  DilMax=6.478e-01  dt=4.159e-03
15:48:16.699 [ INFO] step=  6756  t=28.09336  ResidMax=5.322e-05  DilMax=6.478e-01  dt=4.159e-03
15:48:16.740 [ INFO] step=  6757  t=28.09752  ResidMax=5.316e-05  DilMax=6.478e-01  dt=4.159e-03
15:48:16.782 [ INFO] step=  6758  t=28.10168  ResidMax=5.310e-05  DilMax=6.478e-01  dt=4.159e-03
15:48:16.823 [ INFO] step=  6759  t=28.10583  ResidMax=5.304e-05  DilMax=6.478e-01  dt=4.159e-03
15:48:16.863 [ INFO] step=  6760  t=28.10999  ResidMax=5.299e-05  DilMax=6.478e-01  dt=4.159e-03
15:48:16.905 [ INFO] step=  6761  t=28.11415  ResidMax=5.293e-05  DilMax=6.478e-01  dt=4.159e-03
15:48:16.945 [ INFO] step=  6762  t=28.11831  ResidMax=5.286e-05  DilMax=6.478e-01  dt=4.159e-03
15:48:16.984 [ INFO] step=  6763  t=28.12247  ResidMax=5.280e-05  DilMax=6.478e-01  dt=4.159e-03
15:48:17.023 [ INFO] step=  6764  t=28.12663  ResidMax=5.274e-05  DilMax=6.478e-01  dt=4.159e-03
15:48:17.082 [ INFO] step=  6765  t=28.13079  ResidMax=5.268e-05  DilMax=6.478e-01  dt=4.159e-03
15:48:17.124 [ INFO] step=  6766  t=28.13495  ResidMax=5.262e-05  DilMax=6.478e-01  dt=4.159e-03
15:48:17.162 [ INFO] step=  6767  t=28.13910  ResidMax=5.256e-05  DilMax=6.478e-01  dt=4.159e-03
15:48:17.199 [ INFO] step=  6768  t=28.14326  ResidMax=5.250e-05  DilMax=6.478e-01  dt=4.159e-03
15:48:17.238 [ INFO] step=  6769  t=28.14742  ResidMax=5.245e-05  DilMax=6.478e-01  dt=4.159e-03
15:48:17.276 [ INFO] step=  6770  t=28.15158  ResidMax=5.239e-05  DilMax=6.478e-01  dt=4.159e-03
15:48:17.317 [ INFO] step=  6771  t=28.15574  ResidMax=5.233e-05  DilMax=6.478e-01  dt=4.159e-03
15:48:17.356 [ INFO] step=  6772  t=28.15990  ResidMax=5.227e-05  DilMax=6.478e-01  dt=4.159e-03
15:48:17.397 [ INFO] step=  6773  t=28.16406  ResidMax=5.220e-05  DilMax=6.478e-01  dt=4.159e-03
15:48:17.436 [ INFO] step=  6774  t=28.16821  ResidMax=5.214e-05  DilMax=6.478e-01  dt=4.159e-03
15:48:17.474 [ INFO] step=  6775  t=28.17237  ResidMax=5.209e-05  DilMax=6.478e-01  dt=4.159e-03
15:48:17.513 [ INFO] step=  6776  t=28.17653  ResidMax=5.203e-05  DilMax=6.478e-01  dt=4.159e-03
15:48:17.558 [ INFO] step=  6777  t=28.18069  ResidMax=5.197e-05  DilMax=6.478e-01  dt=4.159e-03
15:48:17.596 [ INFO] step=  6778  t=28.18485  ResidMax=5.192e-05  DilMax=6.478e-01  dt=4.159e-03
15:48:17.635 [ INFO] step=  6779  t=28.18901  ResidMax=5.186e-05  DilMax=6.478e-01  dt=4.159e-03
15:48:17.674 [ INFO] step=  6780  t=28.19317  ResidMax=5.180e-05  DilMax=6.478e-01  dt=4.159e-03
15:48:17.717 [ INFO] step=  6781  t=28.19733  ResidMax=5.174e-05  DilMax=6.478e-01  dt=4.159e-03
15:48:17.758 [ INFO] step=  6782  t=28.20148  ResidMax=5.168e-05  DilMax=6.478e-01  dt=4.159e-03
15:48:17.798 [ INFO] step=  6783  t=28.20564  ResidMax=5.162e-05  DilMax=6.478e-01  dt=4.159e-03
15:48:17.839 [ INFO] step=  6784  t=28.20980  ResidMax=5.156e-05  DilMax=6.478e-01  dt=4.159e-03
15:48:17.880 [ INFO] step=  6785  t=28.21396  ResidMax=5.151e-05  DilMax=6.478e-01  dt=4.159e-03
15:48:17.921 [ INFO] step=  6786  t=28.21812  ResidMax=5.145e-05  DilMax=6.478e-01  dt=4.159e-03
15:48:17.959 [ INFO] step=  6787  t=28.22228  ResidMax=5.140e-05  DilMax=6.478e-01  dt=4.159e-03
15:48:17.996 [ INFO] step=  6788  t=28.22644  ResidMax=5.134e-05  DilMax=6.478e-01  dt=4.159e-03
15:48:18.035 [ INFO] step=  6789  t=28.23059  ResidMax=5.128e-05  DilMax=6.478e-01  dt=4.159e-03
15:48:18.076 [ INFO] step=  6790  t=28.23475  ResidMax=5.122e-05  DilMax=6.478e-01  dt=4.159e-03
15:48:18.116 [ INFO] step=  6791  t=28.23891  ResidMax=5.116e-05  DilMax=6.478e-01  dt=4.159e-03
15:48:18.153 [ INFO] step=  6792  t=28.24307  ResidMax=5.111e-05  DilMax=6.478e-01  dt=4.159e-03
15:48:18.191 [ INFO] step=  6793  t=28.24723  ResidMax=5.105e-05  DilMax=6.478e-01  dt=4.159e-03
15:48:18.229 [ INFO] step=  6794  t=28.25139  ResidMax=5.100e-05  DilMax=6.478e-01  dt=4.159e-03
15:48:18.266 [ INFO] step=  6795  t=28.25555  ResidMax=5.094e-05  DilMax=6.478e-01  dt=4.159e-03
15:48:18.304 [ INFO] step=  6796  t=28.25971  ResidMax=5.089e-05  DilMax=6.478e-01  dt=4.159e-03
15:48:18.344 [ INFO] step=  6797  t=28.26386  ResidMax=5.083e-05  DilMax=6.478e-01  dt=4.159e-03
15:48:18.383 [ INFO] step=  6798  t=28.26802  ResidMax=5.077e-05  DilMax=6.478e-01  dt=4.159e-03
15:48:18.421 [ INFO] step=  6799  t=28.27218  ResidMax=5.071e-05  DilMax=6.478e-01  dt=4.159e-03
15:48:18.458 [ INFO] step=  6800  t=28.27634  ResidMax=5.066e-05  DilMax=6.478e-01  dt=4.159e-03
15:48:18.496 [ INFO] step=  6801  t=28.28050  ResidMax=5.061e-05  DilMax=6.478e-01  dt=4.159e-03
15:48:18.533 [ INFO] step=  6802  t=28.28466  ResidMax=5.055e-05  DilMax=6.478e-01  dt=4.159e-03
15:48:18.571 [ INFO] step=  6803  t=28.28882  ResidMax=5.050e-05  DilMax=6.478e-01  dt=4.159e-03
15:48:18.610 [ INFO] step=  6804  t=28.29297  ResidMax=5.044e-05  DilMax=6.478e-01  dt=4.159e-03
15:48:18.648 [ INFO] step=  6805  t=28.29713  ResidMax=5.039e-05  DilMax=6.478e-01  dt=4.159e-03
15:48:18.686 [ INFO] step=  6806  t=28.30129  ResidMax=5.033e-05  DilMax=6.478e-01  dt=4.159e-03
15:48:18.724 [ INFO] step=  6807  t=28.30545  ResidMax=5.028e-05  DilMax=6.478e-01  dt=4.159e-03
15:48:18.764 [ INFO] step=  6808  t=28.30961  ResidMax=5.022e-05  DilMax=6.478e-01  dt=4.159e-03
15:48:18.803 [ INFO] step=  6809  t=28.31377  ResidMax=5.017e-05  DilMax=6.478e-01  dt=4.159e-03
15:48:18.840 [ INFO] step=  6810  t=28.31793  ResidMax=5.011e-05  DilMax=6.478e-01  dt=4.159e-03
15:48:18.878 [ INFO] step=  6811  t=28.32208  ResidMax=5.006e-05  DilMax=6.478e-01  dt=4.159e-03
15:48:18.916 [ INFO] step=  6812  t=28.32624  ResidMax=5.001e-05  DilMax=6.478e-01  dt=4.159e-03
15:48:18.961 [ INFO] step=  6813  t=28.33040  ResidMax=4.996e-05  DilMax=6.478e-01  dt=4.159e-03
15:48:19.007 [ INFO] step=  6814  t=28.33456  ResidMax=4.990e-05  DilMax=6.478e-01  dt=4.159e-03
15:48:19.046 [ INFO] step=  6815  t=28.33872  ResidMax=4.984e-05  DilMax=6.478e-01  dt=4.159e-03
15:48:19.085 [ INFO] step=  6816  t=28.34288  ResidMax=4.979e-05  DilMax=6.478e-01  dt=4.159e-03
15:48:19.124 [ INFO] step=  6817  t=28.34704  ResidMax=4.974e-05  DilMax=6.478e-01  dt=4.159e-03
15:48:19.163 [ INFO] step=  6818  t=28.35120  ResidMax=4.969e-05  DilMax=6.478e-01  dt=4.159e-03
15:48:19.202 [ INFO] step=  6819  t=28.35535  ResidMax=4.964e-05  DilMax=6.478e-01  dt=4.159e-03
15:48:19.248 [ INFO] step=  6820  t=28.35951  ResidMax=4.958e-05  DilMax=6.478e-01  dt=4.159e-03
15:48:19.296 [ INFO] step=  6821  t=28.36367  ResidMax=4.953e-05  DilMax=6.478e-01  dt=4.159e-03
15:48:19.336 [ INFO] step=  6822  t=28.36783  ResidMax=4.948e-05  DilMax=6.478e-01  dt=4.159e-03
15:48:19.375 [ INFO] step=  6823  t=28.37199  ResidMax=4.942e-05  DilMax=6.478e-01  dt=4.159e-03
15:48:19.413 [ INFO] step=  6824  t=28.37615  ResidMax=4.937e-05  DilMax=6.478e-01  dt=4.159e-03
15:48:19.451 [ INFO] step=  6825  t=28.38031  ResidMax=4.932e-05  DilMax=6.478e-01  dt=4.159e-03
15:48:19.488 [ INFO] step=  6826  t=28.38446  ResidMax=4.927e-05  DilMax=6.478e-01  dt=4.159e-03
15:48:19.525 [ INFO] step=  6827  t=28.38862  ResidMax=4.922e-05  DilMax=6.478e-01  dt=4.159e-03
15:48:19.562 [ INFO] step=  6828  t=28.39278  ResidMax=4.917e-05  DilMax=6.478e-01  dt=4.159e-03
15:48:19.599 [ INFO] step=  6829  t=28.39694  ResidMax=4.912e-05  DilMax=6.478e-01  dt=4.159e-03
15:48:19.636 [ INFO] step=  6830  t=28.40110  ResidMax=4.906e-05  DilMax=6.478e-01  dt=4.159e-03
15:48:19.673 [ INFO] step=  6831  t=28.40526  ResidMax=4.901e-05  DilMax=6.478e-01  dt=4.159e-03
15:48:19.711 [ INFO] step=  6832  t=28.40942  ResidMax=4.896e-05  DilMax=6.478e-01  dt=4.159e-03
15:48:19.749 [ INFO] step=  6833  t=28.41358  ResidMax=4.890e-05  DilMax=6.478e-01  dt=4.159e-03
15:48:19.789 [ INFO] step=  6834  t=28.41773  ResidMax=4.886e-05  DilMax=6.478e-01  dt=4.159e-03
15:48:19.833 [ INFO] step=  6835  t=28.42189  ResidMax=4.881e-05  DilMax=6.478e-01  dt=4.159e-03
15:48:19.873 [ INFO] step=  6836  t=28.42605  ResidMax=4.876e-05  DilMax=6.478e-01  dt=4.159e-03
15:48:19.916 [ INFO] step=  6837  t=28.43021  ResidMax=4.871e-05  DilMax=6.478e-01  dt=4.159e-03
15:48:19.958 [ INFO] step=  6838  t=28.43437  ResidMax=4.866e-05  DilMax=6.478e-01  dt=4.159e-03
15:48:20.002 [ INFO] step=  6839  t=28.43853  ResidMax=4.861e-05  DilMax=6.478e-01  dt=4.159e-03
15:48:20.045 [ INFO] step=  6840  t=28.44269  ResidMax=4.855e-05  DilMax=6.478e-01  dt=4.159e-03
15:48:20.086 [ INFO] step=  6841  t=28.44684  ResidMax=4.850e-05  DilMax=6.478e-01  dt=4.159e-03
15:48:20.128 [ INFO] step=  6842  t=28.45100  ResidMax=4.845e-05  DilMax=6.478e-01  dt=4.159e-03
15:48:20.169 [ INFO] step=  6843  t=28.45516  ResidMax=4.841e-05  DilMax=6.478e-01  dt=4.159e-03
15:48:20.209 [ INFO] step=  6844  t=28.45932  ResidMax=4.836e-05  DilMax=6.478e-01  dt=4.159e-03
15:48:20.249 [ INFO] step=  6845  t=28.46348  ResidMax=4.831e-05  DilMax=6.478e-01  dt=4.159e-03
15:48:20.289 [ INFO] step=  6846  t=28.46764  ResidMax=4.826e-05  DilMax=6.478e-01  dt=4.159e-03
15:48:20.328 [ INFO] step=  6847  t=28.47180  ResidMax=4.821e-05  DilMax=6.478e-01  dt=4.159e-03
15:48:20.367 [ INFO] step=  6848  t=28.47596  ResidMax=4.816e-05  DilMax=6.478e-01  dt=4.159e-03
15:48:20.406 [ INFO] step=  6849  t=28.48011  ResidMax=4.811e-05  DilMax=6.478e-01  dt=4.159e-03
15:48:20.446 [ INFO] step=  6850  t=28.48427  ResidMax=4.806e-05  DilMax=6.478e-01  dt=4.159e-03
15:48:20.487 [ INFO] step=  6851  t=28.48843  ResidMax=4.802e-05  DilMax=6.478e-01  dt=4.159e-03
15:48:20.527 [ INFO] step=  6852  t=28.49259  ResidMax=4.797e-05  DilMax=6.478e-01  dt=4.159e-03
15:48:20.567 [ INFO] step=  6853  t=28.49675  ResidMax=4.793e-05  DilMax=6.478e-01  dt=4.159e-03
15:48:20.606 [ INFO] step=  6854  t=28.50091  ResidMax=4.788e-05  DilMax=6.478e-01  dt=4.159e-03
15:48:20.646 [ INFO] step=  6855  t=28.50507  ResidMax=4.784e-05  DilMax=6.478e-01  dt=4.159e-03
15:48:20.688 [ INFO] step=  6856  t=28.50922  ResidMax=4.779e-05  DilMax=6.478e-01  dt=4.159e-03
15:48:20.730 [ INFO] step=  6857  t=28.51338  ResidMax=4.774e-05  DilMax=6.478e-01  dt=4.159e-03
15:48:20.777 [ INFO] step=  6858  t=28.51754  ResidMax=4.769e-05  DilMax=6.478e-01  dt=4.159e-03
15:48:20.819 [ INFO] step=  6859  t=28.52170  ResidMax=4.764e-05  DilMax=6.478e-01  dt=4.159e-03
15:48:20.861 [ INFO] step=  6860  t=28.52586  ResidMax=4.760e-05  DilMax=6.478e-01  dt=4.159e-03
15:48:20.902 [ INFO] step=  6861  t=28.53002  ResidMax=4.756e-05  DilMax=6.478e-01  dt=4.159e-03
15:48:20.944 [ INFO] step=  6862  t=28.53418  ResidMax=4.752e-05  DilMax=6.478e-01  dt=4.159e-03
15:48:20.986 [ INFO] step=  6863  t=28.53834  ResidMax=4.747e-05  DilMax=6.478e-01  dt=4.159e-03
15:48:21.030 [ INFO] step=  6864  t=28.54249  ResidMax=4.743e-05  DilMax=6.478e-01  dt=4.159e-03
15:48:21.070 [ INFO] step=  6865  t=28.54665  ResidMax=4.738e-05  DilMax=6.478e-01  dt=4.159e-03
15:48:21.110 [ INFO] step=  6866  t=28.55081  ResidMax=4.733e-05  DilMax=6.478e-01  dt=4.159e-03
15:48:21.152 [ INFO] step=  6867  t=28.55497  ResidMax=4.729e-05  DilMax=6.478e-01  dt=4.159e-03
15:48:21.194 [ INFO] step=  6868  t=28.55913  ResidMax=4.724e-05  DilMax=6.478e-01  dt=4.159e-03
15:48:21.235 [ INFO] step=  6869  t=28.56329  ResidMax=4.720e-05  DilMax=6.478e-01  dt=4.159e-03
15:48:21.276 [ INFO] step=  6870  t=28.56745  ResidMax=4.716e-05  DilMax=6.478e-01  dt=4.159e-03
15:48:21.317 [ INFO] step=  6871  t=28.57160  ResidMax=4.712e-05  DilMax=6.478e-01  dt=4.159e-03
15:48:21.357 [ INFO] step=  6872  t=28.57576  ResidMax=4.707e-05  DilMax=6.478e-01  dt=4.159e-03
15:48:21.397 [ INFO] step=  6873  t=28.57992  ResidMax=4.703e-05  DilMax=6.478e-01  dt=4.159e-03
15:48:21.438 [ INFO] step=  6874  t=28.58408  ResidMax=4.698e-05  DilMax=6.478e-01  dt=4.159e-03
15:48:21.479 [ INFO] step=  6875  t=28.58824  ResidMax=4.694e-05  DilMax=6.478e-01  dt=4.159e-03
15:48:21.519 [ INFO] step=  6876  t=28.59240  ResidMax=4.690e-05  DilMax=6.478e-01  dt=4.159e-03
15:48:21.561 [ INFO] step=  6877  t=28.59656  ResidMax=4.686e-05  DilMax=6.478e-01  dt=4.159e-03
15:48:21.601 [ INFO] step=  6878  t=28.60072  ResidMax=4.681e-05  DilMax=6.478e-01  dt=4.159e-03
15:48:21.641 [ INFO] step=  6879  t=28.60487  ResidMax=4.677e-05  DilMax=6.478e-01  dt=4.159e-03
15:48:21.681 [ INFO] step=  6880  t=28.60903  ResidMax=4.673e-05  DilMax=6.478e-01  dt=4.159e-03
15:48:21.722 [ INFO] step=  6881  t=28.61319  ResidMax=4.668e-05  DilMax=6.478e-01  dt=4.159e-03
15:48:21.761 [ INFO] step=  6882  t=28.61735  ResidMax=4.664e-05  DilMax=6.478e-01  dt=4.159e-03
15:48:21.799 [ INFO] step=  6883  t=28.62151  ResidMax=4.660e-05  DilMax=6.478e-01  dt=4.159e-03
15:48:21.837 [ INFO] step=  6884  t=28.62567  ResidMax=4.656e-05  DilMax=6.478e-01  dt=4.159e-03
15:48:21.875 [ INFO] step=  6885  t=28.62983  ResidMax=4.652e-05  DilMax=6.478e-01  dt=4.159e-03
15:48:21.915 [ INFO] step=  6886  t=28.63398  ResidMax=4.648e-05  DilMax=6.478e-01  dt=4.159e-03
15:48:21.955 [ INFO] step=  6887  t=28.63814  ResidMax=4.644e-05  DilMax=6.478e-01  dt=4.159e-03
15:48:21.993 [ INFO] step=  6888  t=28.64230  ResidMax=4.640e-05  DilMax=6.478e-01  dt=4.159e-03
15:48:22.031 [ INFO] step=  6889  t=28.64646  ResidMax=4.635e-05  DilMax=6.478e-01  dt=4.159e-03
15:48:22.068 [ INFO] step=  6890  t=28.65062  ResidMax=4.631e-05  DilMax=6.478e-01  dt=4.159e-03
15:48:22.106 [ INFO] step=  6891  t=28.65478  ResidMax=4.627e-05  DilMax=6.478e-01  dt=4.159e-03
15:48:22.144 [ INFO] step=  6892  t=28.65894  ResidMax=4.624e-05  DilMax=6.478e-01  dt=4.159e-03
15:48:22.187 [ INFO] step=  6893  t=28.66310  ResidMax=4.620e-05  DilMax=6.478e-01  dt=4.159e-03
15:48:22.228 [ INFO] step=  6894  t=28.66725  ResidMax=4.616e-05  DilMax=6.478e-01  dt=4.159e-03
15:48:22.272 [ INFO] step=  6895  t=28.67141  ResidMax=4.612e-05  DilMax=6.478e-01  dt=4.159e-03
15:48:22.314 [ INFO] step=  6896  t=28.67557  ResidMax=4.607e-05  DilMax=6.478e-01  dt=4.159e-03
15:48:22.356 [ INFO] step=  6897  t=28.67973  ResidMax=4.603e-05  DilMax=6.478e-01  dt=4.159e-03
15:48:22.399 [ INFO] step=  6898  t=28.68389  ResidMax=4.600e-05  DilMax=6.478e-01  dt=4.159e-03
15:48:22.442 [ INFO] step=  6899  t=28.68805  ResidMax=4.596e-05  DilMax=6.478e-01  dt=4.159e-03
15:48:22.483 [ INFO] step=  6900  t=28.69221  ResidMax=4.592e-05  DilMax=6.478e-01  dt=4.159e-03
15:48:22.520 [ INFO] step=  6901  t=28.69636  ResidMax=4.588e-05  DilMax=6.478e-01  dt=4.159e-03
15:48:22.557 [ INFO] step=  6902  t=28.70052  ResidMax=4.584e-05  DilMax=6.478e-01  dt=4.159e-03
15:48:22.599 [ INFO] step=  6903  t=28.70468  ResidMax=4.580e-05  DilMax=6.478e-01  dt=4.159e-03
15:48:22.641 [ INFO] step=  6904  t=28.70884  ResidMax=4.576e-05  DilMax=6.478e-01  dt=4.159e-03
15:48:22.682 [ INFO] step=  6905  t=28.71300  ResidMax=4.573e-05  DilMax=6.478e-01  dt=4.159e-03
15:48:22.720 [ INFO] step=  6906  t=28.71716  ResidMax=4.569e-05  DilMax=6.478e-01  dt=4.159e-03
15:48:22.759 [ INFO] step=  6907  t=28.72132  ResidMax=4.565e-05  DilMax=6.478e-01  dt=4.159e-03
15:48:22.796 [ INFO] step=  6908  t=28.72548  ResidMax=4.562e-05  DilMax=6.478e-01  dt=4.159e-03
15:48:22.833 [ INFO] step=  6909  t=28.72963  ResidMax=4.558e-05  DilMax=6.478e-01  dt=4.159e-03
15:48:22.870 [ INFO] step=  6910  t=28.73379  ResidMax=4.554e-05  DilMax=6.478e-01  dt=4.159e-03
15:48:22.908 [ INFO] step=  6911  t=28.73795  ResidMax=4.550e-05  DilMax=6.478e-01  dt=4.159e-03
15:48:22.947 [ INFO] step=  6912  t=28.74211  ResidMax=4.547e-05  DilMax=6.478e-01  dt=4.159e-03
15:48:23.004 [ INFO] step=  6913  t=28.74627  ResidMax=4.543e-05  DilMax=6.478e-01  dt=4.159e-03
15:48:23.044 [ INFO] step=  6914  t=28.75043  ResidMax=4.540e-05  DilMax=6.478e-01  dt=4.159e-03
15:48:23.082 [ INFO] step=  6915  t=28.75459  ResidMax=4.536e-05  DilMax=6.478e-01  dt=4.159e-03
15:48:23.121 [ INFO] step=  6916  t=28.75874  ResidMax=4.533e-05  DilMax=6.478e-01  dt=4.159e-03
15:48:23.159 [ INFO] step=  6917  t=28.76290  ResidMax=4.529e-05  DilMax=6.478e-01  dt=4.159e-03
15:48:23.197 [ INFO] step=  6918  t=28.76706  ResidMax=4.525e-05  DilMax=6.478e-01  dt=4.159e-03
15:48:23.234 [ INFO] step=  6919  t=28.77122  ResidMax=4.522e-05  DilMax=6.478e-01  dt=4.159e-03
15:48:23.272 [ INFO] step=  6920  t=28.77538  ResidMax=4.518e-05  DilMax=6.478e-01  dt=4.159e-03
15:48:23.309 [ INFO] step=  6921  t=28.77954  ResidMax=4.515e-05  DilMax=6.478e-01  dt=4.159e-03
15:48:23.347 [ INFO] step=  6922  t=28.78370  ResidMax=4.512e-05  DilMax=6.478e-01  dt=4.159e-03
15:48:23.384 [ INFO] step=  6923  t=28.78786  ResidMax=4.508e-05  DilMax=6.478e-01  dt=4.159e-03
15:48:23.421 [ INFO] step=  6924  t=28.79201  ResidMax=4.505e-05  DilMax=6.478e-01  dt=4.159e-03
15:48:23.460 [ INFO] step=  6925  t=28.79617  ResidMax=4.501e-05  DilMax=6.478e-01  dt=4.159e-03
15:48:23.499 [ INFO] step=  6926  t=28.80033  ResidMax=4.498e-05  DilMax=6.478e-01  dt=4.159e-03
15:48:23.539 [ INFO] step=  6927  t=28.80449  ResidMax=4.494e-05  DilMax=6.478e-01  dt=4.159e-03
15:48:23.578 [ INFO] step=  6928  t=28.80865  ResidMax=4.491e-05  DilMax=6.478e-01  dt=4.159e-03
15:48:23.621 [ INFO] step=  6929  t=28.81281  ResidMax=4.488e-05  DilMax=6.478e-01  dt=4.159e-03
15:48:23.672 [ INFO] step=  6930  t=28.81697  ResidMax=4.485e-05  DilMax=6.478e-01  dt=4.159e-03
15:48:23.716 [ INFO] step=  6931  t=28.82112  ResidMax=4.481e-05  DilMax=6.478e-01  dt=4.159e-03
15:48:23.758 [ INFO] step=  6932  t=28.82528  ResidMax=4.478e-05  DilMax=6.478e-01  dt=4.159e-03
15:48:23.799 [ INFO] step=  6933  t=28.82944  ResidMax=4.475e-05  DilMax=6.478e-01  dt=4.159e-03
15:48:23.843 [ INFO] step=  6934  t=28.83360  ResidMax=4.472e-05  DilMax=6.478e-01  dt=4.159e-03
15:48:23.887 [ INFO] step=  6935  t=28.83776  ResidMax=4.469e-05  DilMax=6.478e-01  dt=4.159e-03
15:48:23.932 [ INFO] step=  6936  t=28.84192  ResidMax=4.465e-05  DilMax=6.478e-01  dt=4.159e-03
15:48:23.977 [ INFO] step=  6937  t=28.84608  ResidMax=4.462e-05  DilMax=6.478e-01  dt=4.159e-03
15:48:24.017 [ INFO] step=  6938  t=28.85023  ResidMax=4.459e-05  DilMax=6.478e-01  dt=4.159e-03
15:48:24.056 [ INFO] step=  6939  t=28.85439  ResidMax=4.456e-05  DilMax=6.478e-01  dt=4.159e-03
15:48:24.096 [ INFO] step=  6940  t=28.85855  ResidMax=4.453e-05  DilMax=6.478e-01  dt=4.159e-03
15:48:24.138 [ INFO] step=  6941  t=28.86271  ResidMax=4.450e-05  DilMax=6.478e-01  dt=4.159e-03
15:48:24.177 [ INFO] step=  6942  t=28.86687  ResidMax=4.447e-05  DilMax=6.478e-01  dt=4.159e-03
15:48:24.216 [ INFO] step=  6943  t=28.87103  ResidMax=4.444e-05  DilMax=6.478e-01  dt=4.159e-03
15:48:24.254 [ INFO] step=  6944  t=28.87519  ResidMax=4.441e-05  DilMax=6.478e-01  dt=4.159e-03
15:48:24.294 [ INFO] step=  6945  t=28.87935  ResidMax=4.438e-05  DilMax=6.478e-01  dt=4.159e-03
15:48:24.333 [ INFO] step=  6946  t=28.88350  ResidMax=4.435e-05  DilMax=6.478e-01  dt=4.159e-03
15:48:24.374 [ INFO] step=  6947  t=28.88766  ResidMax=4.432e-05  DilMax=6.478e-01  dt=4.159e-03
15:48:24.413 [ INFO] step=  6948  t=28.89182  ResidMax=4.430e-05  DilMax=6.478e-01  dt=4.159e-03
15:48:24.453 [ INFO] step=  6949  t=28.89598  ResidMax=4.427e-05  DilMax=6.478e-01  dt=4.159e-03
15:48:24.492 [ INFO] step=  6950  t=28.90014  ResidMax=4.424e-05  DilMax=6.478e-01  dt=4.159e-03
15:48:24.530 [ INFO] step=  6951  t=28.90430  ResidMax=4.422e-05  DilMax=6.478e-01  dt=4.159e-03
15:48:24.570 [ INFO] step=  6952  t=28.90846  ResidMax=4.419e-05  DilMax=6.478e-01  dt=4.159e-03
15:48:24.609 [ INFO] step=  6953  t=28.91261  ResidMax=4.416e-05  DilMax=6.478e-01  dt=4.159e-03
15:48:24.662 [ INFO] step=  6954  t=28.91677  ResidMax=4.414e-05  DilMax=6.478e-01  dt=4.159e-03
15:48:24.702 [ INFO] step=  6955  t=28.92093  ResidMax=4.411e-05  DilMax=6.478e-01  dt=4.159e-03
15:48:24.741 [ INFO] step=  6956  t=28.92509  ResidMax=4.409e-05  DilMax=6.478e-01  dt=4.159e-03
15:48:24.779 [ INFO] step=  6957  t=28.92925  ResidMax=4.406e-05  DilMax=6.478e-01  dt=4.159e-03
15:48:24.817 [ INFO] step=  6958  t=28.93341  ResidMax=4.404e-05  DilMax=6.478e-01  dt=4.159e-03
15:48:24.854 [ INFO] step=  6959  t=28.93757  ResidMax=4.401e-05  DilMax=6.478e-01  dt=4.159e-03
15:48:24.893 [ INFO] step=  6960  t=28.94173  ResidMax=4.399e-05  DilMax=6.478e-01  dt=4.159e-03
15:48:24.931 [ INFO] step=  6961  t=28.94588  ResidMax=4.396e-05  DilMax=6.478e-01  dt=4.159e-03
15:48:24.969 [ INFO] step=  6962  t=28.95004  ResidMax=4.394e-05  DilMax=6.478e-01  dt=4.159e-03
15:48:25.007 [ INFO] step=  6963  t=28.95420  ResidMax=4.392e-05  DilMax=6.478e-01  dt=4.159e-03
15:48:25.046 [ INFO] step=  6964  t=28.95836  ResidMax=4.389e-05  DilMax=6.478e-01  dt=4.159e-03
15:48:25.085 [ INFO] step=  6965  t=28.96252  ResidMax=4.387e-05  DilMax=6.478e-01  dt=4.159e-03
15:48:25.124 [ INFO] step=  6966  t=28.96668  ResidMax=4.385e-05  DilMax=6.478e-01  dt=4.159e-03
15:48:25.164 [ INFO] step=  6967  t=28.97084  ResidMax=4.382e-05  DilMax=6.478e-01  dt=4.159e-03
15:48:25.202 [ INFO] step=  6968  t=28.97499  ResidMax=4.380e-05  DilMax=6.478e-01  dt=4.159e-03
15:48:25.241 [ INFO] step=  6969  t=28.97915  ResidMax=4.378e-05  DilMax=6.478e-01  dt=4.159e-03
15:48:25.280 [ INFO] step=  6970  t=28.98331  ResidMax=4.376e-05  DilMax=6.478e-01  dt=4.159e-03
15:48:25.319 [ INFO] step=  6971  t=28.98747  ResidMax=4.373e-05  DilMax=6.478e-01  dt=4.159e-03
15:48:25.357 [ INFO] step=  6972  t=28.99163  ResidMax=4.371e-05  DilMax=6.478e-01  dt=4.159e-03
15:48:25.399 [ INFO] step=  6973  t=28.99579  ResidMax=4.369e-05  DilMax=6.478e-01  dt=4.159e-03
15:48:25.438 [ INFO] step=  6974  t=28.99995  ResidMax=4.367e-05  DilMax=6.478e-01  dt=4.159e-03
15:48:25.476 [ INFO] step=  6975  t=29.00411  ResidMax=4.365e-05  DilMax=6.478e-01  dt=4.159e-03
15:48:25.513 [ INFO] step=  6976  t=29.00826  ResidMax=4.363e-05  DilMax=6.478e-01  dt=4.159e-03
15:48:25.551 [ INFO] step=  6977  t=29.01242  ResidMax=4.361e-05  DilMax=6.478e-01  dt=4.159e-03
15:48:25.588 [ INFO] step=  6978  t=29.01658  ResidMax=4.359e-05  DilMax=6.478e-01  dt=4.159e-03
15:48:25.631 [ INFO] step=  6979  t=29.02074  ResidMax=4.357e-05  DilMax=6.478e-01  dt=4.159e-03
15:48:25.671 [ INFO] step=  6980  t=29.02490  ResidMax=4.355e-05  DilMax=6.478e-01  dt=4.159e-03
15:48:25.710 [ INFO] step=  6981  t=29.02906  ResidMax=4.353e-05  DilMax=6.478e-01  dt=4.159e-03
15:48:25.749 [ INFO] step=  6982  t=29.03322  ResidMax=4.352e-05  DilMax=6.478e-01  dt=4.159e-03
15:48:25.789 [ INFO] step=  6983  t=29.03737  ResidMax=4.350e-05  DilMax=6.478e-01  dt=4.159e-03
15:48:25.826 [ INFO] step=  6984  t=29.04153  ResidMax=4.348e-05  DilMax=6.478e-01  dt=4.159e-03
15:48:25.864 [ INFO] step=  6985  t=29.04569  ResidMax=4.346e-05  DilMax=6.478e-01  dt=4.159e-03
15:48:25.902 [ INFO] step=  6986  t=29.04985  ResidMax=4.344e-05  DilMax=6.478e-01  dt=4.159e-03
15:48:25.940 [ INFO] step=  6987  t=29.05401  ResidMax=4.343e-05  DilMax=6.478e-01  dt=4.159e-03
15:48:25.980 [ INFO] step=  6988  t=29.05817  ResidMax=4.341e-05  DilMax=6.478e-01  dt=4.159e-03
15:48:26.018 [ INFO] step=  6989  t=29.06233  ResidMax=4.339e-05  DilMax=6.478e-01  dt=4.159e-03
15:48:26.055 [ INFO] step=  6990  t=29.06649  ResidMax=4.338e-05  DilMax=6.478e-01  dt=4.159e-03
15:48:26.096 [ INFO] step=  6991  t=29.07064  ResidMax=4.336e-05  DilMax=6.478e-01  dt=4.159e-03
15:48:26.135 [ INFO] step=  6992  t=29.07480  ResidMax=4.335e-05  DilMax=6.478e-01  dt=4.159e-03
15:48:26.174 [ INFO] step=  6993  t=29.07896  ResidMax=4.333e-05  DilMax=6.478e-01  dt=4.159e-03
15:48:26.212 [ INFO] step=  6994  t=29.08312  ResidMax=4.332e-05  DilMax=6.478e-01  dt=4.159e-03
15:48:26.249 [ INFO] step=  6995  t=29.08728  ResidMax=4.330e-05  DilMax=6.478e-01  dt=4.159e-03
15:48:26.287 [ INFO] step=  6996  t=29.09144  ResidMax=4.329e-05  DilMax=6.478e-01  dt=4.159e-03
15:48:26.326 [ INFO] step=  6997  t=29.09560  ResidMax=4.327e-05  DilMax=6.478e-01  dt=4.159e-03
15:48:26.366 [ INFO] step=  6998  t=29.09975  ResidMax=4.326e-05  DilMax=6.478e-01  dt=4.159e-03
15:48:26.404 [ INFO] step=  6999  t=29.10391  ResidMax=4.325e-05  DilMax=6.478e-01  dt=4.159e-03
15:48:26.441 [ INFO] step=  7000  t=29.10807  ResidMax=4.323e-05  DilMax=6.478e-01  dt=4.159e-03
15:48:26.764 [ INFO] VTK snapshot written → results/backstep_validation/step_re100_t007000.vtk
15:48:28.787 [ INFO] step=  7001  t=29.11223  ResidMax=4.322e-05  DilMax=6.478e-01  dt=4.159e-03
15:48:28.824 [ INFO] step=  7002  t=29.11639  ResidMax=4.321e-05  DilMax=6.478e-01  dt=4.159e-03
15:48:28.862 [ INFO] step=  7003  t=29.12055  ResidMax=4.320e-05  DilMax=6.478e-01  dt=4.159e-03
15:48:28.900 [ INFO] step=  7004  t=29.12471  ResidMax=4.318e-05  DilMax=6.478e-01  dt=4.159e-03
15:48:28.937 [ INFO] step=  7005  t=29.12887  ResidMax=4.317e-05  DilMax=6.478e-01  dt=4.159e-03
15:48:28.975 [ INFO] step=  7006  t=29.13302  ResidMax=4.316e-05  DilMax=6.478e-01  dt=4.159e-03
15:48:29.012 [ INFO] step=  7007  t=29.13718  ResidMax=4.316e-05  DilMax=6.478e-01  dt=4.159e-03
15:48:29.052 [ INFO] step=  7008  t=29.14134  ResidMax=4.315e-05  DilMax=6.478e-01  dt=4.159e-03
15:48:29.091 [ INFO] step=  7009  t=29.14550  ResidMax=4.314e-05  DilMax=6.478e-01  dt=4.159e-03
15:48:29.129 [ INFO] step=  7010  t=29.14966  ResidMax=4.313e-05  DilMax=6.478e-01  dt=4.159e-03
15:48:29.167 [ INFO] step=  7011  t=29.15382  ResidMax=4.313e-05  DilMax=6.478e-01  dt=4.159e-03
15:48:29.204 [ INFO] step=  7012  t=29.15798  ResidMax=4.312e-05  DilMax=6.478e-01  dt=4.159e-03
15:48:29.242 [ INFO] step=  7013  t=29.16213  ResidMax=4.311e-05  DilMax=6.478e-01  dt=4.159e-03
15:48:29.279 [ INFO] step=  7014  t=29.16629  ResidMax=4.309e-05  DilMax=6.478e-01  dt=4.159e-03
15:48:29.316 [ INFO] step=  7015  t=29.17045  ResidMax=4.308e-05  DilMax=6.478e-01  dt=4.159e-03
15:48:29.354 [ INFO] step=  7016  t=29.17461  ResidMax=4.307e-05  DilMax=6.478e-01  dt=4.159e-03
15:48:29.392 [ INFO] step=  7017  t=29.17877  ResidMax=4.306e-05  DilMax=6.478e-01  dt=4.159e-03
15:48:29.429 [ INFO] step=  7018  t=29.18293  ResidMax=4.304e-05  DilMax=6.478e-01  dt=4.159e-03
15:48:29.466 [ INFO] step=  7019  t=29.18709  ResidMax=4.303e-05  DilMax=6.478e-01  dt=4.159e-03
15:48:29.503 [ INFO] step=  7020  t=29.19125  ResidMax=4.301e-05  DilMax=6.478e-01  dt=4.159e-03
15:48:29.544 [ INFO] step=  7021  t=29.19540  ResidMax=4.299e-05  DilMax=6.478e-01  dt=4.159e-03
15:48:29.582 [ INFO] step=  7022  t=29.19956  ResidMax=4.298e-05  DilMax=6.478e-01  dt=4.159e-03
15:48:29.618 [ INFO] step=  7023  t=29.20372  ResidMax=4.296e-05  DilMax=6.478e-01  dt=4.159e-03
15:48:29.655 [ INFO] step=  7024  t=29.20788  ResidMax=4.294e-05  DilMax=6.478e-01  dt=4.159e-03
15:48:29.692 [ INFO] step=  7025  t=29.21204  ResidMax=4.292e-05  DilMax=6.478e-01  dt=4.159e-03
15:48:29.729 [ INFO] step=  7026  t=29.21620  ResidMax=4.290e-05  DilMax=6.478e-01  dt=4.159e-03
15:48:29.766 [ INFO] step=  7027  t=29.22036  ResidMax=4.288e-05  DilMax=6.478e-01  dt=4.159e-03
15:48:29.806 [ INFO] step=  7028  t=29.22451  ResidMax=4.286e-05  DilMax=6.478e-01  dt=4.159e-03
15:48:29.853 [ INFO] step=  7029  t=29.22867  ResidMax=4.283e-05  DilMax=6.478e-01  dt=4.159e-03
15:48:29.901 [ INFO] step=  7030  t=29.23283  ResidMax=4.281e-05  DilMax=6.478e-01  dt=4.159e-03
15:48:29.944 [ INFO] step=  7031  t=29.23699  ResidMax=4.279e-05  DilMax=6.478e-01  dt=4.159e-03
15:48:29.989 [ INFO] step=  7032  t=29.24115  ResidMax=4.276e-05  DilMax=6.478e-01  dt=4.159e-03
15:48:30.033 [ INFO] step=  7033  t=29.24531  ResidMax=4.274e-05  DilMax=6.478e-01  dt=4.159e-03
15:48:30.080 [ INFO] step=  7034  t=29.24947  ResidMax=4.271e-05  DilMax=6.478e-01  dt=4.159e-03
15:48:30.128 [ INFO] step=  7035  t=29.25363  ResidMax=4.268e-05  DilMax=6.478e-01  dt=4.159e-03
15:48:30.174 [ INFO] step=  7036  t=29.25778  ResidMax=4.266e-05  DilMax=6.478e-01  dt=4.159e-03
15:48:30.219 [ INFO] step=  7037  t=29.26194  ResidMax=4.263e-05  DilMax=6.478e-01  dt=4.159e-03
15:48:30.256 [ INFO] step=  7038  t=29.26610  ResidMax=4.260e-05  DilMax=6.478e-01  dt=4.159e-03
15:48:30.293 [ INFO] step=  7039  t=29.27026  ResidMax=4.257e-05  DilMax=6.478e-01  dt=4.159e-03
15:48:30.335 [ INFO] step=  7040  t=29.27442  ResidMax=4.254e-05  DilMax=6.478e-01  dt=4.159e-03
15:48:30.373 [ INFO] step=  7041  t=29.27858  ResidMax=4.251e-05  DilMax=6.478e-01  dt=4.159e-03
15:48:30.410 [ INFO] step=  7042  t=29.28274  ResidMax=4.247e-05  DilMax=6.478e-01  dt=4.159e-03
15:48:30.446 [ INFO] step=  7043  t=29.28689  ResidMax=4.244e-05  DilMax=6.478e-01  dt=4.159e-03
15:48:30.484 [ INFO] step=  7044  t=29.29105  ResidMax=4.241e-05  DilMax=6.478e-01  dt=4.159e-03
15:48:30.521 [ INFO] step=  7045  t=29.29521  ResidMax=4.237e-05  DilMax=6.478e-01  dt=4.159e-03
15:48:30.559 [ INFO] step=  7046  t=29.29937  ResidMax=4.234e-05  DilMax=6.478e-01  dt=4.159e-03
15:48:30.597 [ INFO] step=  7047  t=29.30353  ResidMax=4.230e-05  DilMax=6.478e-01  dt=4.159e-03
15:48:30.636 [ INFO] step=  7048  t=29.30769  ResidMax=4.227e-05  DilMax=6.478e-01  dt=4.159e-03
15:48:30.673 [ INFO] step=  7049  t=29.31185  ResidMax=4.223e-05  DilMax=6.478e-01  dt=4.159e-03
15:48:30.712 [ INFO] step=  7050  t=29.31601  ResidMax=4.219e-05  DilMax=6.478e-01  dt=4.159e-03
15:48:30.751 [ INFO] step=  7051  t=29.32016  ResidMax=4.215e-05  DilMax=6.478e-01  dt=4.159e-03
15:48:30.788 [ INFO] step=  7052  t=29.32432  ResidMax=4.212e-05  DilMax=6.478e-01  dt=4.159e-03
15:48:30.831 [ INFO] step=  7053  t=29.32848  ResidMax=4.208e-05  DilMax=6.478e-01  dt=4.159e-03
15:48:30.869 [ INFO] step=  7054  t=29.33264  ResidMax=4.204e-05  DilMax=6.478e-01  dt=4.159e-03
15:48:30.909 [ INFO] step=  7055  t=29.33680  ResidMax=4.199e-05  DilMax=6.478e-01  dt=4.159e-03
15:48:30.948 [ INFO] step=  7056  t=29.34096  ResidMax=4.195e-05  DilMax=6.478e-01  dt=4.159e-03
15:48:30.988 [ INFO] step=  7057  t=29.34512  ResidMax=4.191e-05  DilMax=6.478e-01  dt=4.159e-03
15:48:31.039 [ INFO] step=  7058  t=29.34927  ResidMax=4.187e-05  DilMax=6.478e-01  dt=4.159e-03
15:48:31.077 [ INFO] step=  7059  t=29.35343  ResidMax=4.182e-05  DilMax=6.478e-01  dt=4.159e-03
15:48:31.116 [ INFO] step=  7060  t=29.35759  ResidMax=4.178e-05  DilMax=6.478e-01  dt=4.159e-03
15:48:31.156 [ INFO] step=  7061  t=29.36175  ResidMax=4.174e-05  DilMax=6.478e-01  dt=4.159e-03
15:48:31.196 [ INFO] step=  7062  t=29.36591  ResidMax=4.170e-05  DilMax=6.478e-01  dt=4.159e-03
15:48:31.236 [ INFO] step=  7063  t=29.37007  ResidMax=4.165e-05  DilMax=6.478e-01  dt=4.159e-03
15:48:31.274 [ INFO] step=  7064  t=29.37423  ResidMax=4.161e-05  DilMax=6.478e-01  dt=4.159e-03
15:48:31.313 [ INFO] step=  7065  t=29.37839  ResidMax=4.156e-05  DilMax=6.478e-01  dt=4.159e-03
15:48:31.353 [ INFO] step=  7066  t=29.38254  ResidMax=4.152e-05  DilMax=6.478e-01  dt=4.159e-03
15:48:31.390 [ INFO] step=  7067  t=29.38670  ResidMax=4.147e-05  DilMax=6.478e-01  dt=4.159e-03
15:48:31.428 [ INFO] step=  7068  t=29.39086  ResidMax=4.143e-05  DilMax=6.478e-01  dt=4.159e-03
15:48:31.465 [ INFO] step=  7069  t=29.39502  ResidMax=4.138e-05  DilMax=6.478e-01  dt=4.159e-03
15:48:31.502 [ INFO] step=  7070  t=29.39918  ResidMax=4.133e-05  DilMax=6.478e-01  dt=4.159e-03
15:48:31.540 [ INFO] step=  7071  t=29.40334  ResidMax=4.128e-05  DilMax=6.478e-01  dt=4.159e-03
15:48:31.579 [ INFO] step=  7072  t=29.40750  ResidMax=4.123e-05  DilMax=6.478e-01  dt=4.159e-03
15:48:31.617 [ INFO] step=  7073  t=29.41165  ResidMax=4.118e-05  DilMax=6.478e-01  dt=4.159e-03
15:48:31.654 [ INFO] step=  7074  t=29.41581  ResidMax=4.113e-05  DilMax=6.478e-01  dt=4.159e-03
15:48:31.691 [ INFO] step=  7075  t=29.41997  ResidMax=4.108e-05  DilMax=6.478e-01  dt=4.159e-03
15:48:31.731 [ INFO] step=  7076  t=29.42413  ResidMax=4.103e-05  DilMax=6.478e-01  dt=4.159e-03
15:48:31.781 [ INFO] step=  7077  t=29.42829  ResidMax=4.097e-05  DilMax=6.478e-01  dt=4.159e-03
15:48:31.824 [ INFO] step=  7078  t=29.43245  ResidMax=4.092e-05  DilMax=6.478e-01  dt=4.159e-03
15:48:31.868 [ INFO] step=  7079  t=29.43661  ResidMax=4.087e-05  DilMax=6.478e-01  dt=4.159e-03
15:48:31.911 [ INFO] step=  7080  t=29.44076  ResidMax=4.081e-05  DilMax=6.478e-01  dt=4.159e-03
15:48:31.955 [ INFO] step=  7081  t=29.44492  ResidMax=4.076e-05  DilMax=6.478e-01  dt=4.159e-03
15:48:31.999 [ INFO] step=  7082  t=29.44908  ResidMax=4.070e-05  DilMax=6.478e-01  dt=4.159e-03
15:48:32.045 [ INFO] step=  7083  t=29.45324  ResidMax=4.065e-05  DilMax=6.478e-01  dt=4.159e-03
15:48:32.093 [ INFO] step=  7084  t=29.45740  ResidMax=4.059e-05  DilMax=6.478e-01  dt=4.159e-03
15:48:32.138 [ INFO] step=  7085  t=29.46156  ResidMax=4.053e-05  DilMax=6.478e-01  dt=4.159e-03
15:48:32.182 [ INFO] step=  7086  t=29.46572  ResidMax=4.047e-05  DilMax=6.478e-01  dt=4.159e-03
15:48:32.226 [ INFO] step=  7087  t=29.46988  ResidMax=4.042e-05  DilMax=6.478e-01  dt=4.159e-03
15:48:32.269 [ INFO] step=  7088  t=29.47403  ResidMax=4.036e-05  DilMax=6.478e-01  dt=4.159e-03
15:48:32.313 [ INFO] step=  7089  t=29.47819  ResidMax=4.030e-05  DilMax=6.478e-01  dt=4.159e-03
15:48:32.355 [ INFO] step=  7090  t=29.48235  ResidMax=4.024e-05  DilMax=6.478e-01  dt=4.159e-03
15:48:32.399 [ INFO] step=  7091  t=29.48651  ResidMax=4.018e-05  DilMax=6.478e-01  dt=4.159e-03
15:48:32.438 [ INFO] step=  7092  t=29.49067  ResidMax=4.011e-05  DilMax=6.478e-01  dt=4.159e-03
15:48:32.477 [ INFO] step=  7093  t=29.49483  ResidMax=4.005e-05  DilMax=6.478e-01  dt=4.159e-03
15:48:32.523 [ INFO] step=  7094  t=29.49899  ResidMax=3.999e-05  DilMax=6.478e-01  dt=4.159e-03
15:48:32.570 [ INFO] step=  7095  t=29.50314  ResidMax=3.993e-05  DilMax=6.478e-01  dt=4.159e-03
15:48:32.611 [ INFO] step=  7096  t=29.50730  ResidMax=3.986e-05  DilMax=6.478e-01  dt=4.159e-03
15:48:32.650 [ INFO] step=  7097  t=29.51146  ResidMax=3.980e-05  DilMax=6.478e-01  dt=4.159e-03
15:48:32.688 [ INFO] step=  7098  t=29.51562  ResidMax=3.973e-05  DilMax=6.478e-01  dt=4.159e-03
15:48:32.728 [ INFO] step=  7099  t=29.51978  ResidMax=3.967e-05  DilMax=6.478e-01  dt=4.159e-03
15:48:32.767 [ INFO] step=  7100  t=29.52394  ResidMax=3.960e-05  DilMax=6.478e-01  dt=4.159e-03
15:48:32.805 [ INFO] step=  7101  t=29.52810  ResidMax=3.954e-05  DilMax=6.478e-01  dt=4.159e-03
15:48:32.843 [ INFO] step=  7102  t=29.53226  ResidMax=3.947e-05  DilMax=6.478e-01  dt=4.159e-03
15:48:32.882 [ INFO] step=  7103  t=29.53641  ResidMax=3.940e-05  DilMax=6.478e-01  dt=4.159e-03
15:48:32.919 [ INFO] step=  7104  t=29.54057  ResidMax=3.933e-05  DilMax=6.478e-01  dt=4.159e-03
15:48:32.957 [ INFO] step=  7105  t=29.54473  ResidMax=3.926e-05  DilMax=6.478e-01  dt=4.159e-03
15:48:33.069 [ INFO] step=  7106  t=29.54889  ResidMax=3.919e-05  DilMax=6.478e-01  dt=4.159e-03
15:48:33.110 [ INFO] step=  7107  t=29.55305  ResidMax=3.913e-05  DilMax=6.478e-01  dt=4.159e-03
15:48:33.151 [ INFO] step=  7108  t=29.55721  ResidMax=3.906e-05  DilMax=6.478e-01  dt=4.159e-03
15:48:33.206 [ INFO] step=  7109  t=29.56137  ResidMax=3.899e-05  DilMax=6.478e-01  dt=4.159e-03
15:48:33.246 [ INFO] step=  7110  t=29.56552  ResidMax=3.893e-05  DilMax=6.478e-01  dt=4.159e-03
15:48:33.284 [ INFO] step=  7111  t=29.56968  ResidMax=3.886e-05  DilMax=6.478e-01  dt=4.159e-03
15:48:33.322 [ INFO] step=  7112  t=29.57384  ResidMax=3.879e-05  DilMax=6.478e-01  dt=4.159e-03
15:48:33.362 [ INFO] step=  7113  t=29.57800  ResidMax=3.872e-05  DilMax=6.478e-01  dt=4.159e-03
15:48:33.404 [ INFO] step=  7114  t=29.58216  ResidMax=3.865e-05  DilMax=6.478e-01  dt=4.159e-03
15:48:33.456 [ INFO] step=  7115  t=29.58632  ResidMax=3.858e-05  DilMax=6.478e-01  dt=4.159e-03
15:48:33.500 [ INFO] step=  7116  t=29.59048  ResidMax=3.851e-05  DilMax=6.478e-01  dt=4.159e-03
15:48:33.543 [ INFO] step=  7117  t=29.59464  ResidMax=3.844e-05  DilMax=6.478e-01  dt=4.159e-03
15:48:33.588 [ INFO] step=  7118  t=29.59879  ResidMax=3.836e-05  DilMax=6.478e-01  dt=4.159e-03
15:48:33.632 [ INFO] step=  7119  t=29.60295  ResidMax=3.829e-05  DilMax=6.478e-01  dt=4.159e-03
15:48:33.675 [ INFO] step=  7120  t=29.60711  ResidMax=3.822e-05  DilMax=6.478e-01  dt=4.159e-03
15:48:33.718 [ INFO] step=  7121  t=29.61127  ResidMax=3.815e-05  DilMax=6.478e-01  dt=4.159e-03
15:48:33.759 [ INFO] step=  7122  t=29.61543  ResidMax=3.807e-05  DilMax=6.478e-01  dt=4.159e-03
15:48:33.798 [ INFO] step=  7123  t=29.61959  ResidMax=3.800e-05  DilMax=6.478e-01  dt=4.159e-03
15:48:33.838 [ INFO] step=  7124  t=29.62375  ResidMax=3.792e-05  DilMax=6.478e-01  dt=4.159e-03
15:48:33.878 [ INFO] step=  7125  t=29.62790  ResidMax=3.785e-05  DilMax=6.478e-01  dt=4.159e-03
15:48:33.919 [ INFO] step=  7126  t=29.63206  ResidMax=3.777e-05  DilMax=6.478e-01  dt=4.159e-03
15:48:33.959 [ INFO] step=  7127  t=29.63622  ResidMax=3.770e-05  DilMax=6.478e-01  dt=4.159e-03
15:48:34.001 [ INFO] step=  7128  t=29.64038  ResidMax=3.762e-05  DilMax=6.478e-01  dt=4.159e-03
15:48:34.044 [ INFO] step=  7129  t=29.64454  ResidMax=3.754e-05  DilMax=6.478e-01  dt=4.159e-03
15:48:34.084 [ INFO] step=  7130  t=29.64870  ResidMax=3.746e-05  DilMax=6.478e-01  dt=4.159e-03
15:48:34.126 [ INFO] step=  7131  t=29.65286  ResidMax=3.739e-05  DilMax=6.478e-01  dt=4.159e-03
15:48:34.166 [ INFO] step=  7132  t=29.65702  ResidMax=3.731e-05  DilMax=6.478e-01  dt=4.159e-03
15:48:34.205 [ INFO] step=  7133  t=29.66117  ResidMax=3.723e-05  DilMax=6.478e-01  dt=4.159e-03
15:48:34.244 [ INFO] step=  7134  t=29.66533  ResidMax=3.715e-05  DilMax=6.478e-01  dt=4.159e-03
15:48:34.282 [ INFO] step=  7135  t=29.66949  ResidMax=3.707e-05  DilMax=6.478e-01  dt=4.159e-03
15:48:34.321 [ INFO] step=  7136  t=29.67365  ResidMax=3.700e-05  DilMax=6.478e-01  dt=4.159e-03
15:48:34.360 [ INFO] step=  7137  t=29.67781  ResidMax=3.692e-05  DilMax=6.478e-01  dt=4.159e-03
15:48:34.402 [ INFO] step=  7138  t=29.68197  ResidMax=3.684e-05  DilMax=6.478e-01  dt=4.159e-03
15:48:34.452 [ INFO] step=  7139  t=29.68613  ResidMax=3.677e-05  DilMax=6.478e-01  dt=4.159e-03
15:48:34.497 [ INFO] step=  7140  t=29.69028  ResidMax=3.669e-05  DilMax=6.478e-01  dt=4.159e-03
15:48:34.542 [ INFO] step=  7141  t=29.69444  ResidMax=3.661e-05  DilMax=6.478e-01  dt=4.159e-03
15:48:34.587 [ INFO] step=  7142  t=29.69860  ResidMax=3.653e-05  DilMax=6.478e-01  dt=4.159e-03
15:48:34.633 [ INFO] step=  7143  t=29.70276  ResidMax=3.645e-05  DilMax=6.478e-01  dt=4.159e-03
15:48:34.678 [ INFO] step=  7144  t=29.70692  ResidMax=3.637e-05  DilMax=6.478e-01  dt=4.159e-03
15:48:34.721 [ INFO] step=  7145  t=29.71108  ResidMax=3.629e-05  DilMax=6.478e-01  dt=4.159e-03
15:48:34.769 [ INFO] step=  7146  t=29.71524  ResidMax=3.621e-05  DilMax=6.478e-01  dt=4.159e-03
15:48:34.813 [ INFO] step=  7147  t=29.71940  ResidMax=3.613e-05  DilMax=6.478e-01  dt=4.159e-03
15:48:34.858 [ INFO] step=  7148  t=29.72355  ResidMax=3.605e-05  DilMax=6.478e-01  dt=4.159e-03
15:48:34.902 [ INFO] step=  7149  t=29.72771  ResidMax=3.597e-05  DilMax=6.478e-01  dt=4.159e-03
15:48:34.948 [ INFO] step=  7150  t=29.73187  ResidMax=3.589e-05  DilMax=6.478e-01  dt=4.159e-03
15:48:34.992 [ INFO] step=  7151  t=29.73603  ResidMax=3.580e-05  DilMax=6.478e-01  dt=4.159e-03
15:48:35.036 [ INFO] step=  7152  t=29.74019  ResidMax=3.572e-05  DilMax=6.478e-01  dt=4.159e-03
15:48:35.078 [ INFO] step=  7153  t=29.74435  ResidMax=3.564e-05  DilMax=6.478e-01  dt=4.159e-03
15:48:35.120 [ INFO] step=  7154  t=29.74851  ResidMax=3.555e-05  DilMax=6.478e-01  dt=4.159e-03
15:48:35.162 [ INFO] step=  7155  t=29.75266  ResidMax=3.547e-05  DilMax=6.478e-01  dt=4.159e-03
15:48:35.203 [ INFO] step=  7156  t=29.75682  ResidMax=3.539e-05  DilMax=6.478e-01  dt=4.159e-03
15:48:35.244 [ INFO] step=  7157  t=29.76098  ResidMax=3.531e-05  DilMax=6.478e-01  dt=4.159e-03
15:48:35.285 [ INFO] step=  7158  t=29.76514  ResidMax=3.523e-05  DilMax=6.478e-01  dt=4.159e-03
15:48:35.325 [ INFO] step=  7159  t=29.76930  ResidMax=3.515e-05  DilMax=6.478e-01  dt=4.159e-03
15:48:35.367 [ INFO] step=  7160  t=29.77346  ResidMax=3.507e-05  DilMax=6.478e-01  dt=4.159e-03
15:48:35.415 [ INFO] step=  7161  t=29.77762  ResidMax=3.499e-05  DilMax=6.478e-01  dt=4.159e-03
15:48:35.460 [ INFO] step=  7162  t=29.78178  ResidMax=3.491e-05  DilMax=6.478e-01  dt=4.159e-03
15:48:35.505 [ INFO] step=  7163  t=29.78593  ResidMax=3.483e-05  DilMax=6.478e-01  dt=4.159e-03
15:48:35.549 [ INFO] step=  7164  t=29.79009  ResidMax=3.474e-05  DilMax=6.478e-01  dt=4.159e-03
15:48:35.593 [ INFO] step=  7165  t=29.79425  ResidMax=3.466e-05  DilMax=6.478e-01  dt=4.159e-03
15:48:35.634 [ INFO] step=  7166  t=29.79841  ResidMax=3.458e-05  DilMax=6.478e-01  dt=4.159e-03
15:48:35.674 [ INFO] step=  7167  t=29.80257  ResidMax=3.449e-05  DilMax=6.478e-01  dt=4.159e-03
15:48:35.718 [ INFO] step=  7168  t=29.80673  ResidMax=3.441e-05  DilMax=6.478e-01  dt=4.159e-03
15:48:35.758 [ INFO] step=  7169  t=29.81089  ResidMax=3.433e-05  DilMax=6.478e-01  dt=4.159e-03
15:48:35.796 [ INFO] step=  7170  t=29.81504  ResidMax=3.424e-05  DilMax=6.478e-01  dt=4.159e-03
15:48:35.834 [ INFO] step=  7171  t=29.81920  ResidMax=3.416e-05  DilMax=6.478e-01  dt=4.159e-03
15:48:35.872 [ INFO] step=  7172  t=29.82336  ResidMax=3.407e-05  DilMax=6.478e-01  dt=4.159e-03
15:48:35.912 [ INFO] step=  7173  t=29.82752  ResidMax=3.399e-05  DilMax=6.478e-01  dt=4.159e-03
15:48:35.954 [ INFO] step=  7174  t=29.83168  ResidMax=3.391e-05  DilMax=6.478e-01  dt=4.159e-03
15:48:35.994 [ INFO] step=  7175  t=29.83584  ResidMax=3.383e-05  DilMax=6.478e-01  dt=4.159e-03
15:48:36.036 [ INFO] step=  7176  t=29.84000  ResidMax=3.375e-05  DilMax=6.478e-01  dt=4.159e-03
15:48:36.074 [ INFO] step=  7177  t=29.84416  ResidMax=3.366e-05  DilMax=6.478e-01  dt=4.159e-03
15:48:36.152 [ INFO] step=  7178  t=29.84831  ResidMax=3.358e-05  DilMax=6.478e-01  dt=4.159e-03
15:48:36.191 [ INFO] step=  7179  t=29.85247  ResidMax=3.350e-05  DilMax=6.478e-01  dt=4.159e-03
15:48:36.231 [ INFO] step=  7180  t=29.85663  ResidMax=3.342e-05  DilMax=6.478e-01  dt=4.159e-03
15:48:36.270 [ INFO] step=  7181  t=29.86079  ResidMax=3.334e-05  DilMax=6.478e-01  dt=4.159e-03
15:48:36.309 [ INFO] step=  7182  t=29.86495  ResidMax=3.325e-05  DilMax=6.478e-01  dt=4.159e-03
15:48:36.346 [ INFO] step=  7183  t=29.86911  ResidMax=3.317e-05  DilMax=6.478e-01  dt=4.159e-03
15:48:36.384 [ INFO] step=  7184  t=29.87327  ResidMax=3.309e-05  DilMax=6.478e-01  dt=4.159e-03
15:48:36.426 [ INFO] step=  7185  t=29.87742  ResidMax=3.300e-05  DilMax=6.478e-01  dt=4.159e-03
15:48:36.463 [ INFO] step=  7186  t=29.88158  ResidMax=3.292e-05  DilMax=6.478e-01  dt=4.159e-03
15:48:36.511 [ INFO] step=  7187  t=29.88574  ResidMax=3.283e-05  DilMax=6.478e-01  dt=4.159e-03
15:48:36.574 [ INFO] step=  7188  t=29.88990  ResidMax=3.275e-05  DilMax=6.478e-01  dt=4.159e-03
15:48:36.617 [ INFO] step=  7189  t=29.89406  ResidMax=3.266e-05  DilMax=6.478e-01  dt=4.159e-03
15:48:36.659 [ INFO] step=  7190  t=29.89822  ResidMax=3.258e-05  DilMax=6.478e-01  dt=4.159e-03
15:48:36.701 [ INFO] step=  7191  t=29.90238  ResidMax=3.250e-05  DilMax=6.478e-01  dt=4.159e-03
15:48:36.743 [ INFO] step=  7192  t=29.90654  ResidMax=3.242e-05  DilMax=6.478e-01  dt=4.159e-03
15:48:36.785 [ INFO] step=  7193  t=29.91069  ResidMax=3.234e-05  DilMax=6.478e-01  dt=4.159e-03
15:48:36.829 [ INFO] step=  7194  t=29.91485  ResidMax=3.226e-05  DilMax=6.478e-01  dt=4.159e-03
15:48:36.871 [ INFO] step=  7195  t=29.91901  ResidMax=3.218e-05  DilMax=6.478e-01  dt=4.159e-03
15:48:36.915 [ INFO] step=  7196  t=29.92317  ResidMax=3.210e-05  DilMax=6.478e-01  dt=4.159e-03
15:48:36.958 [ INFO] step=  7197  t=29.92733  ResidMax=3.202e-05  DilMax=6.478e-01  dt=4.159e-03
15:48:37.002 [ INFO] step=  7198  t=29.93149  ResidMax=3.194e-05  DilMax=6.478e-01  dt=4.159e-03
15:48:37.048 [ INFO] step=  7199  t=29.93565  ResidMax=3.185e-05  DilMax=6.478e-01  dt=4.159e-03
15:48:37.095 [ INFO] step=  7200  t=29.93980  ResidMax=3.177e-05  DilMax=6.478e-01  dt=4.159e-03
15:48:37.147 [ INFO] step=  7201  t=29.94396  ResidMax=3.169e-05  DilMax=6.478e-01  dt=4.159e-03
15:48:37.193 [ INFO] step=  7202  t=29.94812  ResidMax=3.161e-05  DilMax=6.478e-01  dt=4.159e-03
15:48:37.234 [ INFO] step=  7203  t=29.95228  ResidMax=3.152e-05  DilMax=6.478e-01  dt=4.159e-03
15:48:37.274 [ INFO] step=  7204  t=29.95644  ResidMax=3.144e-05  DilMax=6.478e-01  dt=4.159e-03
15:48:37.314 [ INFO] step=  7205  t=29.96060  ResidMax=3.136e-05  DilMax=6.478e-01  dt=4.159e-03
15:48:37.353 [ INFO] step=  7206  t=29.96476  ResidMax=3.127e-05  DilMax=6.478e-01  dt=4.159e-03
15:48:37.392 [ INFO] step=  7207  t=29.96892  ResidMax=3.119e-05  DilMax=6.478e-01  dt=4.159e-03
15:48:37.432 [ INFO] step=  7208  t=29.97307  ResidMax=3.110e-05  DilMax=6.478e-01  dt=4.159e-03
15:48:37.470 [ INFO] step=  7209  t=29.97723  ResidMax=3.103e-05  DilMax=6.478e-01  dt=4.159e-03
15:48:37.511 [ INFO] step=  7210  t=29.98139  ResidMax=3.095e-05  DilMax=6.478e-01  dt=4.159e-03
15:48:37.549 [ INFO] step=  7211  t=29.98555  ResidMax=3.087e-05  DilMax=6.478e-01  dt=4.159e-03
15:48:37.588 [ INFO] step=  7212  t=29.98971  ResidMax=3.079e-05  DilMax=6.478e-01  dt=4.159e-03
15:48:37.626 [ INFO] step=  7213  t=29.99387  ResidMax=3.071e-05  DilMax=6.478e-01  dt=4.159e-03
15:48:37.663 [ INFO] step=  7214  t=29.99803  ResidMax=3.064e-05  DilMax=6.478e-01  dt=4.159e-03
15:48:37.700 [ INFO] step=  7215  t=30.00218  ResidMax=3.056e-05  DilMax=6.478e-01  dt=4.159e-03
15:48:37.737 [ INFO] step=  7216  t=30.00634  ResidMax=3.048e-05  DilMax=6.478e-01  dt=4.159e-03
15:48:37.774 [ INFO] step=  7217  t=30.01050  ResidMax=3.040e-05  DilMax=6.478e-01  dt=4.159e-03
15:48:37.811 [ INFO] step=  7218  t=30.01466  ResidMax=3.032e-05  DilMax=6.478e-01  dt=4.159e-03
15:48:37.848 [ INFO] step=  7219  t=30.01882  ResidMax=3.024e-05  DilMax=6.478e-01  dt=4.159e-03
15:48:37.884 [ INFO] step=  7220  t=30.02298  ResidMax=3.016e-05  DilMax=6.478e-01  dt=4.159e-03
15:48:37.922 [ INFO] step=  7221  t=30.02714  ResidMax=3.008e-05  DilMax=6.478e-01  dt=4.159e-03
15:48:37.958 [ INFO] step=  7222  t=30.03130  ResidMax=2.999e-05  DilMax=6.478e-01  dt=4.159e-03
15:48:37.995 [ INFO] step=  7223  t=30.03545  ResidMax=2.991e-05  DilMax=6.478e-01  dt=4.159e-03
15:48:38.032 [ INFO] step=  7224  t=30.03961  ResidMax=2.983e-05  DilMax=6.478e-01  dt=4.159e-03
15:48:38.070 [ INFO] step=  7225  t=30.04377  ResidMax=2.975e-05  DilMax=6.478e-01  dt=4.159e-03
15:48:38.106 [ INFO] step=  7226  t=30.04793  ResidMax=2.967e-05  DilMax=6.478e-01  dt=4.159e-03
15:48:38.143 [ INFO] step=  7227  t=30.05209  ResidMax=2.958e-05  DilMax=6.478e-01  dt=4.159e-03
15:48:38.181 [ INFO] step=  7228  t=30.05625  ResidMax=2.951e-05  DilMax=6.478e-01  dt=4.159e-03
15:48:38.232 [ INFO] step=  7229  t=30.06041  ResidMax=2.943e-05  DilMax=6.478e-01  dt=4.159e-03
15:48:38.271 [ INFO] step=  7230  t=30.06456  ResidMax=2.936e-05  DilMax=6.478e-01  dt=4.159e-03
15:48:38.310 [ INFO] step=  7231  t=30.06872  ResidMax=2.928e-05  DilMax=6.478e-01  dt=4.159e-03
15:48:38.354 [ INFO] step=  7232  t=30.07288  ResidMax=2.921e-05  DilMax=6.478e-01  dt=4.159e-03
15:48:38.392 [ INFO] step=  7233  t=30.07704  ResidMax=2.913e-05  DilMax=6.478e-01  dt=4.159e-03
15:48:38.430 [ INFO] step=  7234  t=30.08120  ResidMax=2.905e-05  DilMax=6.478e-01  dt=4.159e-03
15:48:38.467 [ INFO] step=  7235  t=30.08536  ResidMax=2.898e-05  DilMax=6.478e-01  dt=4.159e-03
15:48:38.504 [ INFO] step=  7236  t=30.08952  ResidMax=2.890e-05  DilMax=6.478e-01  dt=4.159e-03
15:48:38.543 [ INFO] step=  7237  t=30.09367  ResidMax=2.882e-05  DilMax=6.478e-01  dt=4.159e-03
15:48:38.580 [ INFO] step=  7238  t=30.09783  ResidMax=2.874e-05  DilMax=6.478e-01  dt=4.159e-03
15:48:38.620 [ INFO] step=  7239  t=30.10199  ResidMax=2.867e-05  DilMax=6.478e-01  dt=4.159e-03
15:48:38.658 [ INFO] step=  7240  t=30.10615  ResidMax=2.859e-05  DilMax=6.478e-01  dt=4.159e-03
15:48:38.695 [ INFO] step=  7241  t=30.11031  ResidMax=2.851e-05  DilMax=6.478e-01  dt=4.159e-03
15:48:38.732 [ INFO] step=  7242  t=30.11447  ResidMax=2.843e-05  DilMax=6.478e-01  dt=4.159e-03
15:48:38.776 [ INFO] step=  7243  t=30.11863  ResidMax=2.835e-05  DilMax=6.478e-01  dt=4.159e-03
15:48:38.820 [ INFO] step=  7244  t=30.12279  ResidMax=2.827e-05  DilMax=6.478e-01  dt=4.159e-03
15:48:38.862 [ INFO] step=  7245  t=30.12694  ResidMax=2.819e-05  DilMax=6.478e-01  dt=4.159e-03
15:48:38.899 [ INFO] step=  7246  t=30.13110  ResidMax=2.811e-05  DilMax=6.478e-01  dt=4.159e-03
15:48:38.939 [ INFO] step=  7247  t=30.13526  ResidMax=2.803e-05  DilMax=6.478e-01  dt=4.159e-03
15:48:38.977 [ INFO] step=  7248  t=30.13942  ResidMax=2.796e-05  DilMax=6.478e-01  dt=4.159e-03
15:48:39.015 [ INFO] step=  7249  t=30.14358  ResidMax=2.789e-05  DilMax=6.478e-01  dt=4.159e-03
15:48:39.052 [ INFO] step=  7250  t=30.14774  ResidMax=2.782e-05  DilMax=6.478e-01  dt=4.159e-03
15:48:39.096 [ INFO] step=  7251  t=30.15190  ResidMax=2.774e-05  DilMax=6.478e-01  dt=4.159e-03
15:48:39.140 [ INFO] step=  7252  t=30.15605  ResidMax=2.767e-05  DilMax=6.478e-01  dt=4.159e-03
15:48:39.184 [ INFO] step=  7253  t=30.16021  ResidMax=2.760e-05  DilMax=6.478e-01  dt=4.159e-03
15:48:39.223 [ INFO] step=  7254  t=30.16437  ResidMax=2.752e-05  DilMax=6.478e-01  dt=4.159e-03
15:48:39.262 [ INFO] step=  7255  t=30.16853  ResidMax=2.745e-05  DilMax=6.478e-01  dt=4.159e-03
15:48:39.301 [ INFO] step=  7256  t=30.17269  ResidMax=2.738e-05  DilMax=6.478e-01  dt=4.159e-03
15:48:39.339 [ INFO] step=  7257  t=30.17685  ResidMax=2.730e-05  DilMax=6.478e-01  dt=4.159e-03
15:48:39.384 [ INFO] step=  7258  t=30.18101  ResidMax=2.723e-05  DilMax=6.478e-01  dt=4.159e-03
15:48:39.428 [ INFO] step=  7259  t=30.18517  ResidMax=2.715e-05  DilMax=6.478e-01  dt=4.159e-03
15:48:39.471 [ INFO] step=  7260  t=30.18932  ResidMax=2.708e-05  DilMax=6.478e-01  dt=4.159e-03
15:48:39.509 [ INFO] step=  7261  t=30.19348  ResidMax=2.700e-05  DilMax=6.478e-01  dt=4.159e-03
15:48:39.547 [ INFO] step=  7262  t=30.19764  ResidMax=2.692e-05  DilMax=6.478e-01  dt=4.159e-03
15:48:39.584 [ INFO] step=  7263  t=30.20180  ResidMax=2.685e-05  DilMax=6.478e-01  dt=4.159e-03
15:48:39.627 [ INFO] step=  7264  t=30.20596  ResidMax=2.677e-05  DilMax=6.478e-01  dt=4.159e-03
15:48:39.668 [ INFO] step=  7265  t=30.21012  ResidMax=2.670e-05  DilMax=6.478e-01  dt=4.159e-03
15:48:39.715 [ INFO] step=  7266  t=30.21428  ResidMax=2.662e-05  DilMax=6.478e-01  dt=4.159e-03
15:48:39.762 [ INFO] step=  7267  t=30.21843  ResidMax=2.654e-05  DilMax=6.478e-01  dt=4.159e-03
15:48:39.805 [ INFO] step=  7268  t=30.22259  ResidMax=2.646e-05  DilMax=6.478e-01  dt=4.159e-03
15:48:39.849 [ INFO] step=  7269  t=30.22675  ResidMax=2.639e-05  DilMax=6.478e-01  dt=4.159e-03
15:48:39.893 [ INFO] step=  7270  t=30.23091  ResidMax=2.632e-05  DilMax=6.478e-01  dt=4.159e-03
15:48:39.938 [ INFO] step=  7271  t=30.23507  ResidMax=2.625e-05  DilMax=6.478e-01  dt=4.159e-03
15:48:39.983 [ INFO] step=  7272  t=30.23923  ResidMax=2.618e-05  DilMax=6.478e-01  dt=4.159e-03
15:48:40.043 [ INFO] step=  7273  t=30.24339  ResidMax=2.612e-05  DilMax=6.478e-01  dt=4.159e-03
15:48:40.087 [ INFO] step=  7274  t=30.24755  ResidMax=2.605e-05  DilMax=6.478e-01  dt=4.159e-03
15:48:40.161 [ INFO] step=  7275  t=30.25170  ResidMax=2.598e-05  DilMax=6.478e-01  dt=4.159e-03
15:48:40.207 [ INFO] step=  7276  t=30.25586  ResidMax=2.590e-05  DilMax=6.478e-01  dt=4.159e-03
15:48:40.250 [ INFO] step=  7277  t=30.26002  ResidMax=2.583e-05  DilMax=6.478e-01  dt=4.159e-03
15:48:40.295 [ INFO] step=  7278  t=30.26418  ResidMax=2.576e-05  DilMax=6.478e-01  dt=4.159e-03
15:48:40.338 [ INFO] step=  7279  t=30.26834  ResidMax=2.569e-05  DilMax=6.478e-01  dt=4.159e-03
15:48:40.379 [ INFO] step=  7280  t=30.27250  ResidMax=2.562e-05  DilMax=6.478e-01  dt=4.159e-03
15:48:40.426 [ INFO] step=  7281  t=30.27666  ResidMax=2.555e-05  DilMax=6.478e-01  dt=4.159e-03
15:48:40.470 [ INFO] step=  7282  t=30.28081  ResidMax=2.548e-05  DilMax=6.478e-01  dt=4.159e-03
15:48:40.517 [ INFO] step=  7283  t=30.28497  ResidMax=2.540e-05  DilMax=6.478e-01  dt=4.159e-03
15:48:40.565 [ INFO] step=  7284  t=30.28913  ResidMax=2.533e-05  DilMax=6.478e-01  dt=4.159e-03
15:48:40.608 [ INFO] step=  7285  t=30.29329  ResidMax=2.526e-05  DilMax=6.478e-01  dt=4.159e-03
15:48:40.651 [ INFO] step=  7286  t=30.29745  ResidMax=2.519e-05  DilMax=6.478e-01  dt=4.159e-03
15:48:40.694 [ INFO] step=  7287  t=30.30161  ResidMax=2.511e-05  DilMax=6.478e-01  dt=4.159e-03
15:48:40.737 [ INFO] step=  7288  t=30.30577  ResidMax=2.504e-05  DilMax=6.478e-01  dt=4.159e-03
15:48:40.778 [ INFO] step=  7289  t=30.30993  ResidMax=2.497e-05  DilMax=6.478e-01  dt=4.159e-03
15:48:40.822 [ INFO] step=  7290  t=30.31408  ResidMax=2.489e-05  DilMax=6.478e-01  dt=4.159e-03
15:48:40.868 [ INFO] step=  7291  t=30.31824  ResidMax=2.482e-05  DilMax=6.478e-01  dt=4.159e-03
15:48:40.912 [ INFO] step=  7292  t=30.32240  ResidMax=2.475e-05  DilMax=6.478e-01  dt=4.159e-03
15:48:40.957 [ INFO] step=  7293  t=30.32656  ResidMax=2.468e-05  DilMax=6.478e-01  dt=4.159e-03
15:48:40.999 [ INFO] step=  7294  t=30.33072  ResidMax=2.462e-05  DilMax=6.478e-01  dt=4.159e-03
15:48:41.044 [ INFO] step=  7295  t=30.33488  ResidMax=2.455e-05  DilMax=6.478e-01  dt=4.159e-03
15:48:41.087 [ INFO] step=  7296  t=30.33904  ResidMax=2.449e-05  DilMax=6.478e-01  dt=4.159e-03
15:48:41.130 [ INFO] step=  7297  t=30.34319  ResidMax=2.442e-05  DilMax=6.478e-01  dt=4.159e-03
15:48:41.172 [ INFO] step=  7298  t=30.34735  ResidMax=2.435e-05  DilMax=6.478e-01  dt=4.159e-03
15:48:41.214 [ INFO] step=  7299  t=30.35151  ResidMax=2.429e-05  DilMax=6.478e-01  dt=4.159e-03
15:48:41.257 [ INFO] step=  7300  t=30.35567  ResidMax=2.422e-05  DilMax=6.478e-01  dt=4.159e-03
15:48:41.300 [ INFO] step=  7301  t=30.35983  ResidMax=2.415e-05  DilMax=6.478e-01  dt=4.159e-03
15:48:41.345 [ INFO] step=  7302  t=30.36399  ResidMax=2.408e-05  DilMax=6.478e-01  dt=4.159e-03
15:48:41.390 [ INFO] step=  7303  t=30.36815  ResidMax=2.402e-05  DilMax=6.478e-01  dt=4.159e-03
15:48:41.438 [ INFO] step=  7304  t=30.37231  ResidMax=2.395e-05  DilMax=6.478e-01  dt=4.159e-03
15:48:41.480 [ INFO] step=  7305  t=30.37646  ResidMax=2.388e-05  DilMax=6.478e-01  dt=4.159e-03
15:48:41.518 [ INFO] step=  7306  t=30.38062  ResidMax=2.381e-05  DilMax=6.478e-01  dt=4.159e-03
15:48:41.555 [ INFO] step=  7307  t=30.38478  ResidMax=2.374e-05  DilMax=6.478e-01  dt=4.159e-03
15:48:41.592 [ INFO] step=  7308  t=30.38894  ResidMax=2.367e-05  DilMax=6.478e-01  dt=4.159e-03
15:48:41.630 [ INFO] step=  7309  t=30.39310  ResidMax=2.360e-05  DilMax=6.478e-01  dt=4.159e-03
15:48:41.667 [ INFO] step=  7310  t=30.39726  ResidMax=2.353e-05  DilMax=6.478e-01  dt=4.159e-03
15:48:41.704 [ INFO] step=  7311  t=30.40142  ResidMax=2.346e-05  DilMax=6.478e-01  dt=4.159e-03
15:48:41.741 [ INFO] step=  7312  t=30.40557  ResidMax=2.339e-05  DilMax=6.478e-01  dt=4.159e-03
15:48:41.778 [ INFO] step=  7313  t=30.40973  ResidMax=2.332e-05  DilMax=6.478e-01  dt=4.159e-03
15:48:41.814 [ INFO] step=  7314  t=30.41389  ResidMax=2.325e-05  DilMax=6.478e-01  dt=4.159e-03
15:48:41.851 [ INFO] step=  7315  t=30.41805  ResidMax=2.318e-05  DilMax=6.478e-01  dt=4.159e-03
15:48:41.888 [ INFO] step=  7316  t=30.42221  ResidMax=2.311e-05  DilMax=6.478e-01  dt=4.159e-03
15:48:41.925 [ INFO] step=  7317  t=30.42637  ResidMax=2.305e-05  DilMax=6.478e-01  dt=4.159e-03
15:48:41.962 [ INFO] step=  7318  t=30.43053  ResidMax=2.299e-05  DilMax=6.478e-01  dt=4.159e-03
15:48:41.999 [ INFO] step=  7319  t=30.43469  ResidMax=2.293e-05  DilMax=6.478e-01  dt=4.159e-03
15:48:42.036 [ INFO] step=  7320  t=30.43884  ResidMax=2.286e-05  DilMax=6.478e-01  dt=4.159e-03
15:48:42.074 [ INFO] step=  7321  t=30.44300  ResidMax=2.280e-05  DilMax=6.478e-01  dt=4.159e-03
15:48:42.111 [ INFO] step=  7322  t=30.44716  ResidMax=2.274e-05  DilMax=6.478e-01  dt=4.159e-03
15:48:42.149 [ INFO] step=  7323  t=30.45132  ResidMax=2.267e-05  DilMax=6.478e-01  dt=4.159e-03
15:48:42.186 [ INFO] step=  7324  t=30.45548  ResidMax=2.261e-05  DilMax=6.478e-01  dt=4.159e-03
15:48:42.223 [ INFO] step=  7325  t=30.45964  ResidMax=2.255e-05  DilMax=6.478e-01  dt=4.159e-03
15:48:42.260 [ INFO] step=  7326  t=30.46380  ResidMax=2.248e-05  DilMax=6.478e-01  dt=4.159e-03
15:48:42.297 [ INFO] step=  7327  t=30.46795  ResidMax=2.242e-05  DilMax=6.478e-01  dt=4.159e-03
15:48:42.335 [ INFO] step=  7328  t=30.47211  ResidMax=2.235e-05  DilMax=6.478e-01  dt=4.159e-03
15:48:42.372 [ INFO] step=  7329  t=30.47627  ResidMax=2.229e-05  DilMax=6.478e-01  dt=4.159e-03
15:48:42.409 [ INFO] step=  7330  t=30.48043  ResidMax=2.223e-05  DilMax=6.478e-01  dt=4.159e-03
15:48:42.447 [ INFO] step=  7331  t=30.48459  ResidMax=2.216e-05  DilMax=6.478e-01  dt=4.159e-03
15:48:42.484 [ INFO] step=  7332  t=30.48875  ResidMax=2.210e-05  DilMax=6.478e-01  dt=4.159e-03
15:48:42.521 [ INFO] step=  7333  t=30.49291  ResidMax=2.203e-05  DilMax=6.478e-01  dt=4.159e-03
15:48:42.558 [ INFO] step=  7334  t=30.49707  ResidMax=2.196e-05  DilMax=6.478e-01  dt=4.159e-03
15:48:42.595 [ INFO] step=  7335  t=30.50122  ResidMax=2.190e-05  DilMax=6.478e-01  dt=4.159e-03
15:48:42.634 [ INFO] step=  7336  t=30.50538  ResidMax=2.183e-05  DilMax=6.478e-01  dt=4.159e-03
15:48:42.672 [ INFO] step=  7337  t=30.50954  ResidMax=2.177e-05  DilMax=6.478e-01  dt=4.159e-03
15:48:42.709 [ INFO] step=  7338  t=30.51370  ResidMax=2.170e-05  DilMax=6.478e-01  dt=4.159e-03
15:48:42.746 [ INFO] step=  7339  t=30.51786  ResidMax=2.163e-05  DilMax=6.478e-01  dt=4.159e-03
15:48:42.783 [ INFO] step=  7340  t=30.52202  ResidMax=2.157e-05  DilMax=6.478e-01  dt=4.159e-03
15:48:42.821 [ INFO] step=  7341  t=30.52618  ResidMax=2.150e-05  DilMax=6.478e-01  dt=4.159e-03
15:48:42.859 [ INFO] step=  7342  t=30.53033  ResidMax=2.143e-05  DilMax=6.478e-01  dt=4.159e-03
15:48:42.896 [ INFO] step=  7343  t=30.53449  ResidMax=2.137e-05  DilMax=6.478e-01  dt=4.159e-03
15:48:42.933 [ INFO] step=  7344  t=30.53865  ResidMax=2.132e-05  DilMax=6.478e-01  dt=4.159e-03
15:48:42.971 [ INFO] step=  7345  t=30.54281  ResidMax=2.126e-05  DilMax=6.478e-01  dt=4.159e-03
15:48:43.009 [ INFO] step=  7346  t=30.54697  ResidMax=2.120e-05  DilMax=6.478e-01  dt=4.159e-03
15:48:43.047 [ INFO] step=  7347  t=30.55113  ResidMax=2.114e-05  DilMax=6.478e-01  dt=4.159e-03
15:48:43.084 [ INFO] step=  7348  t=30.55529  ResidMax=2.108e-05  DilMax=6.478e-01  dt=4.159e-03
15:48:43.121 [ INFO] step=  7349  t=30.55945  ResidMax=2.102e-05  DilMax=6.478e-01  dt=4.159e-03
15:48:43.158 [ INFO] step=  7350  t=30.56360  ResidMax=2.096e-05  DilMax=6.478e-01  dt=4.159e-03
15:48:43.195 [ INFO] step=  7351  t=30.56776  ResidMax=2.090e-05  DilMax=6.478e-01  dt=4.159e-03
15:48:43.234 [ INFO] step=  7352  t=30.57192  ResidMax=2.084e-05  DilMax=6.478e-01  dt=4.159e-03
15:48:43.275 [ INFO] step=  7353  t=30.57608  ResidMax=2.078e-05  DilMax=6.478e-01  dt=4.159e-03
15:48:43.313 [ INFO] step=  7354  t=30.58024  ResidMax=2.072e-05  DilMax=6.478e-01  dt=4.159e-03
15:48:43.351 [ INFO] step=  7355  t=30.58440  ResidMax=2.066e-05  DilMax=6.478e-01  dt=4.159e-03
15:48:43.388 [ INFO] step=  7356  t=30.58856  ResidMax=2.060e-05  DilMax=6.478e-01  dt=4.159e-03
15:48:43.428 [ INFO] step=  7357  t=30.59271  ResidMax=2.053e-05  DilMax=6.478e-01  dt=4.159e-03
15:48:43.465 [ INFO] step=  7358  t=30.59687  ResidMax=2.047e-05  DilMax=6.478e-01  dt=4.159e-03
15:48:43.503 [ INFO] step=  7359  t=30.60103  ResidMax=2.041e-05  DilMax=6.478e-01  dt=4.159e-03
15:48:43.540 [ INFO] step=  7360  t=30.60519  ResidMax=2.035e-05  DilMax=6.478e-01  dt=4.159e-03
15:48:43.577 [ INFO] step=  7361  t=30.60935  ResidMax=2.029e-05  DilMax=6.478e-01  dt=4.159e-03
15:48:43.614 [ INFO] step=  7362  t=30.61351  ResidMax=2.023e-05  DilMax=6.478e-01  dt=4.159e-03
15:48:43.653 [ INFO] step=  7363  t=30.61767  ResidMax=2.016e-05  DilMax=6.478e-01  dt=4.159e-03
15:48:43.691 [ INFO] step=  7364  t=30.62183  ResidMax=2.010e-05  DilMax=6.478e-01  dt=4.159e-03
15:48:43.729 [ INFO] step=  7365  t=30.62598  ResidMax=2.004e-05  DilMax=6.478e-01  dt=4.159e-03
15:48:43.766 [ INFO] step=  7366  t=30.63014  ResidMax=1.998e-05  DilMax=6.478e-01  dt=4.159e-03
15:48:43.803 [ INFO] step=  7367  t=30.63430  ResidMax=1.991e-05  DilMax=6.478e-01  dt=4.159e-03
15:48:43.840 [ INFO] step=  7368  t=30.63846  ResidMax=1.985e-05  DilMax=6.478e-01  dt=4.159e-03
15:48:43.877 [ INFO] step=  7369  t=30.64262  ResidMax=1.979e-05  DilMax=6.478e-01  dt=4.159e-03
15:48:43.914 [ INFO] step=  7370  t=30.64678  ResidMax=1.973e-05  DilMax=6.478e-01  dt=4.159e-03
15:48:43.951 [ INFO] step=  7371  t=30.65094  ResidMax=1.967e-05  DilMax=6.478e-01  dt=4.159e-03
15:48:43.989 [ INFO] step=  7372  t=30.65509  ResidMax=1.962e-05  DilMax=6.478e-01  dt=4.159e-03
15:48:44.028 [ INFO] step=  7373  t=30.65925  ResidMax=1.956e-05  DilMax=6.478e-01  dt=4.159e-03
15:48:44.066 [ INFO] step=  7374  t=30.66341  ResidMax=1.951e-05  DilMax=6.478e-01  dt=4.159e-03
15:48:44.106 [ INFO] step=  7375  t=30.66757  ResidMax=1.945e-05  DilMax=6.478e-01  dt=4.159e-03
15:48:44.144 [ INFO] step=  7376  t=30.67173  ResidMax=1.939e-05  DilMax=6.478e-01  dt=4.159e-03
15:48:44.182 [ INFO] step=  7377  t=30.67589  ResidMax=1.934e-05  DilMax=6.478e-01  dt=4.159e-03
15:48:44.219 [ INFO] step=  7378  t=30.68005  ResidMax=1.928e-05  DilMax=6.478e-01  dt=4.159e-03
15:48:44.257 [ INFO] step=  7379  t=30.68420  ResidMax=1.922e-05  DilMax=6.478e-01  dt=4.159e-03
15:48:44.294 [ INFO] step=  7380  t=30.68836  ResidMax=1.917e-05  DilMax=6.478e-01  dt=4.159e-03
15:48:44.331 [ INFO] step=  7381  t=30.69252  ResidMax=1.911e-05  DilMax=6.478e-01  dt=4.159e-03
15:48:44.369 [ INFO] step=  7382  t=30.69668  ResidMax=1.905e-05  DilMax=6.478e-01  dt=4.159e-03
15:48:44.405 [ INFO] step=  7383  t=30.70084  ResidMax=1.900e-05  DilMax=6.478e-01  dt=4.159e-03
15:48:44.446 [ INFO] step=  7384  t=30.70500  ResidMax=1.894e-05  DilMax=6.478e-01  dt=4.159e-03
15:48:44.484 [ INFO] step=  7385  t=30.70916  ResidMax=1.888e-05  DilMax=6.478e-01  dt=4.159e-03
15:48:44.526 [ INFO] step=  7386  t=30.71332  ResidMax=1.882e-05  DilMax=6.478e-01  dt=4.159e-03
15:48:44.566 [ INFO] step=  7387  t=30.71747  ResidMax=1.877e-05  DilMax=6.478e-01  dt=4.159e-03
15:48:44.606 [ INFO] step=  7388  t=30.72163  ResidMax=1.871e-05  DilMax=6.478e-01  dt=4.159e-03
15:48:44.646 [ INFO] step=  7389  t=30.72579  ResidMax=1.865e-05  DilMax=6.478e-01  dt=4.159e-03
15:48:44.685 [ INFO] step=  7390  t=30.72995  ResidMax=1.859e-05  DilMax=6.478e-01  dt=4.159e-03
15:48:44.725 [ INFO] step=  7391  t=30.73411  ResidMax=1.853e-05  DilMax=6.478e-01  dt=4.159e-03
15:48:44.763 [ INFO] step=  7392  t=30.73827  ResidMax=1.847e-05  DilMax=6.478e-01  dt=4.159e-03
15:48:44.801 [ INFO] step=  7393  t=30.74243  ResidMax=1.842e-05  DilMax=6.478e-01  dt=4.159e-03
15:48:44.840 [ INFO] step=  7394  t=30.74658  ResidMax=1.836e-05  DilMax=6.478e-01  dt=4.159e-03
15:48:44.878 [ INFO] step=  7395  t=30.75074  ResidMax=1.830e-05  DilMax=6.478e-01  dt=4.159e-03
15:48:44.915 [ INFO] step=  7396  t=30.75490  ResidMax=1.824e-05  DilMax=6.478e-01  dt=4.159e-03
15:48:44.952 [ INFO] step=  7397  t=30.75906  ResidMax=1.818e-05  DilMax=6.478e-01  dt=4.159e-03
15:48:44.990 [ INFO] step=  7398  t=30.76322  ResidMax=1.812e-05  DilMax=6.478e-01  dt=4.159e-03
15:48:45.027 [ INFO] step=  7399  t=30.76738  ResidMax=1.806e-05  DilMax=6.478e-01  dt=4.159e-03
15:48:45.096 [ INFO] step=  7400  t=30.77154  ResidMax=1.801e-05  DilMax=6.478e-01  dt=4.159e-03
15:48:45.134 [ INFO] step=  7401  t=30.77570  ResidMax=1.796e-05  DilMax=6.478e-01  dt=4.159e-03
15:48:45.173 [ INFO] step=  7402  t=30.77985  ResidMax=1.791e-05  DilMax=6.478e-01  dt=4.159e-03
15:48:45.212 [ INFO] step=  7403  t=30.78401  ResidMax=1.786e-05  DilMax=6.478e-01  dt=4.159e-03
15:48:45.250 [ INFO] step=  7404  t=30.78817  ResidMax=1.780e-05  DilMax=6.478e-01  dt=4.159e-03
15:48:45.288 [ INFO] step=  7405  t=30.79233  ResidMax=1.775e-05  DilMax=6.478e-01  dt=4.159e-03
15:48:45.326 [ INFO] step=  7406  t=30.79649  ResidMax=1.770e-05  DilMax=6.478e-01  dt=4.159e-03
15:48:45.365 [ INFO] step=  7407  t=30.80065  ResidMax=1.765e-05  DilMax=6.478e-01  dt=4.159e-03
15:48:45.404 [ INFO] step=  7408  t=30.80481  ResidMax=1.759e-05  DilMax=6.478e-01  dt=4.159e-03
15:48:45.441 [ INFO] step=  7409  t=30.80896  ResidMax=1.754e-05  DilMax=6.478e-01  dt=4.159e-03
15:48:45.479 [ INFO] step=  7410  t=30.81312  ResidMax=1.749e-05  DilMax=6.478e-01  dt=4.159e-03
15:48:45.517 [ INFO] step=  7411  t=30.81728  ResidMax=1.743e-05  DilMax=6.478e-01  dt=4.159e-03
15:48:45.555 [ INFO] step=  7412  t=30.82144  ResidMax=1.738e-05  DilMax=6.478e-01  dt=4.159e-03
15:48:45.593 [ INFO] step=  7413  t=30.82560  ResidMax=1.733e-05  DilMax=6.478e-01  dt=4.159e-03
15:48:45.631 [ INFO] step=  7414  t=30.82976  ResidMax=1.727e-05  DilMax=6.478e-01  dt=4.159e-03
15:48:45.668 [ INFO] step=  7415  t=30.83392  ResidMax=1.722e-05  DilMax=6.478e-01  dt=4.159e-03
15:48:45.706 [ INFO] step=  7416  t=30.83808  ResidMax=1.716e-05  DilMax=6.478e-01  dt=4.159e-03
15:48:45.744 [ INFO] step=  7417  t=30.84223  ResidMax=1.711e-05  DilMax=6.478e-01  dt=4.159e-03
15:48:45.782 [ INFO] step=  7418  t=30.84639  ResidMax=1.705e-05  DilMax=6.478e-01  dt=4.159e-03
15:48:45.819 [ INFO] step=  7419  t=30.85055  ResidMax=1.700e-05  DilMax=6.478e-01  dt=4.159e-03
15:48:45.858 [ INFO] step=  7420  t=30.85471  ResidMax=1.695e-05  DilMax=6.478e-01  dt=4.159e-03
15:48:45.895 [ INFO] step=  7421  t=30.85887  ResidMax=1.689e-05  DilMax=6.478e-01  dt=4.159e-03
15:48:45.934 [ INFO] step=  7422  t=30.86303  ResidMax=1.684e-05  DilMax=6.478e-01  dt=4.159e-03
15:48:45.972 [ INFO] step=  7423  t=30.86719  ResidMax=1.678e-05  DilMax=6.478e-01  dt=4.159e-03
15:48:46.009 [ INFO] step=  7424  t=30.87134  ResidMax=1.673e-05  DilMax=6.478e-01  dt=4.159e-03
15:48:46.047 [ INFO] step=  7425  t=30.87550  ResidMax=1.667e-05  DilMax=6.478e-01  dt=4.159e-03
15:48:46.084 [ INFO] step=  7426  t=30.87966  ResidMax=1.662e-05  DilMax=6.478e-01  dt=4.159e-03
15:48:46.121 [ INFO] step=  7427  t=30.88382  ResidMax=1.656e-05  DilMax=6.478e-01  dt=4.159e-03
15:48:46.159 [ INFO] step=  7428  t=30.88798  ResidMax=1.650e-05  DilMax=6.478e-01  dt=4.159e-03
15:48:46.196 [ INFO] step=  7429  t=30.89214  ResidMax=1.645e-05  DilMax=6.478e-01  dt=4.159e-03
15:48:46.233 [ INFO] step=  7430  t=30.89630  ResidMax=1.640e-05  DilMax=6.478e-01  dt=4.159e-03
15:48:46.269 [ INFO] step=  7431  t=30.90046  ResidMax=1.635e-05  DilMax=6.478e-01  dt=4.159e-03
15:48:46.306 [ INFO] step=  7432  t=30.90461  ResidMax=1.630e-05  DilMax=6.478e-01  dt=4.159e-03
15:48:46.344 [ INFO] step=  7433  t=30.90877  ResidMax=1.625e-05  DilMax=6.478e-01  dt=4.159e-03
15:48:46.381 [ INFO] step=  7434  t=30.91293  ResidMax=1.620e-05  DilMax=6.478e-01  dt=4.159e-03
15:48:46.419 [ INFO] step=  7435  t=30.91709  ResidMax=1.616e-05  DilMax=6.478e-01  dt=4.159e-03
15:48:46.456 [ INFO] step=  7436  t=30.92125  ResidMax=1.611e-05  DilMax=6.478e-01  dt=4.159e-03
15:48:46.495 [ INFO] step=  7437  t=30.92541  ResidMax=1.606e-05  DilMax=6.478e-01  dt=4.159e-03
15:48:46.532 [ INFO] step=  7438  t=30.92957  ResidMax=1.601e-05  DilMax=6.478e-01  dt=4.159e-03
15:48:46.569 [ INFO] step=  7439  t=30.93372  ResidMax=1.596e-05  DilMax=6.478e-01  dt=4.159e-03
15:48:46.606 [ INFO] step=  7440  t=30.93788  ResidMax=1.591e-05  DilMax=6.478e-01  dt=4.159e-03
15:48:46.644 [ INFO] step=  7441  t=30.94204  ResidMax=1.586e-05  DilMax=6.478e-01  dt=4.159e-03
15:48:46.681 [ INFO] step=  7442  t=30.94620  ResidMax=1.581e-05  DilMax=6.478e-01  dt=4.159e-03
15:48:46.719 [ INFO] step=  7443  t=30.95036  ResidMax=1.576e-05  DilMax=6.478e-01  dt=4.159e-03
15:48:46.756 [ INFO] step=  7444  t=30.95452  ResidMax=1.571e-05  DilMax=6.478e-01  dt=4.159e-03
15:48:46.793 [ INFO] step=  7445  t=30.95868  ResidMax=1.566e-05  DilMax=6.478e-01  dt=4.159e-03
15:48:46.830 [ INFO] step=  7446  t=30.96284  ResidMax=1.561e-05  DilMax=6.478e-01  dt=4.159e-03
15:48:46.868 [ INFO] step=  7447  t=30.96699  ResidMax=1.556e-05  DilMax=6.478e-01  dt=4.159e-03
15:48:46.906 [ INFO] step=  7448  t=30.97115  ResidMax=1.551e-05  DilMax=6.478e-01  dt=4.159e-03
15:48:46.943 [ INFO] step=  7449  t=30.97531  ResidMax=1.546e-05  DilMax=6.478e-01  dt=4.159e-03
15:48:46.981 [ INFO] step=  7450  t=30.97947  ResidMax=1.541e-05  DilMax=6.478e-01  dt=4.159e-03
15:48:47.020 [ INFO] step=  7451  t=30.98363  ResidMax=1.536e-05  DilMax=6.478e-01  dt=4.159e-03
15:48:47.057 [ INFO] step=  7452  t=30.98779  ResidMax=1.530e-05  DilMax=6.478e-01  dt=4.159e-03
15:48:47.096 [ INFO] step=  7453  t=30.99195  ResidMax=1.525e-05  DilMax=6.478e-01  dt=4.159e-03
15:48:47.133 [ INFO] step=  7454  t=30.99610  ResidMax=1.520e-05  DilMax=6.478e-01  dt=4.159e-03
15:48:47.171 [ INFO] step=  7455  t=31.00026  ResidMax=1.515e-05  DilMax=6.478e-01  dt=4.159e-03
15:48:47.210 [ INFO] step=  7456  t=31.00442  ResidMax=1.510e-05  DilMax=6.478e-01  dt=4.159e-03
15:48:47.248 [ INFO] step=  7457  t=31.00858  ResidMax=1.505e-05  DilMax=6.478e-01  dt=4.159e-03
15:48:47.286 [ INFO] step=  7458  t=31.01274  ResidMax=1.500e-05  DilMax=6.478e-01  dt=4.159e-03
15:48:47.324 [ INFO] step=  7459  t=31.01690  ResidMax=1.494e-05  DilMax=6.478e-01  dt=4.159e-03
15:48:47.362 [ INFO] step=  7460  t=31.02106  ResidMax=1.489e-05  DilMax=6.478e-01  dt=4.159e-03
15:48:47.400 [ INFO] step=  7461  t=31.02522  ResidMax=1.484e-05  DilMax=6.478e-01  dt=4.159e-03
15:48:47.437 [ INFO] step=  7462  t=31.02937  ResidMax=1.479e-05  DilMax=6.478e-01  dt=4.159e-03
15:48:47.475 [ INFO] step=  7463  t=31.03353  ResidMax=1.475e-05  DilMax=6.478e-01  dt=4.159e-03
15:48:47.513 [ INFO] step=  7464  t=31.03769  ResidMax=1.470e-05  DilMax=6.478e-01  dt=4.159e-03
15:48:47.550 [ INFO] step=  7465  t=31.04185  ResidMax=1.466e-05  DilMax=6.478e-01  dt=4.159e-03
15:48:47.588 [ INFO] step=  7466  t=31.04601  ResidMax=1.461e-05  DilMax=6.478e-01  dt=4.159e-03
15:48:47.626 [ INFO] step=  7467  t=31.05017  ResidMax=1.457e-05  DilMax=6.478e-01  dt=4.159e-03
15:48:47.664 [ INFO] step=  7468  t=31.05433  ResidMax=1.452e-05  DilMax=6.478e-01  dt=4.159e-03
15:48:47.702 [ INFO] step=  7469  t=31.05848  ResidMax=1.447e-05  DilMax=6.478e-01  dt=4.159e-03
15:48:47.740 [ INFO] step=  7470  t=31.06264  ResidMax=1.443e-05  DilMax=6.478e-01  dt=4.159e-03
15:48:47.777 [ INFO] step=  7471  t=31.06680  ResidMax=1.438e-05  DilMax=6.478e-01  dt=4.159e-03
15:48:47.815 [ INFO] step=  7472  t=31.07096  ResidMax=1.434e-05  DilMax=6.478e-01  dt=4.159e-03
15:48:47.853 [ INFO] step=  7473  t=31.07512  ResidMax=1.429e-05  DilMax=6.478e-01  dt=4.159e-03
15:48:47.890 [ INFO] step=  7474  t=31.07928  ResidMax=1.424e-05  DilMax=6.478e-01  dt=4.159e-03
15:48:47.928 [ INFO] step=  7475  t=31.08344  ResidMax=1.420e-05  DilMax=6.478e-01  dt=4.159e-03
15:48:47.966 [ INFO] step=  7476  t=31.08760  ResidMax=1.415e-05  DilMax=6.478e-01  dt=4.159e-03
15:48:48.003 [ INFO] step=  7477  t=31.09175  ResidMax=1.411e-05  DilMax=6.478e-01  dt=4.159e-03
15:48:48.042 [ INFO] step=  7478  t=31.09591  ResidMax=1.406e-05  DilMax=6.478e-01  dt=4.159e-03
15:48:48.080 [ INFO] step=  7479  t=31.10007  ResidMax=1.401e-05  DilMax=6.478e-01  dt=4.159e-03
15:48:48.116 [ INFO] step=  7480  t=31.10423  ResidMax=1.397e-05  DilMax=6.478e-01  dt=4.159e-03
15:48:48.153 [ INFO] step=  7481  t=31.10839  ResidMax=1.392e-05  DilMax=6.478e-01  dt=4.159e-03
15:48:48.191 [ INFO] step=  7482  t=31.11255  ResidMax=1.387e-05  DilMax=6.478e-01  dt=4.159e-03
15:48:48.229 [ INFO] step=  7483  t=31.11671  ResidMax=1.382e-05  DilMax=6.478e-01  dt=4.159e-03
15:48:48.266 [ INFO] step=  7484  t=31.12086  ResidMax=1.378e-05  DilMax=6.478e-01  dt=4.159e-03
15:48:48.303 [ INFO] step=  7485  t=31.12502  ResidMax=1.373e-05  DilMax=6.478e-01  dt=4.159e-03
15:48:48.341 [ INFO] step=  7486  t=31.12918  ResidMax=1.368e-05  DilMax=6.478e-01  dt=4.159e-03
15:48:48.378 [ INFO] step=  7487  t=31.13334  ResidMax=1.363e-05  DilMax=6.478e-01  dt=4.159e-03
15:48:48.415 [ INFO] step=  7488  t=31.13750  ResidMax=1.359e-05  DilMax=6.478e-01  dt=4.159e-03
15:48:48.454 [ INFO] step=  7489  t=31.14166  ResidMax=1.354e-05  DilMax=6.478e-01  dt=4.159e-03
15:48:48.493 [ INFO] step=  7490  t=31.14582  ResidMax=1.349e-05  DilMax=6.478e-01  dt=4.159e-03
15:48:48.531 [ INFO] step=  7491  t=31.14998  ResidMax=1.344e-05  DilMax=6.478e-01  dt=4.159e-03
15:48:48.569 [ INFO] step=  7492  t=31.15413  ResidMax=1.340e-05  DilMax=6.478e-01  dt=4.159e-03
15:48:48.608 [ INFO] step=  7493  t=31.15829  ResidMax=1.335e-05  DilMax=6.478e-01  dt=4.159e-03
15:48:48.646 [ INFO] step=  7494  t=31.16245  ResidMax=1.330e-05  DilMax=6.478e-01  dt=4.159e-03
15:48:48.689 [ INFO] step=  7495  t=31.16661  ResidMax=1.325e-05  DilMax=6.478e-01  dt=4.159e-03
15:48:48.733 [ INFO] step=  7496  t=31.17077  ResidMax=1.321e-05  DilMax=6.478e-01  dt=4.159e-03
15:48:48.776 [ INFO] step=  7497  t=31.17493  ResidMax=1.317e-05  DilMax=6.478e-01  dt=4.159e-03
15:48:48.819 [ INFO] step=  7498  t=31.17909  ResidMax=1.314e-05  DilMax=6.478e-01  dt=4.159e-03
15:48:48.860 [ INFO] step=  7499  t=31.18324  ResidMax=1.313e-05  DilMax=6.478e-01  dt=4.159e-03
15:48:48.902 [ INFO] step=  7500  t=31.18740  ResidMax=1.311e-05  DilMax=6.478e-01  dt=4.159e-03
15:48:49.239 [ INFO] VTK snapshot written → results/backstep_validation/step_re100_t007500.vtk
15:48:51.220 [ INFO] step=  7501  t=31.19156  ResidMax=1.309e-05  DilMax=6.478e-01  dt=4.159e-03
15:48:51.259 [ INFO] step=  7502  t=31.19572  ResidMax=1.308e-05  DilMax=6.478e-01  dt=4.159e-03
15:48:51.297 [ INFO] step=  7503  t=31.19988  ResidMax=1.306e-05  DilMax=6.478e-01  dt=4.159e-03
15:48:51.335 [ INFO] step=  7504  t=31.20404  ResidMax=1.305e-05  DilMax=6.478e-01  dt=4.159e-03
15:48:51.373 [ INFO] step=  7505  t=31.20820  ResidMax=1.303e-05  DilMax=6.478e-01  dt=4.159e-03
15:48:51.412 [ INFO] step=  7506  t=31.21236  ResidMax=1.302e-05  DilMax=6.478e-01  dt=4.159e-03
15:48:51.451 [ INFO] step=  7507  t=31.21651  ResidMax=1.300e-05  DilMax=6.478e-01  dt=4.159e-03
15:48:51.488 [ INFO] step=  7508  t=31.22067  ResidMax=1.298e-05  DilMax=6.478e-01  dt=4.159e-03
15:48:51.526 [ INFO] step=  7509  t=31.22483  ResidMax=1.297e-05  DilMax=6.478e-01  dt=4.159e-03
15:48:51.563 [ INFO] step=  7510  t=31.22899  ResidMax=1.295e-05  DilMax=6.478e-01  dt=4.159e-03
15:48:51.600 [ INFO] step=  7511  t=31.23315  ResidMax=1.294e-05  DilMax=6.478e-01  dt=4.159e-03
15:48:51.637 [ INFO] step=  7512  t=31.23731  ResidMax=1.292e-05  DilMax=6.478e-01  dt=4.159e-03
15:48:51.675 [ INFO] step=  7513  t=31.24147  ResidMax=1.290e-05  DilMax=6.478e-01  dt=4.159e-03
15:48:51.712 [ INFO] step=  7514  t=31.24562  ResidMax=1.289e-05  DilMax=6.478e-01  dt=4.159e-03
15:48:51.749 [ INFO] step=  7515  t=31.24978  ResidMax=1.287e-05  DilMax=6.478e-01  dt=4.159e-03
15:48:51.786 [ INFO] step=  7516  t=31.25394  ResidMax=1.286e-05  DilMax=6.478e-01  dt=4.159e-03
15:48:51.825 [ INFO] step=  7517  t=31.25810  ResidMax=1.284e-05  DilMax=6.478e-01  dt=4.159e-03
15:48:51.862 [ INFO] step=  7518  t=31.26226  ResidMax=1.283e-05  DilMax=6.478e-01  dt=4.159e-03
15:48:51.901 [ INFO] step=  7519  t=31.26642  ResidMax=1.281e-05  DilMax=6.478e-01  dt=4.159e-03
15:48:51.938 [ INFO] step=  7520  t=31.27058  ResidMax=1.280e-05  DilMax=6.478e-01  dt=4.159e-03
15:48:51.975 [ INFO] step=  7521  t=31.27473  ResidMax=1.278e-05  DilMax=6.478e-01  dt=4.159e-03
15:48:52.013 [ INFO] step=  7522  t=31.27889  ResidMax=1.277e-05  DilMax=6.478e-01  dt=4.159e-03
15:48:52.050 [ INFO] step=  7523  t=31.28305  ResidMax=1.275e-05  DilMax=6.478e-01  dt=4.159e-03
15:48:52.089 [ INFO] step=  7524  t=31.28721  ResidMax=1.273e-05  DilMax=6.478e-01  dt=4.159e-03
15:48:52.128 [ INFO] step=  7525  t=31.29137  ResidMax=1.272e-05  DilMax=6.478e-01  dt=4.159e-03
15:48:52.166 [ INFO] step=  7526  t=31.29553  ResidMax=1.270e-05  DilMax=6.478e-01  dt=4.159e-03
15:48:52.206 [ INFO] step=  7527  t=31.29969  ResidMax=1.269e-05  DilMax=6.478e-01  dt=4.159e-03
15:48:52.244 [ INFO] step=  7528  t=31.30385  ResidMax=1.268e-05  DilMax=6.478e-01  dt=4.159e-03
15:48:52.282 [ INFO] step=  7529  t=31.30800  ResidMax=1.266e-05  DilMax=6.478e-01  dt=4.159e-03
15:48:52.320 [ INFO] step=  7530  t=31.31216  ResidMax=1.265e-05  DilMax=6.478e-01  dt=4.159e-03
15:48:52.357 [ INFO] step=  7531  t=31.31632  ResidMax=1.263e-05  DilMax=6.478e-01  dt=4.159e-03
15:48:52.396 [ INFO] step=  7532  t=31.32048  ResidMax=1.262e-05  DilMax=6.478e-01  dt=4.159e-03
15:48:52.434 [ INFO] step=  7533  t=31.32464  ResidMax=1.260e-05  DilMax=6.478e-01  dt=4.159e-03
15:48:52.472 [ INFO] step=  7534  t=31.32880  ResidMax=1.259e-05  DilMax=6.478e-01  dt=4.159e-03
15:48:52.509 [ INFO] step=  7535  t=31.33296  ResidMax=1.257e-05  DilMax=6.478e-01  dt=4.159e-03
15:48:52.546 [ INFO] step=  7536  t=31.33711  ResidMax=1.256e-05  DilMax=6.478e-01  dt=4.159e-03
15:48:52.583 [ INFO] step=  7537  t=31.34127  ResidMax=1.255e-05  DilMax=6.478e-01  dt=4.159e-03
15:48:52.620 [ INFO] step=  7538  t=31.34543  ResidMax=1.253e-05  DilMax=6.478e-01  dt=4.159e-03
15:48:52.657 [ INFO] step=  7539  t=31.34959  ResidMax=1.252e-05  DilMax=6.478e-01  dt=4.159e-03
15:48:52.698 [ INFO] step=  7540  t=31.35375  ResidMax=1.250e-05  DilMax=6.478e-01  dt=4.159e-03
15:48:52.738 [ INFO] step=  7541  t=31.35791  ResidMax=1.249e-05  DilMax=6.478e-01  dt=4.159e-03
15:48:52.778 [ INFO] step=  7542  t=31.36207  ResidMax=1.247e-05  DilMax=6.478e-01  dt=4.159e-03
15:48:52.817 [ INFO] step=  7543  t=31.36623  ResidMax=1.246e-05  DilMax=6.478e-01  dt=4.159e-03
15:48:52.854 [ INFO] step=  7544  t=31.37038  ResidMax=1.245e-05  DilMax=6.478e-01  dt=4.159e-03
15:48:52.891 [ INFO] step=  7545  t=31.37454  ResidMax=1.243e-05  DilMax=6.478e-01  dt=4.159e-03
15:48:52.929 [ INFO] step=  7546  t=31.37870  ResidMax=1.242e-05  DilMax=6.478e-01  dt=4.159e-03
15:48:52.967 [ INFO] step=  7547  t=31.38286  ResidMax=1.241e-05  DilMax=6.478e-01  dt=4.159e-03
15:48:53.006 [ INFO] step=  7548  t=31.38702  ResidMax=1.239e-05  DilMax=6.478e-01  dt=4.159e-03
15:48:53.043 [ INFO] step=  7549  t=31.39118  ResidMax=1.238e-05  DilMax=6.478e-01  dt=4.159e-03
15:48:53.081 [ INFO] step=  7550  t=31.39534  ResidMax=1.236e-05  DilMax=6.478e-01  dt=4.159e-03
15:48:53.119 [ INFO] step=  7551  t=31.39949  ResidMax=1.235e-05  DilMax=6.478e-01  dt=4.159e-03
15:48:53.206 [ INFO] step=  7552  t=31.40365  ResidMax=1.234e-05  DilMax=6.478e-01  dt=4.159e-03
15:48:53.243 [ INFO] step=  7553  t=31.40781  ResidMax=1.232e-05  DilMax=6.478e-01  dt=4.159e-03
15:48:53.281 [ INFO] step=  7554  t=31.41197  ResidMax=1.231e-05  DilMax=6.478e-01  dt=4.159e-03
15:48:53.319 [ INFO] step=  7555  t=31.41613  ResidMax=1.230e-05  DilMax=6.478e-01  dt=4.159e-03
15:48:53.357 [ INFO] step=  7556  t=31.42029  ResidMax=1.228e-05  DilMax=6.478e-01  dt=4.159e-03
15:48:53.394 [ INFO] step=  7557  t=31.42445  ResidMax=1.227e-05  DilMax=6.478e-01  dt=4.159e-03
15:48:53.430 [ INFO] step=  7558  t=31.42861  ResidMax=1.225e-05  DilMax=6.478e-01  dt=4.159e-03
15:48:53.469 [ INFO] step=  7559  t=31.43276  ResidMax=1.224e-05  DilMax=6.478e-01  dt=4.159e-03
15:48:53.506 [ INFO] step=  7560  t=31.43692  ResidMax=1.223e-05  DilMax=6.478e-01  dt=4.159e-03
15:48:53.544 [ INFO] step=  7561  t=31.44108  ResidMax=1.222e-05  DilMax=6.478e-01  dt=4.159e-03
15:48:53.585 [ INFO] step=  7562  t=31.44524  ResidMax=1.220e-05  DilMax=6.478e-01  dt=4.159e-03
15:48:53.623 [ INFO] step=  7563  t=31.44940  ResidMax=1.219e-05  DilMax=6.478e-01  dt=4.159e-03
15:48:53.663 [ INFO] step=  7564  t=31.45356  ResidMax=1.218e-05  DilMax=6.478e-01  dt=4.159e-03
15:48:53.702 [ INFO] step=  7565  t=31.45772  ResidMax=1.216e-05  DilMax=6.478e-01  dt=4.159e-03
15:48:53.740 [ INFO] step=  7566  t=31.46187  ResidMax=1.215e-05  DilMax=6.478e-01  dt=4.159e-03
15:48:53.779 [ INFO] step=  7567  t=31.46603  ResidMax=1.214e-05  DilMax=6.478e-01  dt=4.159e-03
15:48:53.818 [ INFO] step=  7568  t=31.47019  ResidMax=1.212e-05  DilMax=6.478e-01  dt=4.159e-03
15:48:53.856 [ INFO] step=  7569  t=31.47435  ResidMax=1.211e-05  DilMax=6.478e-01  dt=4.159e-03
15:48:53.894 [ INFO] step=  7570  t=31.47851  ResidMax=1.210e-05  DilMax=6.478e-01  dt=4.159e-03
15:48:53.932 [ INFO] step=  7571  t=31.48267  ResidMax=1.209e-05  DilMax=6.478e-01  dt=4.159e-03
15:48:53.970 [ INFO] step=  7572  t=31.48683  ResidMax=1.207e-05  DilMax=6.478e-01  dt=4.159e-03
15:48:54.007 [ INFO] step=  7573  t=31.49099  ResidMax=1.206e-05  DilMax=6.478e-01  dt=4.159e-03
15:48:54.044 [ INFO] step=  7574  t=31.49514  ResidMax=1.205e-05  DilMax=6.478e-01  dt=4.159e-03
15:48:54.081 [ INFO] step=  7575  t=31.49930  ResidMax=1.203e-05  DilMax=6.478e-01  dt=4.159e-03
15:48:54.119 [ INFO] step=  7576  t=31.50346  ResidMax=1.202e-05  DilMax=6.478e-01  dt=4.159e-03
15:48:54.155 [ INFO] step=  7577  t=31.50762  ResidMax=1.201e-05  DilMax=6.478e-01  dt=4.159e-03
15:48:54.193 [ INFO] step=  7578  t=31.51178  ResidMax=1.200e-05  DilMax=6.478e-01  dt=4.159e-03
15:48:54.230 [ INFO] step=  7579  t=31.51594  ResidMax=1.199e-05  DilMax=6.478e-01  dt=4.159e-03
15:48:54.270 [ INFO] step=  7580  t=31.52010  ResidMax=1.197e-05  DilMax=6.478e-01  dt=4.159e-03
15:48:54.310 [ INFO] step=  7581  t=31.52425  ResidMax=1.196e-05  DilMax=6.478e-01  dt=4.159e-03
15:48:54.349 [ INFO] step=  7582  t=31.52841  ResidMax=1.195e-05  DilMax=6.478e-01  dt=4.159e-03
15:48:54.388 [ INFO] step=  7583  t=31.53257  ResidMax=1.194e-05  DilMax=6.478e-01  dt=4.159e-03
15:48:54.425 [ INFO] step=  7584  t=31.53673  ResidMax=1.192e-05  DilMax=6.478e-01  dt=4.159e-03
15:48:54.463 [ INFO] step=  7585  t=31.54089  ResidMax=1.191e-05  DilMax=6.478e-01  dt=4.159e-03
15:48:54.500 [ INFO] step=  7586  t=31.54505  ResidMax=1.190e-05  DilMax=6.478e-01  dt=4.159e-03
15:48:54.537 [ INFO] step=  7587  t=31.54921  ResidMax=1.189e-05  DilMax=6.478e-01  dt=4.159e-03
15:48:54.575 [ INFO] step=  7588  t=31.55337  ResidMax=1.188e-05  DilMax=6.478e-01  dt=4.159e-03
15:48:54.612 [ INFO] step=  7589  t=31.55752  ResidMax=1.187e-05  DilMax=6.478e-01  dt=4.159e-03
15:48:54.650 [ INFO] step=  7590  t=31.56168  ResidMax=1.186e-05  DilMax=6.478e-01  dt=4.159e-03
15:48:54.687 [ INFO] step=  7591  t=31.56584  ResidMax=1.184e-05  DilMax=6.478e-01  dt=4.159e-03
15:48:54.724 [ INFO] step=  7592  t=31.57000  ResidMax=1.183e-05  DilMax=6.478e-01  dt=4.159e-03
15:48:54.761 [ INFO] step=  7593  t=31.57416  ResidMax=1.182e-05  DilMax=6.478e-01  dt=4.159e-03
15:48:54.799 [ INFO] step=  7594  t=31.57832  ResidMax=1.181e-05  DilMax=6.478e-01  dt=4.159e-03
15:48:54.839 [ INFO] step=  7595  t=31.58248  ResidMax=1.180e-05  DilMax=6.478e-01  dt=4.159e-03
15:48:54.876 [ INFO] step=  7596  t=31.58663  ResidMax=1.179e-05  DilMax=6.478e-01  dt=4.159e-03
15:48:54.914 [ INFO] step=  7597  t=31.59079  ResidMax=1.178e-05  DilMax=6.478e-01  dt=4.159e-03
15:48:54.951 [ INFO] step=  7598  t=31.59495  ResidMax=1.177e-05  DilMax=6.478e-01  dt=4.159e-03
15:48:54.989 [ INFO] step=  7599  t=31.59911  ResidMax=1.176e-05  DilMax=6.478e-01  dt=4.159e-03
15:48:55.026 [ INFO] step=  7600  t=31.60327  ResidMax=1.174e-05  DilMax=6.478e-01  dt=4.159e-03
15:48:55.064 [ INFO] step=  7601  t=31.60743  ResidMax=1.173e-05  DilMax=6.478e-01  dt=4.159e-03
15:48:55.101 [ INFO] step=  7602  t=31.61159  ResidMax=1.172e-05  DilMax=6.478e-01  dt=4.159e-03
15:48:55.139 [ INFO] step=  7603  t=31.61575  ResidMax=1.171e-05  DilMax=6.478e-01  dt=4.159e-03
15:48:55.176 [ INFO] step=  7604  t=31.61990  ResidMax=1.170e-05  DilMax=6.478e-01  dt=4.159e-03
15:48:55.213 [ INFO] step=  7605  t=31.62406  ResidMax=1.169e-05  DilMax=6.478e-01  dt=4.159e-03
15:48:55.251 [ INFO] step=  7606  t=31.62822  ResidMax=1.168e-05  DilMax=6.478e-01  dt=4.159e-03
15:48:55.287 [ INFO] step=  7607  t=31.63238  ResidMax=1.167e-05  DilMax=6.478e-01  dt=4.159e-03
15:48:55.325 [ INFO] step=  7608  t=31.63654  ResidMax=1.166e-05  DilMax=6.478e-01  dt=4.159e-03
15:48:55.362 [ INFO] step=  7609  t=31.64070  ResidMax=1.165e-05  DilMax=6.478e-01  dt=4.159e-03
15:48:55.400 [ INFO] step=  7610  t=31.64486  ResidMax=1.164e-05  DilMax=6.478e-01  dt=4.159e-03
15:48:55.437 [ INFO] step=  7611  t=31.64901  ResidMax=1.163e-05  DilMax=6.478e-01  dt=4.159e-03
15:48:55.475 [ INFO] step=  7612  t=31.65317  ResidMax=1.162e-05  DilMax=6.478e-01  dt=4.159e-03
15:48:55.513 [ INFO] step=  7613  t=31.65733  ResidMax=1.161e-05  DilMax=6.478e-01  dt=4.159e-03
15:48:55.550 [ INFO] step=  7614  t=31.66149  ResidMax=1.160e-05  DilMax=6.478e-01  dt=4.159e-03
15:48:55.587 [ INFO] step=  7615  t=31.66565  ResidMax=1.159e-05  DilMax=6.478e-01  dt=4.159e-03
15:48:55.624 [ INFO] step=  7616  t=31.66981  ResidMax=1.158e-05  DilMax=6.478e-01  dt=4.159e-03
15:48:55.661 [ INFO] step=  7617  t=31.67397  ResidMax=1.157e-05  DilMax=6.478e-01  dt=4.159e-03
15:48:55.697 [ INFO] step=  7618  t=31.67813  ResidMax=1.156e-05  DilMax=6.478e-01  dt=4.159e-03
15:48:55.735 [ INFO] step=  7619  t=31.68228  ResidMax=1.155e-05  DilMax=6.478e-01  dt=4.159e-03
15:48:55.772 [ INFO] step=  7620  t=31.68644  ResidMax=1.154e-05  DilMax=6.478e-01  dt=4.159e-03
15:48:55.809 [ INFO] step=  7621  t=31.69060  ResidMax=1.153e-05  DilMax=6.478e-01  dt=4.159e-03
15:48:55.847 [ INFO] step=  7622  t=31.69476  ResidMax=1.152e-05  DilMax=6.478e-01  dt=4.159e-03
15:48:55.884 [ INFO] step=  7623  t=31.69892  ResidMax=1.151e-05  DilMax=6.478e-01  dt=4.159e-03
15:48:55.921 [ INFO] step=  7624  t=31.70308  ResidMax=1.150e-05  DilMax=6.478e-01  dt=4.159e-03
15:48:55.959 [ INFO] step=  7625  t=31.70724  ResidMax=1.149e-05  DilMax=6.478e-01  dt=4.159e-03
15:48:55.996 [ INFO] step=  7626  t=31.71139  ResidMax=1.148e-05  DilMax=6.478e-01  dt=4.159e-03
15:48:56.034 [ INFO] step=  7627  t=31.71555  ResidMax=1.147e-05  DilMax=6.478e-01  dt=4.159e-03
15:48:56.071 [ INFO] step=  7628  t=31.71971  ResidMax=1.146e-05  DilMax=6.478e-01  dt=4.159e-03
15:48:56.108 [ INFO] step=  7629  t=31.72387  ResidMax=1.145e-05  DilMax=6.478e-01  dt=4.159e-03
15:48:56.146 [ INFO] step=  7630  t=31.72803  ResidMax=1.144e-05  DilMax=6.478e-01  dt=4.159e-03
15:48:56.184 [ INFO] step=  7631  t=31.73219  ResidMax=1.143e-05  DilMax=6.478e-01  dt=4.159e-03
15:48:56.221 [ INFO] step=  7632  t=31.73635  ResidMax=1.142e-05  DilMax=6.478e-01  dt=4.159e-03
15:48:56.257 [ INFO] step=  7633  t=31.74051  ResidMax=1.142e-05  DilMax=6.478e-01  dt=4.159e-03
15:48:56.294 [ INFO] step=  7634  t=31.74466  ResidMax=1.141e-05  DilMax=6.478e-01  dt=4.159e-03
15:48:56.332 [ INFO] step=  7635  t=31.74882  ResidMax=1.140e-05  DilMax=6.478e-01  dt=4.159e-03
15:48:56.370 [ INFO] step=  7636  t=31.75298  ResidMax=1.139e-05  DilMax=6.478e-01  dt=4.159e-03
15:48:56.407 [ INFO] step=  7637  t=31.75714  ResidMax=1.138e-05  DilMax=6.478e-01  dt=4.159e-03
15:48:56.444 [ INFO] step=  7638  t=31.76130  ResidMax=1.137e-05  DilMax=6.478e-01  dt=4.159e-03
15:48:56.482 [ INFO] step=  7639  t=31.76546  ResidMax=1.136e-05  DilMax=6.478e-01  dt=4.159e-03
15:48:56.521 [ INFO] step=  7640  t=31.76962  ResidMax=1.135e-05  DilMax=6.478e-01  dt=4.159e-03
15:48:56.558 [ INFO] step=  7641  t=31.77377  ResidMax=1.134e-05  DilMax=6.478e-01  dt=4.159e-03
15:48:56.596 [ INFO] step=  7642  t=31.77793  ResidMax=1.134e-05  DilMax=6.478e-01  dt=4.159e-03
15:48:56.633 [ INFO] step=  7643  t=31.78209  ResidMax=1.133e-05  DilMax=6.478e-01  dt=4.159e-03
15:48:56.671 [ INFO] step=  7644  t=31.78625  ResidMax=1.132e-05  DilMax=6.478e-01  dt=4.159e-03
15:48:56.749 [ INFO] step=  7645  t=31.79041  ResidMax=1.131e-05  DilMax=6.478e-01  dt=4.159e-03
15:48:56.793 [ INFO] step=  7646  t=31.79457  ResidMax=1.130e-05  DilMax=6.478e-01  dt=4.159e-03
15:48:56.830 [ INFO] step=  7647  t=31.79873  ResidMax=1.130e-05  DilMax=6.478e-01  dt=4.159e-03
15:48:56.867 [ INFO] step=  7648  t=31.80289  ResidMax=1.129e-05  DilMax=6.478e-01  dt=4.159e-03
15:48:56.904 [ INFO] step=  7649  t=31.80704  ResidMax=1.128e-05  DilMax=6.478e-01  dt=4.159e-03
15:48:56.941 [ INFO] step=  7650  t=31.81120  ResidMax=1.127e-05  DilMax=6.478e-01  dt=4.159e-03
15:48:56.978 [ INFO] step=  7651  t=31.81536  ResidMax=1.127e-05  DilMax=6.478e-01  dt=4.159e-03
15:48:57.015 [ INFO] step=  7652  t=31.81952  ResidMax=1.126e-05  DilMax=6.478e-01  dt=4.159e-03
15:48:57.052 [ INFO] step=  7653  t=31.82368  ResidMax=1.125e-05  DilMax=6.478e-01  dt=4.159e-03
15:48:57.090 [ INFO] step=  7654  t=31.82784  ResidMax=1.124e-05  DilMax=6.478e-01  dt=4.159e-03
15:48:57.127 [ INFO] step=  7655  t=31.83200  ResidMax=1.124e-05  DilMax=6.478e-01  dt=4.159e-03
15:48:57.164 [ INFO] step=  7656  t=31.83615  ResidMax=1.123e-05  DilMax=6.478e-01  dt=4.159e-03
15:48:57.201 [ INFO] step=  7657  t=31.84031  ResidMax=1.122e-05  DilMax=6.478e-01  dt=4.159e-03
15:48:57.238 [ INFO] step=  7658  t=31.84447  ResidMax=1.121e-05  DilMax=6.478e-01  dt=4.159e-03
15:48:57.274 [ INFO] step=  7659  t=31.84863  ResidMax=1.121e-05  DilMax=6.478e-01  dt=4.159e-03
15:48:57.311 [ INFO] step=  7660  t=31.85279  ResidMax=1.120e-05  DilMax=6.478e-01  dt=4.159e-03
15:48:57.348 [ INFO] step=  7661  t=31.85695  ResidMax=1.119e-05  DilMax=6.478e-01  dt=4.159e-03
15:48:57.385 [ INFO] step=  7662  t=31.86111  ResidMax=1.119e-05  DilMax=6.478e-01  dt=4.159e-03
15:48:57.422 [ INFO] step=  7663  t=31.86526  ResidMax=1.118e-05  DilMax=6.478e-01  dt=4.159e-03
15:48:57.458 [ INFO] step=  7664  t=31.86942  ResidMax=1.117e-05  DilMax=6.478e-01  dt=4.159e-03
15:48:57.495 [ INFO] step=  7665  t=31.87358  ResidMax=1.117e-05  DilMax=6.478e-01  dt=4.159e-03
15:48:57.532 [ INFO] step=  7666  t=31.87774  ResidMax=1.116e-05  DilMax=6.478e-01  dt=4.159e-03
15:48:57.569 [ INFO] step=  7667  t=31.88190  ResidMax=1.115e-05  DilMax=6.478e-01  dt=4.159e-03
15:48:57.606 [ INFO] step=  7668  t=31.88606  ResidMax=1.115e-05  DilMax=6.478e-01  dt=4.159e-03
15:48:57.643 [ INFO] step=  7669  t=31.89022  ResidMax=1.114e-05  DilMax=6.478e-01  dt=4.159e-03
15:48:57.680 [ INFO] step=  7670  t=31.89438  ResidMax=1.113e-05  DilMax=6.478e-01  dt=4.159e-03
15:48:57.717 [ INFO] step=  7671  t=31.89853  ResidMax=1.113e-05  DilMax=6.478e-01  dt=4.159e-03
15:48:57.753 [ INFO] step=  7672  t=31.90269  ResidMax=1.112e-05  DilMax=6.478e-01  dt=4.159e-03
15:48:57.790 [ INFO] step=  7673  t=31.90685  ResidMax=1.111e-05  DilMax=6.478e-01  dt=4.159e-03
15:48:57.828 [ INFO] step=  7674  t=31.91101  ResidMax=1.111e-05  DilMax=6.478e-01  dt=4.159e-03
15:48:57.865 [ INFO] step=  7675  t=31.91517  ResidMax=1.110e-05  DilMax=6.478e-01  dt=4.159e-03
15:48:57.902 [ INFO] step=  7676  t=31.91933  ResidMax=1.110e-05  DilMax=6.478e-01  dt=4.159e-03
15:48:57.939 [ INFO] step=  7677  t=31.92349  ResidMax=1.109e-05  DilMax=6.478e-01  dt=4.159e-03
15:48:57.977 [ INFO] step=  7678  t=31.92764  ResidMax=1.109e-05  DilMax=6.478e-01  dt=4.159e-03
15:48:58.014 [ INFO] step=  7679  t=31.93180  ResidMax=1.108e-05  DilMax=6.478e-01  dt=4.159e-03
15:48:58.051 [ INFO] step=  7680  t=31.93596  ResidMax=1.107e-05  DilMax=6.478e-01  dt=4.159e-03
15:48:58.087 [ INFO] step=  7681  t=31.94012  ResidMax=1.107e-05  DilMax=6.478e-01  dt=4.159e-03
15:48:58.124 [ INFO] step=  7682  t=31.94428  ResidMax=1.106e-05  DilMax=6.478e-01  dt=4.159e-03
15:48:58.162 [ INFO] step=  7683  t=31.94844  ResidMax=1.106e-05  DilMax=6.478e-01  dt=4.159e-03
15:48:58.200 [ INFO] step=  7684  t=31.95260  ResidMax=1.105e-05  DilMax=6.478e-01  dt=4.159e-03
15:48:58.237 [ INFO] step=  7685  t=31.95676  ResidMax=1.105e-05  DilMax=6.478e-01  dt=4.159e-03
15:48:58.274 [ INFO] step=  7686  t=31.96091  ResidMax=1.104e-05  DilMax=6.478e-01  dt=4.159e-03
15:48:58.311 [ INFO] step=  7687  t=31.96507  ResidMax=1.104e-05  DilMax=6.478e-01  dt=4.159e-03
15:48:58.348 [ INFO] step=  7688  t=31.96923  ResidMax=1.103e-05  DilMax=6.478e-01  dt=4.159e-03
15:48:58.386 [ INFO] step=  7689  t=31.97339  ResidMax=1.103e-05  DilMax=6.478e-01  dt=4.159e-03
15:48:58.424 [ INFO] step=  7690  t=31.97755  ResidMax=1.102e-05  DilMax=6.478e-01  dt=4.159e-03
15:48:58.461 [ INFO] step=  7691  t=31.98171  ResidMax=1.102e-05  DilMax=6.478e-01  dt=4.159e-03
15:48:58.497 [ INFO] step=  7692  t=31.98587  ResidMax=1.101e-05  DilMax=6.478e-01  dt=4.159e-03
15:48:58.535 [ INFO] step=  7693  t=31.99002  ResidMax=1.101e-05  DilMax=6.478e-01  dt=4.159e-03
15:48:58.572 [ INFO] step=  7694  t=31.99418  ResidMax=1.100e-05  DilMax=6.478e-01  dt=4.159e-03
15:48:58.610 [ INFO] step=  7695  t=31.99834  ResidMax=1.100e-05  DilMax=6.478e-01  dt=4.159e-03
15:48:58.647 [ INFO] step=  7696  t=32.00250  ResidMax=1.100e-05  DilMax=6.478e-01  dt=4.159e-03
15:48:58.685 [ INFO] step=  7697  t=32.00666  ResidMax=1.099e-05  DilMax=6.478e-01  dt=4.159e-03
15:48:58.722 [ INFO] step=  7698  t=32.01082  ResidMax=1.099e-05  DilMax=6.478e-01  dt=4.159e-03
15:48:58.759 [ INFO] step=  7699  t=32.01498  ResidMax=1.098e-05  DilMax=6.478e-01  dt=4.159e-03
15:48:58.797 [ INFO] step=  7700  t=32.01914  ResidMax=1.098e-05  DilMax=6.478e-01  dt=4.159e-03
15:48:58.834 [ INFO] step=  7701  t=32.02329  ResidMax=1.097e-05  DilMax=6.478e-01  dt=4.159e-03
15:48:58.872 [ INFO] step=  7702  t=32.02745  ResidMax=1.097e-05  DilMax=6.478e-01  dt=4.159e-03
15:48:58.909 [ INFO] step=  7703  t=32.03161  ResidMax=1.097e-05  DilMax=6.478e-01  dt=4.159e-03
15:48:58.946 [ INFO] step=  7704  t=32.03577  ResidMax=1.096e-05  DilMax=6.478e-01  dt=4.159e-03
15:48:58.984 [ INFO] step=  7705  t=32.03993  ResidMax=1.096e-05  DilMax=6.478e-01  dt=4.159e-03
15:48:59.021 [ INFO] step=  7706  t=32.04409  ResidMax=1.096e-05  DilMax=6.478e-01  dt=4.159e-03
15:48:59.058 [ INFO] step=  7707  t=32.04825  ResidMax=1.095e-05  DilMax=6.478e-01  dt=4.159e-03
15:48:59.096 [ INFO] step=  7708  t=32.05240  ResidMax=1.095e-05  DilMax=6.478e-01  dt=4.159e-03
15:48:59.133 [ INFO] step=  7709  t=32.05656  ResidMax=1.095e-05  DilMax=6.478e-01  dt=4.159e-03
15:48:59.215 [ INFO] step=  7710  t=32.06072  ResidMax=1.094e-05  DilMax=6.478e-01  dt=4.159e-03
15:48:59.252 [ INFO] step=  7711  t=32.06488  ResidMax=1.094e-05  DilMax=6.478e-01  dt=4.159e-03
15:48:59.289 [ INFO] step=  7712  t=32.06904  ResidMax=1.094e-05  DilMax=6.478e-01  dt=4.159e-03
15:48:59.327 [ INFO] step=  7713  t=32.07320  ResidMax=1.093e-05  DilMax=6.478e-01  dt=4.159e-03
15:48:59.364 [ INFO] step=  7714  t=32.07736  ResidMax=1.093e-05  DilMax=6.478e-01  dt=4.159e-03
15:48:59.401 [ INFO] step=  7715  t=32.08152  ResidMax=1.093e-05  DilMax=6.478e-01  dt=4.159e-03
15:48:59.437 [ INFO] step=  7716  t=32.08567  ResidMax=1.092e-05  DilMax=6.478e-01  dt=4.159e-03
15:48:59.474 [ INFO] step=  7717  t=32.08983  ResidMax=1.092e-05  DilMax=6.478e-01  dt=4.159e-03
15:48:59.511 [ INFO] step=  7718  t=32.09399  ResidMax=1.092e-05  DilMax=6.478e-01  dt=4.159e-03
15:48:59.548 [ INFO] step=  7719  t=32.09815  ResidMax=1.092e-05  DilMax=6.478e-01  dt=4.159e-03
15:48:59.586 [ INFO] step=  7720  t=32.10231  ResidMax=1.091e-05  DilMax=6.478e-01  dt=4.159e-03
15:48:59.624 [ INFO] step=  7721  t=32.10647  ResidMax=1.091e-05  DilMax=6.478e-01  dt=4.159e-03
15:48:59.661 [ INFO] step=  7722  t=32.11063  ResidMax=1.091e-05  DilMax=6.478e-01  dt=4.159e-03
15:48:59.698 [ INFO] step=  7723  t=32.11478  ResidMax=1.091e-05  DilMax=6.478e-01  dt=4.159e-03
15:48:59.735 [ INFO] step=  7724  t=32.11894  ResidMax=1.091e-05  DilMax=6.478e-01  dt=4.159e-03
15:48:59.772 [ INFO] step=  7725  t=32.12310  ResidMax=1.090e-05  DilMax=6.478e-01  dt=4.159e-03
15:48:59.808 [ INFO] step=  7726  t=32.12726  ResidMax=1.090e-05  DilMax=6.478e-01  dt=4.159e-03
15:48:59.846 [ INFO] step=  7727  t=32.13142  ResidMax=1.090e-05  DilMax=6.478e-01  dt=4.159e-03
15:48:59.882 [ INFO] step=  7728  t=32.13558  ResidMax=1.090e-05  DilMax=6.478e-01  dt=4.159e-03
15:48:59.920 [ INFO] step=  7729  t=32.13974  ResidMax=1.090e-05  DilMax=6.478e-01  dt=4.159e-03
15:48:59.957 [ INFO] step=  7730  t=32.14390  ResidMax=1.089e-05  DilMax=6.478e-01  dt=4.159e-03
15:48:59.995 [ INFO] step=  7731  t=32.14805  ResidMax=1.089e-05  DilMax=6.478e-01  dt=4.159e-03
15:49:00.033 [ INFO] step=  7732  t=32.15221  ResidMax=1.089e-05  DilMax=6.478e-01  dt=4.159e-03
15:49:00.071 [ INFO] step=  7733  t=32.15637  ResidMax=1.089e-05  DilMax=6.478e-01  dt=4.159e-03
15:49:00.108 [ INFO] step=  7734  t=32.16053  ResidMax=1.089e-05  DilMax=6.478e-01  dt=4.159e-03
15:49:00.146 [ INFO] step=  7735  t=32.16469  ResidMax=1.089e-05  DilMax=6.478e-01  dt=4.159e-03
15:49:00.183 [ INFO] step=  7736  t=32.16885  ResidMax=1.089e-05  DilMax=6.478e-01  dt=4.159e-03
15:49:00.221 [ INFO] step=  7737  t=32.17301  ResidMax=1.088e-05  DilMax=6.478e-01  dt=4.159e-03
15:49:00.258 [ INFO] step=  7738  t=32.17716  ResidMax=1.088e-05  DilMax=6.478e-01  dt=4.159e-03
15:49:00.295 [ INFO] step=  7739  t=32.18132  ResidMax=1.088e-05  DilMax=6.478e-01  dt=4.159e-03
15:49:00.333 [ INFO] step=  7740  t=32.18548  ResidMax=1.088e-05  DilMax=6.478e-01  dt=4.159e-03
15:49:00.370 [ INFO] step=  7741  t=32.18964  ResidMax=1.088e-05  DilMax=6.478e-01  dt=4.159e-03
15:49:00.408 [ INFO] step=  7742  t=32.19380  ResidMax=1.088e-05  DilMax=6.478e-01  dt=4.159e-03
15:49:00.446 [ INFO] step=  7743  t=32.19796  ResidMax=1.088e-05  DilMax=6.478e-01  dt=4.159e-03
15:49:00.483 [ INFO] step=  7744  t=32.20212  ResidMax=1.088e-05  DilMax=6.478e-01  dt=4.159e-03
15:49:00.521 [ INFO] step=  7745  t=32.20628  ResidMax=1.088e-05  DilMax=6.478e-01  dt=4.159e-03
15:49:00.558 [ INFO] step=  7746  t=32.21043  ResidMax=1.088e-05  DilMax=6.478e-01  dt=4.159e-03
15:49:00.599 [ INFO] step=  7747  t=32.21459  ResidMax=1.088e-05  DilMax=6.478e-01  dt=4.159e-03
15:49:00.636 [ INFO] step=  7748  t=32.21875  ResidMax=1.088e-05  DilMax=6.478e-01  dt=4.159e-03
15:49:00.673 [ INFO] step=  7749  t=32.22291  ResidMax=1.088e-05  DilMax=6.478e-01  dt=4.159e-03
15:49:00.711 [ INFO] step=  7750  t=32.22707  ResidMax=1.087e-05  DilMax=6.478e-01  dt=4.159e-03
15:49:00.750 [ INFO] step=  7751  t=32.23123  ResidMax=1.087e-05  DilMax=6.478e-01  dt=4.159e-03
15:49:00.788 [ INFO] step=  7752  t=32.23539  ResidMax=1.087e-05  DilMax=6.478e-01  dt=4.159e-03
15:49:00.826 [ INFO] step=  7753  t=32.23954  ResidMax=1.087e-05  DilMax=6.478e-01  dt=4.159e-03
15:49:00.864 [ INFO] step=  7754  t=32.24370  ResidMax=1.086e-05  DilMax=6.478e-01  dt=4.159e-03
15:49:00.901 [ INFO] step=  7755  t=32.24786  ResidMax=1.086e-05  DilMax=6.478e-01  dt=4.159e-03
15:49:00.938 [ INFO] step=  7756  t=32.25202  ResidMax=1.086e-05  DilMax=6.478e-01  dt=4.159e-03
15:49:00.974 [ INFO] step=  7757  t=32.25618  ResidMax=1.085e-05  DilMax=6.478e-01  dt=4.159e-03
15:49:01.011 [ INFO] step=  7758  t=32.26034  ResidMax=1.085e-05  DilMax=6.478e-01  dt=4.159e-03
15:49:01.047 [ INFO] step=  7759  t=32.26450  ResidMax=1.085e-05  DilMax=6.478e-01  dt=4.159e-03
15:49:01.086 [ INFO] step=  7760  t=32.26866  ResidMax=1.084e-05  DilMax=6.478e-01  dt=4.159e-03
15:49:01.124 [ INFO] step=  7761  t=32.27281  ResidMax=1.084e-05  DilMax=6.478e-01  dt=4.159e-03
15:49:01.162 [ INFO] step=  7762  t=32.27697  ResidMax=1.083e-05  DilMax=6.478e-01  dt=4.159e-03
15:49:01.201 [ INFO] step=  7763  t=32.28113  ResidMax=1.083e-05  DilMax=6.478e-01  dt=4.159e-03
15:49:01.239 [ INFO] step=  7764  t=32.28529  ResidMax=1.082e-05  DilMax=6.478e-01  dt=4.159e-03
15:49:01.276 [ INFO] step=  7765  t=32.28945  ResidMax=1.082e-05  DilMax=6.478e-01  dt=4.159e-03
15:49:01.315 [ INFO] step=  7766  t=32.29361  ResidMax=1.081e-05  DilMax=6.478e-01  dt=4.159e-03
15:49:01.352 [ INFO] step=  7767  t=32.29777  ResidMax=1.081e-05  DilMax=6.478e-01  dt=4.159e-03
15:49:01.390 [ INFO] step=  7768  t=32.30192  ResidMax=1.080e-05  DilMax=6.478e-01  dt=4.159e-03
15:49:01.427 [ INFO] step=  7769  t=32.30608  ResidMax=1.079e-05  DilMax=6.478e-01  dt=4.159e-03
15:49:01.465 [ INFO] step=  7770  t=32.31024  ResidMax=1.079e-05  DilMax=6.478e-01  dt=4.159e-03
15:49:01.502 [ INFO] step=  7771  t=32.31440  ResidMax=1.078e-05  DilMax=6.478e-01  dt=4.159e-03
15:49:01.540 [ INFO] step=  7772  t=32.31856  ResidMax=1.077e-05  DilMax=6.478e-01  dt=4.159e-03
15:49:01.577 [ INFO] step=  7773  t=32.32272  ResidMax=1.077e-05  DilMax=6.478e-01  dt=4.159e-03
15:49:01.613 [ INFO] step=  7774  t=32.32688  ResidMax=1.076e-05  DilMax=6.478e-01  dt=4.159e-03
15:49:01.650 [ INFO] step=  7775  t=32.33104  ResidMax=1.075e-05  DilMax=6.478e-01  dt=4.159e-03
15:49:01.688 [ INFO] step=  7776  t=32.33519  ResidMax=1.074e-05  DilMax=6.478e-01  dt=4.159e-03
15:49:01.725 [ INFO] step=  7777  t=32.33935  ResidMax=1.073e-05  DilMax=6.478e-01  dt=4.159e-03
15:49:01.763 [ INFO] step=  7778  t=32.34351  ResidMax=1.073e-05  DilMax=6.478e-01  dt=4.159e-03
15:49:01.801 [ INFO] step=  7779  t=32.34767  ResidMax=1.072e-05  DilMax=6.478e-01  dt=4.159e-03
15:49:01.839 [ INFO] step=  7780  t=32.35183  ResidMax=1.071e-05  DilMax=6.478e-01  dt=4.159e-03
15:49:01.875 [ INFO] step=  7781  t=32.35599  ResidMax=1.070e-05  DilMax=6.478e-01  dt=4.159e-03
15:49:01.913 [ INFO] step=  7782  t=32.36015  ResidMax=1.069e-05  DilMax=6.478e-01  dt=4.159e-03
15:49:01.950 [ INFO] step=  7783  t=32.36430  ResidMax=1.068e-05  DilMax=6.478e-01  dt=4.159e-03
15:49:01.988 [ INFO] step=  7784  t=32.36846  ResidMax=1.067e-05  DilMax=6.478e-01  dt=4.159e-03
15:49:02.031 [ INFO] step=  7785  t=32.37262  ResidMax=1.066e-05  DilMax=6.478e-01  dt=4.159e-03
15:49:02.069 [ INFO] step=  7786  t=32.37678  ResidMax=1.065e-05  DilMax=6.478e-01  dt=4.159e-03
15:49:02.107 [ INFO] step=  7787  t=32.38094  ResidMax=1.064e-05  DilMax=6.478e-01  dt=4.159e-03
15:49:02.147 [ INFO] step=  7788  t=32.38510  ResidMax=1.063e-05  DilMax=6.478e-01  dt=4.159e-03
15:49:02.187 [ INFO] step=  7789  t=32.38926  ResidMax=1.062e-05  DilMax=6.478e-01  dt=4.159e-03
15:49:02.226 [ INFO] step=  7790  t=32.39341  ResidMax=1.061e-05  DilMax=6.478e-01  dt=4.159e-03
15:49:02.268 [ INFO] step=  7791  t=32.39757  ResidMax=1.060e-05  DilMax=6.478e-01  dt=4.159e-03
15:49:02.309 [ INFO] step=  7792  t=32.40173  ResidMax=1.058e-05  DilMax=6.478e-01  dt=4.159e-03
15:49:02.349 [ INFO] step=  7793  t=32.40589  ResidMax=1.057e-05  DilMax=6.478e-01  dt=4.159e-03
15:49:02.388 [ INFO] step=  7794  t=32.41005  ResidMax=1.056e-05  DilMax=6.478e-01  dt=4.159e-03
15:49:02.429 [ INFO] step=  7795  t=32.41421  ResidMax=1.055e-05  DilMax=6.478e-01  dt=4.159e-03
15:49:02.470 [ INFO] step=  7796  t=32.41837  ResidMax=1.054e-05  DilMax=6.478e-01  dt=4.159e-03
15:49:02.509 [ INFO] step=  7797  t=32.42253  ResidMax=1.052e-05  DilMax=6.478e-01  dt=4.159e-03
15:49:02.550 [ INFO] step=  7798  t=32.42668  ResidMax=1.051e-05  DilMax=6.478e-01  dt=4.159e-03
15:49:02.590 [ INFO] step=  7799  t=32.43084  ResidMax=1.050e-05  DilMax=6.478e-01  dt=4.159e-03
15:49:02.631 [ INFO] step=  7800  t=32.43500  ResidMax=1.048e-05  DilMax=6.478e-01  dt=4.159e-03
15:49:02.673 [ INFO] step=  7801  t=32.43916  ResidMax=1.047e-05  DilMax=6.478e-01  dt=4.159e-03
15:49:02.712 [ INFO] step=  7802  t=32.44332  ResidMax=1.046e-05  DilMax=6.478e-01  dt=4.159e-03
15:49:02.752 [ INFO] step=  7803  t=32.44748  ResidMax=1.044e-05  DilMax=6.478e-01  dt=4.159e-03
15:49:02.791 [ INFO] step=  7804  t=32.45164  ResidMax=1.043e-05  DilMax=6.478e-01  dt=4.159e-03
15:49:02.830 [ INFO] step=  7805  t=32.45579  ResidMax=1.042e-05  DilMax=6.478e-01  dt=4.159e-03
15:49:02.867 [ INFO] step=  7806  t=32.45995  ResidMax=1.040e-05  DilMax=6.478e-01  dt=4.159e-03
15:49:02.904 [ INFO] step=  7807  t=32.46411  ResidMax=1.039e-05  DilMax=6.478e-01  dt=4.159e-03
15:49:02.943 [ INFO] step=  7808  t=32.46827  ResidMax=1.037e-05  DilMax=6.478e-01  dt=4.159e-03
15:49:02.982 [ INFO] step=  7809  t=32.47243  ResidMax=1.036e-05  DilMax=6.478e-01  dt=4.159e-03
15:49:03.021 [ INFO] step=  7810  t=32.47659  ResidMax=1.034e-05  DilMax=6.478e-01  dt=4.159e-03
15:49:03.061 [ INFO] step=  7811  t=32.48075  ResidMax=1.033e-05  DilMax=6.478e-01  dt=4.159e-03
15:49:03.100 [ INFO] step=  7812  t=32.48491  ResidMax=1.031e-05  DilMax=6.478e-01  dt=4.159e-03
15:49:03.138 [ INFO] step=  7813  t=32.48906  ResidMax=1.029e-05  DilMax=6.478e-01  dt=4.159e-03
15:49:03.176 [ INFO] step=  7814  t=32.49322  ResidMax=1.028e-05  DilMax=6.478e-01  dt=4.159e-03
15:49:03.253 [ INFO] step=  7815  t=32.49738  ResidMax=1.026e-05  DilMax=6.478e-01  dt=4.159e-03
15:49:03.292 [ INFO] step=  7816  t=32.50154  ResidMax=1.025e-05  DilMax=6.478e-01  dt=4.159e-03
15:49:03.330 [ INFO] step=  7817  t=32.50570  ResidMax=1.023e-05  DilMax=6.478e-01  dt=4.159e-03
15:49:03.368 [ INFO] step=  7818  t=32.50986  ResidMax=1.022e-05  DilMax=6.478e-01  dt=4.159e-03
15:49:03.406 [ INFO] step=  7819  t=32.51402  ResidMax=1.020e-05  DilMax=6.478e-01  dt=4.159e-03
15:49:03.443 [ INFO] step=  7820  t=32.51817  ResidMax=1.018e-05  DilMax=6.478e-01  dt=4.159e-03
15:49:03.482 [ INFO] step=  7821  t=32.52233  ResidMax=1.017e-05  DilMax=6.478e-01  dt=4.159e-03
15:49:03.520 [ INFO] step=  7822  t=32.52649  ResidMax=1.015e-05  DilMax=6.478e-01  dt=4.159e-03
15:49:03.557 [ INFO] step=  7823  t=32.53065  ResidMax=1.013e-05  DilMax=6.478e-01  dt=4.159e-03
15:49:03.596 [ INFO] step=  7824  t=32.53481  ResidMax=1.012e-05  DilMax=6.478e-01  dt=4.159e-03
15:49:03.635 [ INFO] step=  7825  t=32.53897  ResidMax=1.010e-05  DilMax=6.478e-01  dt=4.159e-03
15:49:03.674 [ INFO] step=  7826  t=32.54313  ResidMax=1.008e-05  DilMax=6.478e-01  dt=4.159e-03
15:49:03.713 [ INFO] step=  7827  t=32.54729  ResidMax=1.006e-05  DilMax=6.478e-01  dt=4.159e-03
15:49:03.752 [ INFO] step=  7828  t=32.55144  ResidMax=1.005e-05  DilMax=6.478e-01  dt=4.159e-03
15:49:03.790 [ INFO] step=  7829  t=32.55560  ResidMax=1.003e-05  DilMax=6.478e-01  dt=4.159e-03
15:49:03.828 [ INFO] step=  7830  t=32.55976  ResidMax=1.001e-05  DilMax=6.478e-01  dt=4.159e-03
15:49:03.865 [ INFO] step=  7831  t=32.56392  ResidMax=9.993e-06  DilMax=6.478e-01  dt=4.159e-03
15:49:03.902 [ INFO] step=  7832  t=32.56808  ResidMax=9.974e-06  DilMax=6.478e-01  dt=4.159e-03
15:49:03.940 [ INFO] step=  7833  t=32.57224  ResidMax=9.956e-06  DilMax=6.478e-01  dt=4.159e-03
15:49:03.979 [ INFO] step=  7834  t=32.57640  ResidMax=9.937e-06  DilMax=6.478e-01  dt=4.159e-03
15:49:04.025 [ INFO] step=  7835  t=32.58055  ResidMax=9.918e-06  DilMax=6.478e-01  dt=4.159e-03
15:49:04.062 [ INFO] step=  7836  t=32.58471  ResidMax=9.898e-06  DilMax=6.478e-01  dt=4.159e-03
15:49:04.100 [ INFO] step=  7837  t=32.58887  ResidMax=9.879e-06  DilMax=6.478e-01  dt=4.159e-03
15:49:04.139 [ INFO] step=  7838  t=32.59303  ResidMax=9.860e-06  DilMax=6.478e-01  dt=4.159e-03
15:49:04.176 [ INFO] step=  7839  t=32.59719  ResidMax=9.840e-06  DilMax=6.478e-01  dt=4.159e-03
15:49:04.213 [ INFO] step=  7840  t=32.60135  ResidMax=9.820e-06  DilMax=6.478e-01  dt=4.159e-03
15:49:04.250 [ INFO] step=  7841  t=32.60551  ResidMax=9.800e-06  DilMax=6.478e-01  dt=4.159e-03
15:49:04.287 [ INFO] step=  7842  t=32.60967  ResidMax=9.780e-06  DilMax=6.478e-01  dt=4.159e-03
15:49:04.324 [ INFO] step=  7843  t=32.61382  ResidMax=9.759e-06  DilMax=6.478e-01  dt=4.159e-03
15:49:04.362 [ INFO] step=  7844  t=32.61798  ResidMax=9.739e-06  DilMax=6.478e-01  dt=4.159e-03
15:49:04.399 [ INFO] step=  7845  t=32.62214  ResidMax=9.718e-06  DilMax=6.478e-01  dt=4.159e-03
15:49:04.437 [ INFO] step=  7846  t=32.62630  ResidMax=9.697e-06  DilMax=6.478e-01  dt=4.159e-03
15:49:04.475 [ INFO] step=  7847  t=32.63046  ResidMax=9.676e-06  DilMax=6.478e-01  dt=4.159e-03
15:49:04.512 [ INFO] step=  7848  t=32.63462  ResidMax=9.656e-06  DilMax=6.478e-01  dt=4.159e-03
15:49:04.549 [ INFO] step=  7849  t=32.63878  ResidMax=9.636e-06  DilMax=6.478e-01  dt=4.159e-03
15:49:04.586 [ INFO] step=  7850  t=32.64293  ResidMax=9.616e-06  DilMax=6.478e-01  dt=4.159e-03
15:49:04.623 [ INFO] step=  7851  t=32.64709  ResidMax=9.595e-06  DilMax=6.478e-01  dt=4.159e-03
15:49:04.660 [ INFO] step=  7852  t=32.65125  ResidMax=9.574e-06  DilMax=6.478e-01  dt=4.159e-03
15:49:04.698 [ INFO] step=  7853  t=32.65541  ResidMax=9.554e-06  DilMax=6.478e-01  dt=4.159e-03
15:49:04.734 [ INFO] step=  7854  t=32.65957  ResidMax=9.533e-06  DilMax=6.478e-01  dt=4.159e-03
15:49:04.772 [ INFO] step=  7855  t=32.66373  ResidMax=9.511e-06  DilMax=6.478e-01  dt=4.159e-03
15:49:04.809 [ INFO] step=  7856  t=32.66789  ResidMax=9.490e-06  DilMax=6.478e-01  dt=4.159e-03
15:49:04.848 [ INFO] step=  7857  t=32.67205  ResidMax=9.469e-06  DilMax=6.478e-01  dt=4.159e-03
15:49:04.885 [ INFO] step=  7858  t=32.67620  ResidMax=9.447e-06  DilMax=6.478e-01  dt=4.159e-03
15:49:04.924 [ INFO] step=  7859  t=32.68036  ResidMax=9.425e-06  DilMax=6.478e-01  dt=4.159e-03
15:49:04.961 [ INFO] step=  7860  t=32.68452  ResidMax=9.403e-06  DilMax=6.478e-01  dt=4.159e-03
15:49:04.998 [ INFO] step=  7861  t=32.68868  ResidMax=9.381e-06  DilMax=6.478e-01  dt=4.159e-03
15:49:05.036 [ INFO] step=  7862  t=32.69284  ResidMax=9.359e-06  DilMax=6.478e-01  dt=4.159e-03
15:49:05.074 [ INFO] step=  7863  t=32.69700  ResidMax=9.336e-06  DilMax=6.478e-01  dt=4.159e-03
15:49:05.111 [ INFO] step=  7864  t=32.70116  ResidMax=9.314e-06  DilMax=6.478e-01  dt=4.159e-03
15:49:05.148 [ INFO] step=  7865  t=32.70531  ResidMax=9.291e-06  DilMax=6.478e-01  dt=4.159e-03
15:49:05.186 [ INFO] step=  7866  t=32.70947  ResidMax=9.268e-06  DilMax=6.478e-01  dt=4.159e-03
15:49:05.225 [ INFO] step=  7867  t=32.71363  ResidMax=9.245e-06  DilMax=6.478e-01  dt=4.159e-03
15:49:05.264 [ INFO] step=  7868  t=32.71779  ResidMax=9.223e-06  DilMax=6.478e-01  dt=4.159e-03
15:49:05.301 [ INFO] step=  7869  t=32.72195  ResidMax=9.201e-06  DilMax=6.478e-01  dt=4.159e-03
15:49:05.338 [ INFO] step=  7870  t=32.72611  ResidMax=9.179e-06  DilMax=6.478e-01  dt=4.159e-03
15:49:05.376 [ INFO] step=  7871  t=32.73027  ResidMax=9.157e-06  DilMax=6.478e-01  dt=4.159e-03
15:49:05.413 [ INFO] step=  7872  t=32.73443  ResidMax=9.135e-06  DilMax=6.478e-01  dt=4.159e-03
15:49:05.452 [ INFO] step=  7873  t=32.73858  ResidMax=9.113e-06  DilMax=6.478e-01  dt=4.159e-03
15:49:05.490 [ INFO] step=  7874  t=32.74274  ResidMax=9.090e-06  DilMax=6.478e-01  dt=4.159e-03
15:49:05.527 [ INFO] step=  7875  t=32.74690  ResidMax=9.068e-06  DilMax=6.478e-01  dt=4.159e-03
15:49:05.564 [ INFO] step=  7876  t=32.75106  ResidMax=9.045e-06  DilMax=6.478e-01  dt=4.159e-03
15:49:05.601 [ INFO] step=  7877  t=32.75522  ResidMax=9.022e-06  DilMax=6.478e-01  dt=4.159e-03
15:49:05.639 [ INFO] step=  7878  t=32.75938  ResidMax=8.999e-06  DilMax=6.478e-01  dt=4.159e-03
15:49:05.676 [ INFO] step=  7879  t=32.76354  ResidMax=8.975e-06  DilMax=6.478e-01  dt=4.159e-03
15:49:05.714 [ INFO] step=  7880  t=32.76769  ResidMax=8.952e-06  DilMax=6.478e-01  dt=4.159e-03
15:49:05.753 [ INFO] step=  7881  t=32.77185  ResidMax=8.929e-06  DilMax=6.478e-01  dt=4.159e-03
15:49:05.793 [ INFO] step=  7882  t=32.77601  ResidMax=8.905e-06  DilMax=6.478e-01  dt=4.159e-03
15:49:05.834 [ INFO] step=  7883  t=32.78017  ResidMax=8.881e-06  DilMax=6.478e-01  dt=4.159e-03
15:49:05.871 [ INFO] step=  7884  t=32.78433  ResidMax=8.858e-06  DilMax=6.478e-01  dt=4.159e-03
15:49:05.909 [ INFO] step=  7885  t=32.78849  ResidMax=8.835e-06  DilMax=6.478e-01  dt=4.159e-03
15:49:05.947 [ INFO] step=  7886  t=32.79265  ResidMax=8.813e-06  DilMax=6.478e-01  dt=4.159e-03
15:49:05.985 [ INFO] step=  7887  t=32.79681  ResidMax=8.791e-06  DilMax=6.478e-01  dt=4.159e-03
15:49:06.023 [ INFO] step=  7888  t=32.80096  ResidMax=8.768e-06  DilMax=6.478e-01  dt=4.159e-03
15:49:06.060 [ INFO] step=  7889  t=32.80512  ResidMax=8.745e-06  DilMax=6.478e-01  dt=4.159e-03
15:49:06.097 [ INFO] step=  7890  t=32.80928  ResidMax=8.722e-06  DilMax=6.478e-01  dt=4.159e-03
15:49:06.135 [ INFO] step=  7891  t=32.81344  ResidMax=8.699e-06  DilMax=6.478e-01  dt=4.159e-03
15:49:06.173 [ INFO] step=  7892  t=32.81760  ResidMax=8.676e-06  DilMax=6.478e-01  dt=4.159e-03
15:49:06.210 [ INFO] step=  7893  t=32.82176  ResidMax=8.653e-06  DilMax=6.478e-01  dt=4.159e-03
15:49:06.247 [ INFO] step=  7894  t=32.82592  ResidMax=8.629e-06  DilMax=6.478e-01  dt=4.159e-03
15:49:06.284 [ INFO] step=  7895  t=32.83007  ResidMax=8.606e-06  DilMax=6.478e-01  dt=4.159e-03
15:49:06.321 [ INFO] step=  7896  t=32.83423  ResidMax=8.582e-06  DilMax=6.478e-01  dt=4.159e-03
15:49:06.358 [ INFO] step=  7897  t=32.83839  ResidMax=8.558e-06  DilMax=6.478e-01  dt=4.159e-03
15:49:06.395 [ INFO] step=  7898  t=32.84255  ResidMax=8.534e-06  DilMax=6.478e-01  dt=4.159e-03
15:49:06.432 [ INFO] step=  7899  t=32.84671  ResidMax=8.510e-06  DilMax=6.478e-01  dt=4.159e-03
15:49:06.469 [ INFO] step=  7900  t=32.85087  ResidMax=8.488e-06  DilMax=6.478e-01  dt=4.159e-03
15:49:06.506 [ INFO] step=  7901  t=32.85503  ResidMax=8.466e-06  DilMax=6.478e-01  dt=4.159e-03
15:49:06.544 [ INFO] step=  7902  t=32.85919  ResidMax=8.444e-06  DilMax=6.478e-01  dt=4.159e-03
15:49:06.581 [ INFO] step=  7903  t=32.86334  ResidMax=8.421e-06  DilMax=6.478e-01  dt=4.159e-03
15:49:06.618 [ INFO] step=  7904  t=32.86750  ResidMax=8.399e-06  DilMax=6.478e-01  dt=4.159e-03
15:49:06.655 [ INFO] step=  7905  t=32.87166  ResidMax=8.376e-06  DilMax=6.478e-01  dt=4.159e-03
15:49:06.692 [ INFO] step=  7906  t=32.87582  ResidMax=8.353e-06  DilMax=6.478e-01  dt=4.159e-03
15:49:06.729 [ INFO] step=  7907  t=32.87998  ResidMax=8.330e-06  DilMax=6.478e-01  dt=4.159e-03
15:49:06.768 [ INFO] step=  7908  t=32.88414  ResidMax=8.307e-06  DilMax=6.478e-01  dt=4.159e-03
15:49:06.805 [ INFO] step=  7909  t=32.88830  ResidMax=8.284e-06  DilMax=6.478e-01  dt=4.159e-03
15:49:06.842 [ INFO] step=  7910  t=32.89245  ResidMax=8.260e-06  DilMax=6.478e-01  dt=4.159e-03
15:49:06.880 [ INFO] step=  7911  t=32.89661  ResidMax=8.237e-06  DilMax=6.478e-01  dt=4.159e-03
15:49:06.919 [ INFO] step=  7912  t=32.90077  ResidMax=8.213e-06  DilMax=6.478e-01  dt=4.159e-03
15:49:06.956 [ INFO] step=  7913  t=32.90493  ResidMax=8.190e-06  DilMax=6.478e-01  dt=4.159e-03
15:49:06.993 [ INFO] step=  7914  t=32.90909  ResidMax=8.166e-06  DilMax=6.478e-01  dt=4.159e-03
15:49:07.031 [ INFO] step=  7915  t=32.91325  ResidMax=8.143e-06  DilMax=6.478e-01  dt=4.159e-03
15:49:07.069 [ INFO] step=  7916  t=32.91741  ResidMax=8.122e-06  DilMax=6.478e-01  dt=4.159e-03
15:49:07.106 [ INFO] step=  7917  t=32.92157  ResidMax=8.100e-06  DilMax=6.478e-01  dt=4.159e-03
15:49:07.143 [ INFO] step=  7918  t=32.92572  ResidMax=8.078e-06  DilMax=6.478e-01  dt=4.159e-03
15:49:07.180 [ INFO] step=  7919  t=32.92988  ResidMax=8.056e-06  DilMax=6.478e-01  dt=4.159e-03
15:49:07.258 [ INFO] step=  7920  t=32.93404  ResidMax=8.034e-06  DilMax=6.478e-01  dt=4.159e-03
15:49:07.294 [ INFO] step=  7921  t=32.93820  ResidMax=8.011e-06  DilMax=6.478e-01  dt=4.159e-03
15:49:07.332 [ INFO] step=  7922  t=32.94236  ResidMax=7.989e-06  DilMax=6.478e-01  dt=4.159e-03
15:49:07.370 [ INFO] step=  7923  t=32.94652  ResidMax=7.966e-06  DilMax=6.478e-01  dt=4.159e-03
15:49:07.408 [ INFO] step=  7924  t=32.95068  ResidMax=7.944e-06  DilMax=6.478e-01  dt=4.159e-03
15:49:07.445 [ INFO] step=  7925  t=32.95483  ResidMax=7.921e-06  DilMax=6.478e-01  dt=4.159e-03
15:49:07.484 [ INFO] step=  7926  t=32.95899  ResidMax=7.898e-06  DilMax=6.478e-01  dt=4.159e-03
15:49:07.521 [ INFO] step=  7927  t=32.96315  ResidMax=7.875e-06  DilMax=6.478e-01  dt=4.159e-03
15:49:07.559 [ INFO] step=  7928  t=32.96731  ResidMax=7.852e-06  DilMax=6.478e-01  dt=4.159e-03
15:49:07.599 [ INFO] step=  7929  t=32.97147  ResidMax=7.829e-06  DilMax=6.478e-01  dt=4.159e-03
15:49:07.637 [ INFO] step=  7930  t=32.97563  ResidMax=7.805e-06  DilMax=6.478e-01  dt=4.159e-03
15:49:07.673 [ INFO] step=  7931  t=32.97979  ResidMax=7.783e-06  DilMax=6.478e-01  dt=4.159e-03
15:49:07.710 [ INFO] step=  7932  t=32.98394  ResidMax=7.762e-06  DilMax=6.478e-01  dt=4.159e-03
15:49:07.748 [ INFO] step=  7933  t=32.98810  ResidMax=7.741e-06  DilMax=6.478e-01  dt=4.159e-03
15:49:07.785 [ INFO] step=  7934  t=32.99226  ResidMax=7.719e-06  DilMax=6.478e-01  dt=4.159e-03
15:49:07.822 [ INFO] step=  7935  t=32.99642  ResidMax=7.698e-06  DilMax=6.478e-01  dt=4.159e-03
15:49:07.860 [ INFO] step=  7936  t=33.00058  ResidMax=7.677e-06  DilMax=6.478e-01  dt=4.159e-03
15:49:07.898 [ INFO] step=  7937  t=33.00474  ResidMax=7.655e-06  DilMax=6.478e-01  dt=4.159e-03
15:49:07.935 [ INFO] step=  7938  t=33.00890  ResidMax=7.633e-06  DilMax=6.478e-01  dt=4.159e-03
15:49:07.972 [ INFO] step=  7939  t=33.01306  ResidMax=7.612e-06  DilMax=6.478e-01  dt=4.159e-03
15:49:08.010 [ INFO] step=  7940  t=33.01721  ResidMax=7.590e-06  DilMax=6.478e-01  dt=4.159e-03
15:49:08.048 [ INFO] step=  7941  t=33.02137  ResidMax=7.568e-06  DilMax=6.478e-01  dt=4.159e-03
15:49:08.085 [ INFO] step=  7942  t=33.02553  ResidMax=7.546e-06  DilMax=6.478e-01  dt=4.159e-03
15:49:08.121 [ INFO] step=  7943  t=33.02969  ResidMax=7.523e-06  DilMax=6.478e-01  dt=4.159e-03
15:49:08.159 [ INFO] step=  7944  t=33.03385  ResidMax=7.501e-06  DilMax=6.478e-01  dt=4.159e-03
15:49:08.197 [ INFO] step=  7945  t=33.03801  ResidMax=7.479e-06  DilMax=6.478e-01  dt=4.159e-03
15:49:08.234 [ INFO] step=  7946  t=33.04217  ResidMax=7.463e-06  DilMax=6.478e-01  dt=4.159e-03
15:49:08.271 [ INFO] step=  7947  t=33.04632  ResidMax=7.452e-06  DilMax=6.478e-01  dt=4.159e-03
15:49:08.308 [ INFO] step=  7948  t=33.05048  ResidMax=7.441e-06  DilMax=6.478e-01  dt=4.159e-03
15:49:08.346 [ INFO] step=  7949  t=33.05464  ResidMax=7.431e-06  DilMax=6.478e-01  dt=4.159e-03
15:49:08.383 [ INFO] step=  7950  t=33.05880  ResidMax=7.421e-06  DilMax=6.478e-01  dt=4.159e-03
15:49:08.421 [ INFO] step=  7951  t=33.06296  ResidMax=7.410e-06  DilMax=6.478e-01  dt=4.159e-03
15:49:08.458 [ INFO] step=  7952  t=33.06712  ResidMax=7.400e-06  DilMax=6.478e-01  dt=4.159e-03
15:49:08.494 [ INFO] step=  7953  t=33.07128  ResidMax=7.389e-06  DilMax=6.478e-01  dt=4.159e-03
15:49:08.531 [ INFO] step=  7954  t=33.07544  ResidMax=7.379e-06  DilMax=6.478e-01  dt=4.159e-03
15:49:08.569 [ INFO] step=  7955  t=33.07959  ResidMax=7.368e-06  DilMax=6.478e-01  dt=4.159e-03
15:49:08.605 [ INFO] step=  7956  t=33.08375  ResidMax=7.357e-06  DilMax=6.478e-01  dt=4.159e-03
15:49:08.643 [ INFO] step=  7957  t=33.08791  ResidMax=7.347e-06  DilMax=6.478e-01  dt=4.159e-03
15:49:08.680 [ INFO] step=  7958  t=33.09207  ResidMax=7.337e-06  DilMax=6.478e-01  dt=4.159e-03
15:49:08.718 [ INFO] step=  7959  t=33.09623  ResidMax=7.326e-06  DilMax=6.478e-01  dt=4.159e-03
15:49:08.754 [ INFO] step=  7960  t=33.10039  ResidMax=7.316e-06  DilMax=6.478e-01  dt=4.159e-03
15:49:08.791 [ INFO] step=  7961  t=33.10455  ResidMax=7.306e-06  DilMax=6.478e-01  dt=4.159e-03
15:49:08.829 [ INFO] step=  7962  t=33.10870  ResidMax=7.295e-06  DilMax=6.478e-01  dt=4.159e-03
15:49:08.866 [ INFO] step=  7963  t=33.11286  ResidMax=7.285e-06  DilMax=6.478e-01  dt=4.159e-03
15:49:08.903 [ INFO] step=  7964  t=33.11702  ResidMax=7.274e-06  DilMax=6.478e-01  dt=4.159e-03
15:49:08.941 [ INFO] step=  7965  t=33.12118  ResidMax=7.263e-06  DilMax=6.478e-01  dt=4.159e-03
15:49:08.978 [ INFO] step=  7966  t=33.12534  ResidMax=7.253e-06  DilMax=6.478e-01  dt=4.159e-03
15:49:09.015 [ INFO] step=  7967  t=33.12950  ResidMax=7.243e-06  DilMax=6.478e-01  dt=4.159e-03
15:49:09.052 [ INFO] step=  7968  t=33.13366  ResidMax=7.233e-06  DilMax=6.478e-01  dt=4.159e-03
15:49:09.089 [ INFO] step=  7969  t=33.13782  ResidMax=7.223e-06  DilMax=6.478e-01  dt=4.159e-03
15:49:09.126 [ INFO] step=  7970  t=33.14197  ResidMax=7.212e-06  DilMax=6.478e-01  dt=4.159e-03
15:49:09.163 [ INFO] step=  7971  t=33.14613  ResidMax=7.202e-06  DilMax=6.478e-01  dt=4.159e-03
15:49:09.201 [ INFO] step=  7972  t=33.15029  ResidMax=7.191e-06  DilMax=6.478e-01  dt=4.159e-03
15:49:09.238 [ INFO] step=  7973  t=33.15445  ResidMax=7.181e-06  DilMax=6.478e-01  dt=4.159e-03
15:49:09.275 [ INFO] step=  7974  t=33.15861  ResidMax=7.170e-06  DilMax=6.478e-01  dt=4.159e-03
15:49:09.313 [ INFO] step=  7975  t=33.16277  ResidMax=7.160e-06  DilMax=6.478e-01  dt=4.159e-03
15:49:09.351 [ INFO] step=  7976  t=33.16693  ResidMax=7.150e-06  DilMax=6.478e-01  dt=4.159e-03
15:49:09.387 [ INFO] step=  7977  t=33.17108  ResidMax=7.140e-06  DilMax=6.478e-01  dt=4.159e-03
15:49:09.425 [ INFO] step=  7978  t=33.17524  ResidMax=7.130e-06  DilMax=6.478e-01  dt=4.159e-03
15:49:09.461 [ INFO] step=  7979  t=33.17940  ResidMax=7.120e-06  DilMax=6.478e-01  dt=4.159e-03
15:49:09.498 [ INFO] step=  7980  t=33.18356  ResidMax=7.109e-06  DilMax=6.478e-01  dt=4.159e-03
15:49:09.535 [ INFO] step=  7981  t=33.18772  ResidMax=7.099e-06  DilMax=6.478e-01  dt=4.159e-03
15:49:09.573 [ INFO] step=  7982  t=33.19188  ResidMax=7.088e-06  DilMax=6.478e-01  dt=4.159e-03
15:49:09.609 [ INFO] step=  7983  t=33.19604  ResidMax=7.078e-06  DilMax=6.478e-01  dt=4.159e-03
15:49:09.646 [ INFO] step=  7984  t=33.20020  ResidMax=7.069e-06  DilMax=6.478e-01  dt=4.159e-03
15:49:09.684 [ INFO] step=  7985  t=33.20435  ResidMax=7.059e-06  DilMax=6.478e-01  dt=4.159e-03
15:49:09.724 [ INFO] step=  7986  t=33.20851  ResidMax=7.049e-06  DilMax=6.478e-01  dt=4.159e-03
15:49:09.762 [ INFO] step=  7987  t=33.21267  ResidMax=7.039e-06  DilMax=6.478e-01  dt=4.159e-03
15:49:09.803 [ INFO] step=  7988  t=33.21683  ResidMax=7.028e-06  DilMax=6.478e-01  dt=4.159e-03
15:49:09.841 [ INFO] step=  7989  t=33.22099  ResidMax=7.018e-06  DilMax=6.478e-01  dt=4.159e-03
15:49:09.878 [ INFO] step=  7990  t=33.22515  ResidMax=7.007e-06  DilMax=6.478e-01  dt=4.159e-03
15:49:09.916 [ INFO] step=  7991  t=33.22931  ResidMax=6.997e-06  DilMax=6.478e-01  dt=4.159e-03
15:49:09.954 [ INFO] step=  7992  t=33.23346  ResidMax=6.987e-06  DilMax=6.478e-01  dt=4.159e-03
15:49:09.991 [ INFO] step=  7993  t=33.23762  ResidMax=6.978e-06  DilMax=6.478e-01  dt=4.159e-03
15:49:10.029 [ INFO] step=  7994  t=33.24178  ResidMax=6.968e-06  DilMax=6.478e-01  dt=4.159e-03
15:49:10.066 [ INFO] step=  7995  t=33.24594  ResidMax=6.958e-06  DilMax=6.478e-01  dt=4.159e-03
15:49:10.104 [ INFO] step=  7996  t=33.25010  ResidMax=6.948e-06  DilMax=6.478e-01  dt=4.159e-03
15:49:10.142 [ INFO] step=  7997  t=33.25426  ResidMax=6.938e-06  DilMax=6.478e-01  dt=4.159e-03